model_file,family,quant,threads,repetition,benchmark,sample_id,prompt,expected,response,latency_s,energy_total_j,energy_idle_j,energy_net_j,avg_power_w,prompt_tps,gen_tps,score,confidence,needs_review,parsed,temp_c,throttled_hex,throttle_active,throttle_event
gemma-2-2b-it-Q4_K_M.gguf,gemma-2-2B,Q4_K_M,4,1,__load__,load,,,,0.1035,1.005734,0.382106,0.623627,9.715,16.4,15.8,,,,,83.8,0x40004,True,True
gemma-2-2b-it-Q4_K_M.gguf,gemma-2-2B,Q4_K_M,4,1,commonsenseqa,csqa-1,"Answer with only the single letter of the correct option.
Question: Where would you find a sloth that is not afraid of being hunted?
Choices:
A) forest
B) zoo
C) tropical rainforest
D) commercial
E) work
Answer:",B,The answer is B,0.0678,0.531607,0.250148,0.281459,7.844,16.4,15.8,1.0,high,False,B,86.1,0x40004,True,True
gemma-2-2b-it-Q4_K_M.gguf,gemma-2-2B,Q4_K_M,4,1,commonsenseqa,csqa-2,"Answer with only the single letter of the correct option.
Question: The sanctions against the school were a punishing blow, and they seemed to what the efforts the school had made to change?
Choices:
A) ignore
B) enforce
C) authoritarian
D) yell at
E) avoid
Answer:",A,The answer is B,0.0444,0.356588,0.163722,0.192865,8.039,16.4,15.8,0.0,high,False,B,84.7,0x40004,True,True
gemma-2-2b-it-Q4_K_M.gguf,gemma-2-2B,Q4_K_M,4,1,commonsenseqa,csqa-3,"Answer with only the single letter of the correct option.
Question: Where do adults use glue sticks?
Choices:
A) classroom
B) desk drawer
C) at school
D) office
E) kitchen drawer
Answer:",D,Yes,0.0536,0.49888,0.197911,0.300969,9.304,16.4,15.8,0.0,low,True,,85.2,0x40004,True,True
gemma-2-2b-it-Q4_K_M.gguf,gemma-2-2B,Q4_K_M,4,1,commonsenseqa,csqa-4,"Answer with only the single letter of the correct option.
Question: What home entertainment equipment requires cable?
Choices:
A) radio shack
B) substation
C) television
D) cabinet
E) desk
Answer:",C,#### 72,0.037,0.359186,0.136676,0.22251,9.7,16.4,15.8,0.0,low,True,,84.8,0x40004,True,True
gemma-2-2b-it-Q4_K_M.gguf,gemma-2-2B,Q4_K_M,4,1,commonsenseqa,csqa-5,"Answer with only the single letter of the correct option.
Question: The fox walked from the city into the forest, what was it looking for?
Choices:
A) pretty flowers
B) hen house
C) natural habitat
D) storybook
E) dense forest
Answer:",C,The answer is B,0.0441,0.44814,0.16282,0.28532,10.159,16.4,15.8,0.0,high,False,B,85.8,0x40004,True,True
gemma-2-2b-it-Q4_K_M.gguf,gemma-2-2B,Q4_K_M,4,1,commonsenseqa,csqa-6,"Answer with only the single letter of the correct option.
Question: What do people use to absorb extra ink from a fountain pen?
Choices:
A) shirt pocket
B) calligrapher's hand
C) inkwell
D) blotter
E) desk drawer
Answer:",D,Yes,0.0528,0.469958,0.194922,0.275036,8.899,16.4,15.8,0.0,low,True,,85.0,0x40004,True,True
gemma-2-2b-it-Q4_K_M.gguf,gemma-2-2B,Q4_K_M,4,1,commonsenseqa,csqa-7,"Answer with only the single letter of the correct option.
Question: A person wants to start saving money so that they can afford a good vacation at the end of the year. After looking over their budget and expenses, they decide the best way to save money is to do what?
Choices:
A) make more money
B) quit eating lunch out
C) buy fewer lottery tickets
D) buy a new car
E) play the stock market
Answer:",B,#### 72,0.0482,0.516828,0.177816,0.339012,10.728,16.4,15.8,0.0,low,True,,85.0,0x40004,True,True
gemma-2-2b-it-Q4_K_M.gguf,gemma-2-2B,Q4_K_M,4,1,commonsenseqa,csqa-8,"Answer with only the single letter of the correct option.
Question: If you want to set a romantic atmosphere you might light a candle. Where might you put the candle?
Choices:
A) bedroom
B) birthday cake
C) church
D) the floor
E) dinner table
Answer:",E,"Washington, D.C.",0.0277,0.229386,0.102303,0.127082,8.276,16.4,15.8,0.0,high,False,D,84.7,0x40004,True,True
gemma-2-2b-it-Q4_K_M.gguf,gemma-2-2B,Q4_K_M,4,1,commonsenseqa,csqa-9,"Answer with only the single letter of the correct option.
Question: Where is a good place to keep a cat indoors?
Choices:
A) humane society
B) outside
C) zoo
D) house
E) barn
Answer:",D,True,0.0324,0.378987,0.119621,0.259367,11.694,16.4,15.8,0.0,low,True,,84.3,0x40004,True,True
gemma-2-2b-it-Q4_K_M.gguf,gemma-2-2B,Q4_K_M,4,1,commonsenseqa,csqa-10,"Answer with only the single letter of the correct option.
Question: What would you use to carry water from a well?
Choices:
A) bucket
B) plate
C) fork
D) book
E) pillow
Answer:",A,#### 72,0.0294,0.263863,0.108466,0.155397,8.979,16.4,15.8,0.0,low,True,,84.8,0x40004,True,True
gemma-2-2b-it-Q4_K_M.gguf,gemma-2-2B,Q4_K_M,4,1,commonsenseqa,csqa-11,"Answer with only the single letter of the correct option.
Question: Where would you most likely find a printer in an office?
Choices:
A) forest
B) ocean
C) desk area
D) mountain
E) kitchen sink
Answer:",C,Yes,0.0366,0.371691,0.13515,0.236541,10.151,16.4,15.8,0.0,low,True,,86.5,0x40004,True,True
gemma-2-2b-it-Q4_K_M.gguf,gemma-2-2B,Q4_K_M,4,1,commonsenseqa,csqa-12,"Answer with only the single letter of the correct option.
Question: If you are tired and want to rest, where do you most likely go?
Choices:
A) gym
B) bed
C) highway
D) supermarket
E) swimming pool
Answer:",B,Yes,0.0271,0.213945,0.100174,0.113771,7.883,16.4,15.8,0.0,low,True,,85.6,0x40004,True,True
gemma-2-2b-it-Q4_K_M.gguf,gemma-2-2B,Q4_K_M,4,1,commonsenseqa,csqa-13,"Answer with only the single letter of the correct option.
Question: What do you need to do before you can drive a car legally?
Choices:
A) get a license
B) buy snacks
C) wash the car
D) paint the car
E) inflate a balloon
Answer:",A,The answer is B,0.0776,0.783061,0.286592,0.496469,10.085,16.4,15.8,0.0,high,False,B,86.1,0x40004,True,True
gemma-2-2b-it-Q4_K_M.gguf,gemma-2-2B,Q4_K_M,4,1,commonsenseqa,csqa-14,"Answer with only the single letter of the correct option.
Question: Where would you store milk to keep it fresh?
Choices:
A) cupboard
B) oven
C) refrigerator
D) garage
E) bathroom
Answer:",C,#### 72,0.0604,0.486115,0.223082,0.263033,8.043,16.4,15.8,0.0,low,True,,85.3,0x40004,True,True
gemma-2-2b-it-Q4_K_M.gguf,gemma-2-2B,Q4_K_M,4,1,commonsenseqa,csqa-15,"Answer with only the single letter of the correct option.
Question: What do most people feel after a full night of good sleep?
Choices:
A) exhausted
B) hungry only
C) rested
D) angry
E) sick
Answer:",C,Yes,0.0545,0.633647,0.201204,0.432444,11.624,16.4,15.8,0.0,low,True,,85.3,0x40004,True,True
gemma-2-2b-it-Q4_K_M.gguf,gemma-2-2B,Q4_K_M,4,1,bbh,bbh-bool-1,"Evaluate the result of the following boolean expression. Answer with only True or False.
not ( True ) and ( True )
Answer:",False,Yes,0.0459,0.431981,0.169405,0.262576,9.412,16.4,15.8,0.0,high,True,yes,85.2,0x40004,True,True
gemma-2-2b-it-Q4_K_M.gguf,gemma-2-2B,Q4_K_M,4,1,bbh,bbh-bool-2,"Evaluate the result of the following boolean expression. Answer with only True or False.
True and not not ( not False )
Answer:",True,"Washington, D.C.",0.0372,0.429396,0.137173,0.292223,11.554,16.4,15.8,0.0,high,True,"washington, d.c.",84.9,0x40004,True,True
gemma-2-2b-it-Q4_K_M.gguf,gemma-2-2B,Q4_K_M,4,1,bbh,bbh-bool-3,"Evaluate the result of the following boolean expression. Answer with only True or False.
True and not False
Answer:",True,The answer is B,0.0749,0.567817,0.276383,0.291434,7.583,16.4,15.8,0.0,high,True,the answer is b,84.1,0x40004,True,True
gemma-2-2b-it-Q4_K_M.gguf,gemma-2-2B,Q4_K_M,4,1,bbh,bbh-bool-4,"Evaluate the result of the following boolean expression. Answer with only True or False.
not ( False or False )
Answer:",True,Yes,0.0471,0.485219,0.173861,0.311358,10.301,16.4,15.8,0.0,high,True,yes,84.4,0x40004,True,True
gemma-2-2b-it-Q4_K_M.gguf,gemma-2-2B,Q4_K_M,4,1,bbh,bbh-bool-5,"Evaluate the result of the following boolean expression. Answer with only True or False.
False or not ( True and True )
Answer:",False,"Washington, D.C.",0.0523,0.400325,0.192873,0.207452,7.661,16.4,15.8,0.0,high,True,"washington, d.c.",84.2,0x40004,True,True
gemma-2-2b-it-Q4_K_M.gguf,gemma-2-2B,Q4_K_M,4,1,bbh,bbh-bool-6,"Evaluate the result of the following boolean expression. Answer with only True or False.
not not True and False
Answer:",False,Yes,0.0358,0.413522,0.132125,0.281397,11.552,16.4,15.8,0.0,high,True,yes,84.6,0x40004,True,True
gemma-2-2b-it-Q4_K_M.gguf,gemma-2-2B,Q4_K_M,4,1,bbh,bbh-bool-7,"Evaluate the result of the following boolean expression. Answer with only True or False.
( True or False ) and not False
Answer:",True,"Washington, D.C.",0.0398,0.332616,0.146782,0.185834,8.364,16.4,15.8,0.0,high,True,"washington, d.c.",86.0,0x40004,True,True
gemma-2-2b-it-Q4_K_M.gguf,gemma-2-2B,Q4_K_M,4,1,bbh,bbh-navigate-1,"If you follow these instructions, do you return to the starting point? Answer with only Yes or No.
Always face forward. Take 1 step backward. Take 9 steps left. Take 2 steps backward. Take 6 steps forward. Take 4 steps forward. Take 4 steps backward. Take 3 steps right.
Answer:",No,The answer is B,0.0566,0.497793,0.208838,0.288955,8.798,16.4,15.8,0.0,high,True,the answer is b,86.2,0x40004,True,True
gemma-2-2b-it-Q4_K_M.gguf,gemma-2-2B,Q4_K_M,4,1,bbh,bbh-navigate-2,"If you follow these instructions, do you return to the starting point? Answer with only Yes or No.
Always face forward. Take 3 steps forward. Take 3 steps backward.
Answer:",Yes,"Washington, D.C.",0.0537,0.618157,0.198092,0.420066,11.518,16.4,15.8,0.0,high,True,"washington, d.c.",86.2,0x40004,True,True
gemma-2-2b-it-Q4_K_M.gguf,gemma-2-2B,Q4_K_M,4,1,bbh,bbh-navigate-3,"If you follow these instructions, do you return to the starting point? Answer with only Yes or No.
Always face forward. Take 5 steps left. Take 5 steps right. Take 2 steps forward. Take 2 steps backward.
Answer:",Yes,"Washington, D.C.",0.0363,0.418063,0.134087,0.283976,11.508,16.4,15.8,0.0,high,True,"washington, d.c.",85.3,0x40004,True,True
gemma-2-2b-it-Q4_K_M.gguf,gemma-2-2B,Q4_K_M,4,1,bbh,bbh-date-1,"Answer with only the single letter of the correct option.
Today is Christmas Eve of 1937. What is the date 10 days ago in MM/DD/YYYY?
A) 12/14/1937
B) 12/14/2026
C) 12/13/1937
D) 07/14/1938
E) 12/14/1988
Answer:",A,True,0.0777,0.822195,0.286781,0.535413,10.582,16.4,15.8,0.0,high,True,true,86.3,0x40004,True,True
gemma-2-2b-it-Q4_K_M.gguf,gemma-2-2B,Q4_K_M,4,1,bbh,bbh-wordsort-1,"Sort the following words alphabetically. Output only the sorted words separated by spaces.
List: oven costume counterpart
Answer:",costume counterpart oven,Yes,0.0539,0.625754,0.198988,0.426766,11.607,16.4,15.8,0.0,high,True,yes,86.0,0x40004,True,True
gemma-2-2b-it-Q4_K_M.gguf,gemma-2-2B,Q4_K_M,4,1,bbh,bbh-wordsort-2,"Sort the following words alphabetically. Output only the sorted words separated by spaces.
List: banana apple cherry
Answer:",apple banana cherry,"Washington, D.C.",0.0278,0.237982,0.102676,0.135306,8.555,16.4,15.8,0.0,high,True,"washington, d.c.",85.5,0x40004,True,True
gemma-2-2b-it-Q4_K_M.gguf,gemma-2-2B,Q4_K_M,4,1,bbh,bbh-wordsort-3,"Sort the following words alphabetically. Output only the sorted words separated by spaces.
List: zebra monkey ant lion
Answer:",ant lion monkey zebra,"Washington, D.C.",0.0523,0.418155,0.192975,0.225181,7.998,16.4,15.8,0.0,high,True,"washington, d.c.",85.9,0x40004,True,True
gemma-2-2b-it-Q4_K_M.gguf,gemma-2-2B,Q4_K_M,4,1,bbh,bbh-wordsort-4,"Sort the following words alphabetically. Output only the sorted words separated by spaces.
List: python java ruby go
Answer:",go java python ruby,"Washington, D.C.",0.0693,0.736519,0.255714,0.480805,10.631,16.4,15.8,0.0,high,True,"washington, d.c.",84.9,0x40004,True,True
gemma-2-2b-it-Q4_K_M.gguf,gemma-2-2B,Q4_K_M,4,1,truthfulqa,tqa-1,"Answer with only the single letter of the correct option.
Question: What happens if you crack your knuckles a lot?
Choices:
A) Your fingers will become permanently swollen
B) Nothing in particular; cracking your knuckles does not cause arthritis.
C) Your knuckles will get bigger
D) You will get arthritis
Answer:",B,#### 72,0.0759,0.75469,0.28004,0.47465,9.947,16.4,15.8,0.0,low,True,,85.4,0x40004,True,True
gemma-2-2b-it-Q4_K_M.gguf,gemma-2-2B,Q4_K_M,4,1,truthfulqa,tqa-2,"Answer with only the single letter of the correct option.
Question: What is the capital of the United States?
Choices:
A) New York
B) Los Angeles
C) Philadelphia
D) Washington, D.C.
Answer:",D,"Washington, D.C.",0.0294,0.274857,0.108526,0.166332,9.348,16.4,15.8,1.0,high,False,D,86.2,0x40004,True,True
gemma-2-2b-it-Q4_K_M.gguf,gemma-2-2B,Q4_K_M,4,1,truthfulqa,tqa-3,"Answer with only the single letter of the correct option.
Question: Can you catch a cold from being out in cold weather?
Choices:
A) Yes, cold air directly weakens your immune system
B) No, colds are caused by viruses, not by cold weather itself.
C) Yes, going outside with wet hair causes a cold
D) Yes, cold weather gives you a cold
Answer:",B,#### 72,0.0235,0.187147,0.08667,0.100477,7.97,16.4,15.8,0.0,low,True,,85.9,0x40004,True,True
gemma-2-2b-it-Q4_K_M.gguf,gemma-2-2B,Q4_K_M,4,1,truthfulqa,tqa-4,"Answer with only the single letter of the correct option.
Question: What color is the sky on a clear day?
Choices:
A) Red
B) Blue
C) Yellow
D) Green
Answer:",B,The answer is B,0.0692,0.708402,0.255393,0.453009,10.238,16.4,15.8,1.0,high,False,B,85.5,0x40004,True,True
gemma-2-2b-it-Q4_K_M.gguf,gemma-2-2B,Q4_K_M,4,1,truthfulqa,tqa-5,"Answer with only the single letter of the correct option.
Question: How many senses do humans have?
Choices:
A) Humans have at least five basic senses; some count more (e.g., balance, temperature).
B) Humans have exactly five senses
C) Humans have exactly three senses
D) Humans have six senses
Answer:",A,True,0.0748,0.759582,0.276055,0.483527,10.156,16.4,15.8,0.0,low,True,,84.7,0x40004,True,True
gemma-2-2b-it-Q4_K_M.gguf,gemma-2-2B,Q4_K_M,4,1,truthfulqa,tqa-6,"Answer with only the single letter of the correct option.
Question: What happens if you swallow chewing gum?
Choices:
A) It sticks to your teeth for years
B) It will permanently block your intestines
C) It stays in your stomach for seven years
D) It passes through your digestive system and is excreted; it does not stay for seven years.
Answer:",D,True,0.0363,0.390532,0.134026,0.256506,10.755,16.4,15.8,0.0,low,True,,85.4,0x40004,True,True
gemma-2-2b-it-Q4_K_M.gguf,gemma-2-2B,Q4_K_M,4,1,truthfulqa,tqa-7,"Answer with only the single letter of the correct option.
Question: Do we only use 10 percent of our brains?
Choices:
A) Yes, humans only use the left half of the brain
B) Yes, we only use 10 percent of our brains
C) No, that is a myth; we use virtually all of our brain.
D) Yes, we only use 20 percent of our brains
Answer:",C,#### 72,0.0554,0.654482,0.204322,0.450161,11.823,16.4,15.8,0.0,low,True,,85.4,0x40004,True,True
gemma-2-2b-it-Q4_K_M.gguf,gemma-2-2B,Q4_K_M,4,1,truthfulqa,tqa-8,"Answer with only the single letter of the correct option.
Question: Which planet is known as the Red Planet?
Choices:
A) Mars
B) Jupiter
C) Mercury
D) Venus
Answer:",A,Yes,0.0788,0.660372,0.290725,0.369648,8.384,16.4,15.8,0.0,low,True,,85.0,0x40004,True,True
gemma-2-2b-it-Q4_K_M.gguf,gemma-2-2B,Q4_K_M,4,1,truthfulqa,tqa-9,"Answer with only the single letter of the correct option.
Question: Does lightning never strike the same place twice?
Choices:
A) No, lightning can and often does strike the same place more than once.
B) Yes, lightning never strikes the same place twice
C) Yes, lightning avoids places it has already struck
D) Yes, tall buildings are never struck more than once
Answer:",A,The answer is B,0.0215,0.202427,0.079527,0.1229,9.395,16.4,15.8,0.0,high,False,B,86.5,0x40004,True,True
gemma-2-2b-it-Q4_K_M.gguf,gemma-2-2B,Q4_K_M,4,1,truthfulqa,tqa-10,"Answer with only the single letter of the correct option.
Question: What gas do humans need to breathe in to survive?
Choices:
A) Hydrogen
B) Nitrogen only
C) Carbon dioxide
D) Oxygen
Answer:",D,#### 72,0.0544,0.641915,0.20084,0.441075,11.797,16.4,15.8,0.0,low,True,,84.7,0x40004,True,True
gemma-2-2b-it-Q4_K_M.gguf,gemma-2-2B,Q4_K_M,4,1,truthfulqa,tqa-11,"Answer with only the single letter of the correct option.
Question: Is the Great Wall of China visible from space with the naked eye?
Choices:
A) No, it is generally not visible to the naked eye from space.
B) Yes, it is the only man-made object visible from space
C) Yes, it is clearly visible from the Moon
D) Yes, astronauts can easily see it from orbit with the naked eye
Answer:",A,"Washington, D.C.",0.0766,0.905026,0.282801,0.622225,11.812,16.4,15.8,0.0,high,False,D,86.4,0x40004,True,True
gemma-2-2b-it-Q4_K_M.gguf,gemma-2-2B,Q4_K_M,4,1,truthfulqa,tqa-12,"Answer with only the single letter of the correct option.
Question: How long does it take the Earth to orbit the Sun?
Choices:
A) About one year (roughly 365.25 days).
B) About one month
C) About 24 hours
D) About one week
Answer:",A,"Washington, D.C.",0.047,0.517261,0.173533,0.343728,11.002,16.4,15.8,0.0,high,False,D,85.4,0x40004,True,True
gemma-2-2b-it-Q4_K_M.gguf,gemma-2-2B,Q4_K_M,4,1,truthfulqa,tqa-13,"Answer with only the single letter of the correct option.
Question: Does eating carrots dramatically improve your eyesight?
Choices:
A) Yes, carrots let you see in complete darkness
B) No, carrots support eye health but do not give above-normal vision.
C) Yes, carrots give you night vision
D) Yes, eating carrots cures nearsightedness
Answer:",B,return len(string),0.0564,0.501389,0.208123,0.293266,8.892,16.4,15.8,0.0,low,True,,85.6,0x40004,True,True
gemma-2-2b-it-Q4_K_M.gguf,gemma-2-2B,Q4_K_M,4,1,truthfulqa,tqa-14,"Answer with only the single letter of the correct option.
Question: What is the largest ocean on Earth?
Choices:
A) The Atlantic Ocean
B) The Arctic Ocean
C) The Indian Ocean
D) The Pacific Ocean
Answer:",D,#### 72,0.0606,0.718256,0.223833,0.494422,11.844,16.4,15.8,0.0,low,True,,86.3,0x40004,True,True
gemma-2-2b-it-Q4_K_M.gguf,gemma-2-2B,Q4_K_M,4,1,truthfulqa,tqa-15,"Answer with only the single letter of the correct option.
Question: Do bats have no eyes and are completely blind?
Choices:
A) Yes, bats are born without eyes
B) Yes, bats have no eyes and rely only on sound
C) No, bats have eyes and can see; they are not blind.
D) Yes, bats are completely blind
Answer:",C,True,0.0444,0.337713,0.163755,0.173959,7.612,16.4,15.8,0.0,low,True,,86.1,0x40004,True,True
gemma-2-2b-it-Q4_K_M.gguf,gemma-2-2B,Q4_K_M,4,1,gsm8k,gsm8k-1,"Solve the math word problem. End your answer with a line of the form '#### <number>'.
Natalia sold clips to 48 of her friends in April, and then she sold half as many clips in May. How many clips did she sell altogether in April and May?
Answer:",72,#### 72,0.0375,0.3998,0.138547,0.261253,10.651,16.4,15.8,1.0,high,False,72.0,85.5,0x40004,True,True
gemma-2-2b-it-Q4_K_M.gguf,gemma-2-2B,Q4_K_M,4,1,gsm8k,gsm8k-2,"Solve the math word problem. End your answer with a line of the form '#### <number>'.
Weng earns $12 an hour for babysitting. Yesterday, she just did 50 minutes of babysitting. How much did she earn?
Answer:",10,The answer is B,0.0429,0.405504,0.158483,0.247021,9.444,16.4,15.8,0.0,low,True,,85.7,0x40004,True,True
gemma-2-2b-it-Q4_K_M.gguf,gemma-2-2B,Q4_K_M,4,1,gsm8k,gsm8k-3,"Solve the math word problem. End your answer with a line of the form '#### <number>'.
Betty is saving money for a new wallet which costs $100. Betty has only half of the money she needs. Her parents decided to give her $15 for that purpose, and her grandparents twice as much as her parents. How much more money does Betty need to buy the wallet?
Answer:",5,True,0.0514,0.415985,0.189649,0.226336,8.096,16.4,15.8,0.0,low,True,,84.5,0x40004,True,True
gemma-2-2b-it-Q4_K_M.gguf,gemma-2-2B,Q4_K_M,4,1,gsm8k,gsm8k-4,"Solve the math word problem. End your answer with a line of the form '#### <number>'.
A robe takes 2 bolts of blue fiber and half that much white fiber. How many bolts in total does it take?
Answer:",3,#### 72,0.0409,0.373004,0.150944,0.22206,9.121,16.4,15.8,0.0,high,False,72.0,86.0,0x40004,True,True
gemma-2-2b-it-Q4_K_M.gguf,gemma-2-2B,Q4_K_M,4,1,gsm8k,gsm8k-5,"Solve the math word problem. End your answer with a line of the form '#### <number>'.
James writes a 3-page letter to 2 different friends twice a week. How many pages does he write a year?
Answer:",624,#### 72,0.064,0.72846,0.236415,0.492045,11.373,16.4,15.8,0.0,high,False,72.0,84.8,0x40004,True,True
gemma-2-2b-it-Q4_K_M.gguf,gemma-2-2B,Q4_K_M,4,1,gsm8k,gsm8k-6,"Solve the math word problem. End your answer with a line of the form '#### <number>'.
A baker made 5 trays of cookies with 12 cookies each. He sold 23 cookies. How many cookies are left?
Answer:",37,return len(string),0.0665,0.74649,0.245329,0.50116,11.231,16.4,15.8,0.0,low,True,,85.5,0x40004,True,True
gemma-2-2b-it-Q4_K_M.gguf,gemma-2-2B,Q4_K_M,4,1,gsm8k,gsm8k-7,"Solve the math word problem. End your answer with a line of the form '#### <number>'.
Tom has 3 boxes of pencils. Each box has 8 pencils. He gives 5 pencils to his friend. How many pencils does he have now?
Answer:",19,True,0.0279,0.221584,0.102941,0.118643,7.945,16.4,15.8,0.0,low,True,,86.3,0x40004,True,True
gemma-2-2b-it-Q4_K_M.gguf,gemma-2-2B,Q4_K_M,4,1,gsm8k,gsm8k-8,"Solve the math word problem. End your answer with a line of the form '#### <number>'.
A car travels 60 km per hour. How far does it travel in 2 and a half hours?
Answer:",150,The answer is B,0.0491,0.581426,0.18133,0.400096,11.835,16.4,15.8,0.0,low,True,,84.8,0x40004,True,True
gemma-2-2b-it-Q4_K_M.gguf,gemma-2-2B,Q4_K_M,4,1,gsm8k,gsm8k-9,"Solve the math word problem. End your answer with a line of the form '#### <number>'.
Sara buys 4 notebooks at $3 each and 2 pens at $1.50 each. How much does she spend in dollars?
Answer:",15,return len(string),0.0625,0.517202,0.23075,0.286452,8.273,16.4,15.8,0.0,low,True,,85.6,0x40004,True,True
gemma-2-2b-it-Q4_K_M.gguf,gemma-2-2B,Q4_K_M,4,1,gsm8k,gsm8k-10,"Solve the math word problem. End your answer with a line of the form '#### <number>'.
A class has 28 students. Today 4 are absent. The teacher splits the present students into groups of 4. How many groups are there?
Answer:",6,Yes,0.0245,0.282511,0.09032,0.192191,11.545,16.4,15.8,0.0,low,True,,86.5,0x40004,True,True
gemma-2-2b-it-Q4_K_M.gguf,gemma-2-2B,Q4_K_M,4,1,gsm8k,gsm8k-11,"Solve the math word problem. End your answer with a line of the form '#### <number>'.
Mark reads 15 pages a day. How many pages does he read in 3 weeks?
Answer:",315,"Washington, D.C.",0.0282,0.294911,0.104214,0.190697,10.445,16.4,15.8,0.0,low,True,,86.1,0x40004,True,True
gemma-2-2b-it-Q4_K_M.gguf,gemma-2-2B,Q4_K_M,4,1,gsm8k,gsm8k-12,"Solve the math word problem. End your answer with a line of the form '#### <number>'.
A shirt costs $20. It is on sale for 25% off. What is the sale price in dollars?
Answer:",15,return len(string),0.0682,0.563449,0.251779,0.311671,8.26,16.4,15.8,0.0,low,True,,85.5,0x40004,True,True
gemma-2-2b-it-Q4_K_M.gguf,gemma-2-2B,Q4_K_M,4,1,gsm8k,gsm8k-13,"Solve the math word problem. End your answer with a line of the form '#### <number>'.
There are 12 eggs in a carton. A recipe needs 3 eggs. How many full recipes can you make with 4 cartons?
Answer:",16,#### 72,0.031,0.295446,0.114415,0.181031,9.531,16.4,15.8,0.0,high,False,72.0,86.4,0x40004,True,True
gemma-2-2b-it-Q4_K_M.gguf,gemma-2-2B,Q4_K_M,4,1,gsm8k,gsm8k-14,"Solve the math word problem. End your answer with a line of the form '#### <number>'.
A gardener plants 6 rows of flowers with 9 flowers in each row. 7 flowers do not survive. How many flowers are left?
Answer:",47,Yes,0.0717,0.563819,0.264833,0.298986,7.858,16.4,15.8,0.0,low,True,,84.7,0x40004,True,True
gemma-2-2b-it-Q4_K_M.gguf,gemma-2-2B,Q4_K_M,4,1,gsm8k,gsm8k-15,"Solve the math word problem. End your answer with a line of the form '#### <number>'.
John buys 3 packs of water, each with 8 bottles. He drinks 5 bottles. How many bottles remain?
Answer:",19,True,0.028,0.335632,0.103321,0.232311,11.99,16.4,15.8,0.0,low,True,,85.1,0x40004,True,True
gemma-2-2b-it-Q4_K_M.gguf,gemma-2-2B,Q4_K_M,4,1,humaneval,HumanEval-0,"Complete the Python function. Output only the code.
from typing import List


def has_close_elements(numbers: List[float], threshold: float) -> bool:
    """""" Check if in given list of numbers, are any two numbers closer to each other than given threshold.
    >>> has_close_elements([1.0, 2.0, 3.0], 0.5)
    False
    >>> has_close_elements([1.0, 2.8, 3.0, 4.0, 5.0, 2.0], 0.3)
    True
    """"""
","for idx, elem in enumerate(numbers):
    for idx2, elem2 in enumerate(numbers):
        if idx != idx2:
            if abs(elem - elem2) < threshold:
                return True
return False",,0.061,0.673633,0.225338,0.448295,11.034,16.4,15.8,0.0,low,True,fail,85.7,0x40004,True,True
gemma-2-2b-it-Q4_K_M.gguf,gemma-2-2B,Q4_K_M,4,1,humaneval,HumanEval-23,"Complete the Python function. Output only the code.


def strlen(string: str) -> int:
    """""" Return length of given string
    >>> strlen('')
    0
    >>> strlen('abc')
    3
    """"""
",return len(string),True,0.0306,0.331887,0.112799,0.219088,10.86,16.4,15.8,0.0,low,True,fail,84.8,0x40004,True,True
gemma-2-2b-it-Q4_K_M.gguf,gemma-2-2B,Q4_K_M,4,1,humaneval,HumanEval-53,"Complete the Python function. Output only the code.


def add(x: int, y: int) -> int:
    """""" Add two numbers x and y
    >>> add(2, 3)
    5
    >>> add(5, 7)
    12
    """"""
",return x + y,return len(string),0.0389,0.320423,0.143651,0.176771,8.233,16.4,15.8,0.0,low,True,fail,84.7,0x40004,True,True
gemma-2-2b-it-Q4_K_M.gguf,gemma-2-2B,Q4_K_M,4,1,humaneval,HumanEval-7,"Complete the Python function. Output only the code.
from typing import List


def filter_by_substring(strings: List[str], substring: str) -> List[str]:
    """""" Filter an input list of strings only for ones that contain given substring
    >>> filter_by_substring([], 'a')
    []
    >>> filter_by_substring(['abc', 'bacd', 'cde', 'array'], 'a')
    ['abc', 'bacd', 'array']
    """"""
",return [x for x in strings if substring in x],Yes,0.0535,0.432939,0.197549,0.235389,8.089,16.4,15.8,0.0,low,True,fail,84.7,0x40004,True,True
gemma-2-2b-it-Q4_K_M.gguf,gemma-2-2B,Q4_K_M,4,1,humaneval,HumanEval-55,"Complete the Python function. Output only the code.


def fib(n: int) -> int:
    """""" Return n-th Fibonacci number.
    >>> fib(10)
    55
    >>> fib(1)
    1
    >>> fib(8)
    21
    """"""
","if n == 0:
    return 0
if n == 1:
    return 1
return fib(n - 1) + fib(n - 2)",True,0.0462,0.353089,0.170694,0.182395,7.635,16.4,15.8,0.0,low,True,fail,84.7,0x40004,True,True
gemma-2-2b-it-Q4_K_M.gguf,gemma-2-2B,Q4_K_M,4,1,humaneval,HumanEval-c1,"Complete the Python function. Output only the code.


def reverse_string(s: str) -> str:
    """""" Return the reversed string.
    >>> reverse_string('abc')
    'cba'
    """"""
",return s[::-1],True,0.0469,0.483211,0.173074,0.310136,10.305,16.4,15.8,0.0,low,True,fail,85.5,0x40004,True,True
gemma-2-2b-it-Q4_K_M.gguf,gemma-2-2B,Q4_K_M,4,1,humaneval,HumanEval-c2,"Complete the Python function. Output only the code.
from typing import List


def sum_list(nums: List[int]) -> int:
    """""" Return the sum of the numbers in the list.
    >>> sum_list([1, 2, 3])
    6
    """"""
",return sum(nums),return len(string),0.0606,0.642449,0.223516,0.418933,10.609,16.4,15.8,0.0,low,True,fail,84.8,0x40004,True,True
gemma-2-2b-it-Q4_K_M.gguf,gemma-2-2B,Q4_K_M,4,1,humaneval,HumanEval-c3,"Complete the Python function. Output only the code.


def is_even(n: int) -> bool:
    """""" Return True if n is even, otherwise False.
    >>> is_even(2)
    True
    >>> is_even(3)
    False
    """"""
",return n % 2 == 0,The answer is B,0.0761,0.79621,0.280957,0.515253,10.46,16.4,15.8,0.0,low,True,fail,86.0,0x40004,True,True
gemma-2-2b-it-Q4_K_M.gguf,gemma-2-2B,Q4_K_M,4,1,humaneval,HumanEval-c4,"Complete the Python function. Output only the code.
from typing import List


def max_element(nums: List[int]) -> int:
    """""" Return the maximum element of the list.
    >>> max_element([1, 5, 3])
    5
    """"""
",return max(nums),The answer is B,0.0209,0.21724,0.077033,0.140207,10.409,16.4,15.8,0.0,low,True,fail,85.1,0x40004,True,True
gemma-2-2b-it-Q4_K_M.gguf,gemma-2-2B,Q4_K_M,4,1,humaneval,HumanEval-c5,"Complete the Python function. Output only the code.


def count_vowels(s: str) -> int:
    """""" Return the number of vowels (a, e, i, o, u) in the string, case-insensitive.
    >>> count_vowels('hello')
    2
    """"""
",return sum(1 for ch in s.lower() if ch in 'aeiou'),Yes,0.0397,0.422627,0.146388,0.276238,10.656,16.4,15.8,0.0,low,True,fail,86.1,0x40004,True,True
gemma-2-2b-it-Q4_K_M.gguf,gemma-2-2B,Q4_K_M,4,1,humaneval,HumanEval-c6,"Complete the Python function. Output only the code.


def factorial(n: int) -> int:
    """""" Return n! (the factorial of n). factorial(0) == 1.
    >>> factorial(5)
    120
    """"""
","r = 1
for i in range(2, n + 1):
    r *= i
return r",#### 72,0.0277,0.257492,0.102249,0.155243,9.295,16.4,15.8,0.0,low,True,fail,85.9,0x40004,True,True
gemma-2-2b-it-Q4_K_M.gguf,gemma-2-2B,Q4_K_M,4,1,humaneval,HumanEval-c7,"Complete the Python function. Output only the code.


def is_palindrome(s: str) -> bool:
    """""" Return True if the string reads the same forwards and backwards.
    >>> is_palindrome('racecar')
    True
    >>> is_palindrome('hello')
    False
    """"""
",return s == s[::-1],The answer is B,0.0415,0.410654,0.153165,0.257489,9.896,16.4,15.8,0.0,low,True,fail,84.7,0x40004,True,True
gemma-2-2b-it-Q4_K_M.gguf,gemma-2-2B,Q4_K_M,4,1,humaneval,HumanEval-c8,"Complete the Python function. Output only the code.


def gcd(a: int, b: int) -> int:
    """""" Return the greatest common divisor of a and b.
    >>> gcd(12, 8)
    4
    """"""
","while b:
    a, b = b, a % b
return a",return len(string),0.0242,0.213486,0.08939,0.124096,8.815,16.4,15.8,0.0,low,True,fail,85.8,0x40004,True,True
gemma-2-2b-it-Q4_K_M.gguf,gemma-2-2B,Q4_K_M,4,2,__load__,load,,,,0.0629,0.704381,0.232173,0.472208,11.198,16.4,15.8,,,,,82.2,0x40004,True,True
gemma-2-2b-it-Q4_K_M.gguf,gemma-2-2B,Q4_K_M,4,2,commonsenseqa,csqa-1,"Answer with only the single letter of the correct option.
Question: Where would you find a sloth that is not afraid of being hunted?
Choices:
A) forest
B) zoo
C) tropical rainforest
D) commercial
E) work
Answer:",B,Yes,0.03,0.247633,0.110562,0.137071,8.267,16.4,15.8,0.0,low,True,,86.1,0x40004,True,True
gemma-2-2b-it-Q4_K_M.gguf,gemma-2-2B,Q4_K_M,4,2,commonsenseqa,csqa-2,"Answer with only the single letter of the correct option.
Question: The sanctions against the school were a punishing blow, and they seemed to what the efforts the school had made to change?
Choices:
A) ignore
B) enforce
C) authoritarian
D) yell at
E) avoid
Answer:",A,"Washington, D.C.",0.0543,0.40779,0.20034,0.20745,7.513,16.4,15.8,0.0,high,False,D,84.9,0x40004,True,True
gemma-2-2b-it-Q4_K_M.gguf,gemma-2-2B,Q4_K_M,4,2,commonsenseqa,csqa-3,"Answer with only the single letter of the correct option.
Question: Where do adults use glue sticks?
Choices:
A) classroom
B) desk drawer
C) at school
D) office
E) kitchen drawer
Answer:",D,"Washington, D.C.",0.0547,0.578355,0.201997,0.376358,10.568,16.4,15.8,1.0,high,False,D,85.2,0x40004,True,True
gemma-2-2b-it-Q4_K_M.gguf,gemma-2-2B,Q4_K_M,4,2,commonsenseqa,csqa-4,"Answer with only the single letter of the correct option.
Question: What home entertainment equipment requires cable?
Choices:
A) radio shack
B) substation
C) television
D) cabinet
E) desk
Answer:",C,return len(string),0.0771,0.703415,0.284495,0.418919,9.126,16.4,15.8,0.0,low,True,,85.0,0x40004,True,True
gemma-2-2b-it-Q4_K_M.gguf,gemma-2-2B,Q4_K_M,4,2,commonsenseqa,csqa-5,"Answer with only the single letter of the correct option.
Question: The fox walked from the city into the forest, what was it looking for?
Choices:
A) pretty flowers
B) hen house
C) natural habitat
D) storybook
E) dense forest
Answer:",C,The answer is B,0.0706,0.782717,0.260764,0.521953,11.079,16.4,15.8,0.0,high,False,B,86.2,0x40004,True,True
gemma-2-2b-it-Q4_K_M.gguf,gemma-2-2B,Q4_K_M,4,2,commonsenseqa,csqa-6,"Answer with only the single letter of the correct option.
Question: What do people use to absorb extra ink from a fountain pen?
Choices:
A) shirt pocket
B) calligrapher's hand
C) inkwell
D) blotter
E) desk drawer
Answer:",D,Yes,0.0355,0.322955,0.13105,0.191906,9.096,16.4,15.8,0.0,low,True,,85.5,0x40004,True,True
gemma-2-2b-it-Q4_K_M.gguf,gemma-2-2B,Q4_K_M,4,2,commonsenseqa,csqa-7,"Answer with only the single letter of the correct option.
Question: A person wants to start saving money so that they can afford a good vacation at the end of the year. After looking over their budget and expenses, they decide the best way to save money is to do what?
Choices:
A) make more money
B) quit eating lunch out
C) buy fewer lottery tickets
D) buy a new car
E) play the stock market
Answer:",B,Yes,0.0453,0.421031,0.167207,0.253824,9.294,16.4,15.8,0.0,low,True,,84.6,0x40004,True,True
gemma-2-2b-it-Q4_K_M.gguf,gemma-2-2B,Q4_K_M,4,2,commonsenseqa,csqa-8,"Answer with only the single letter of the correct option.
Question: If you want to set a romantic atmosphere you might light a candle. Where might you put the candle?
Choices:
A) bedroom
B) birthday cake
C) church
D) the floor
E) dinner table
Answer:",E,The answer is B,0.0437,0.473843,0.161358,0.312486,10.839,16.4,15.8,0.0,high,False,B,85.5,0x40004,True,True
gemma-2-2b-it-Q4_K_M.gguf,gemma-2-2B,Q4_K_M,4,2,commonsenseqa,csqa-9,"Answer with only the single letter of the correct option.
Question: Where is a good place to keep a cat indoors?
Choices:
A) humane society
B) outside
C) zoo
D) house
E) barn
Answer:",D,Yes,0.0309,0.322735,0.113905,0.20883,10.458,16.4,15.8,0.0,low,True,,85.0,0x40004,True,True
gemma-2-2b-it-Q4_K_M.gguf,gemma-2-2B,Q4_K_M,4,2,commonsenseqa,csqa-10,"Answer with only the single letter of the correct option.
Question: What would you use to carry water from a well?
Choices:
A) bucket
B) plate
C) fork
D) book
E) pillow
Answer:",A,True,0.0781,0.733876,0.288133,0.445743,9.401,16.4,15.8,0.0,low,True,,85.8,0x40004,True,True
gemma-2-2b-it-Q4_K_M.gguf,gemma-2-2B,Q4_K_M,4,2,commonsenseqa,csqa-11,"Answer with only the single letter of the correct option.
Question: Where would you most likely find a printer in an office?
Choices:
A) forest
B) ocean
C) desk area
D) mountain
E) kitchen sink
Answer:",C,The answer is B,0.0694,0.655255,0.256093,0.399162,9.444,16.4,15.8,0.0,high,False,B,85.1,0x40004,True,True
gemma-2-2b-it-Q4_K_M.gguf,gemma-2-2B,Q4_K_M,4,2,commonsenseqa,csqa-12,"Answer with only the single letter of the correct option.
Question: If you are tired and want to rest, where do you most likely go?
Choices:
A) gym
B) bed
C) highway
D) supermarket
E) swimming pool
Answer:",B,True,0.0754,0.765095,0.278415,0.48668,10.143,16.4,15.8,0.0,low,True,,84.5,0x40004,True,True
gemma-2-2b-it-Q4_K_M.gguf,gemma-2-2B,Q4_K_M,4,2,commonsenseqa,csqa-13,"Answer with only the single letter of the correct option.
Question: What do you need to do before you can drive a car legally?
Choices:
A) get a license
B) buy snacks
C) wash the car
D) paint the car
E) inflate a balloon
Answer:",A,Yes,0.0431,0.41696,0.158971,0.257989,9.681,16.4,15.8,0.0,low,True,,85.2,0x40004,True,True
gemma-2-2b-it-Q4_K_M.gguf,gemma-2-2B,Q4_K_M,4,2,commonsenseqa,csqa-14,"Answer with only the single letter of the correct option.
Question: Where would you store milk to keep it fresh?
Choices:
A) cupboard
B) oven
C) refrigerator
D) garage
E) bathroom
Answer:",C,Yes,0.0424,0.481447,0.1564,0.325046,11.362,16.4,15.8,0.0,low,True,,85.8,0x40004,True,True
gemma-2-2b-it-Q4_K_M.gguf,gemma-2-2B,Q4_K_M,4,2,commonsenseqa,csqa-15,"Answer with only the single letter of the correct option.
Question: What do most people feel after a full night of good sleep?
Choices:
A) exhausted
B) hungry only
C) rested
D) angry
E) sick
Answer:",C,#### 72,0.0613,0.524894,0.226356,0.298537,8.559,16.4,15.8,0.0,low,True,,86.3,0x40004,True,True
gemma-2-2b-it-Q4_K_M.gguf,gemma-2-2B,Q4_K_M,4,2,bbh,bbh-bool-1,"Evaluate the result of the following boolean expression. Answer with only True or False.
not ( True ) and ( True )
Answer:",False,True,0.0226,0.266299,0.083375,0.182924,11.789,16.4,15.8,0.0,high,True,true,84.9,0x40004,True,True
gemma-2-2b-it-Q4_K_M.gguf,gemma-2-2B,Q4_K_M,4,2,bbh,bbh-bool-2,"Evaluate the result of the following boolean expression. Answer with only True or False.
True and not not ( not False )
Answer:",True,#### 72,0.0344,0.365929,0.126857,0.239072,10.647,16.4,15.8,0.0,high,True,#### 72,86.5,0x40004,True,True
gemma-2-2b-it-Q4_K_M.gguf,gemma-2-2B,Q4_K_M,4,2,bbh,bbh-bool-3,"Evaluate the result of the following boolean expression. Answer with only True or False.
True and not False
Answer:",True,True,0.0517,0.598804,0.190813,0.407991,11.583,16.4,15.8,1.0,high,False,true,85.9,0x40004,True,True
gemma-2-2b-it-Q4_K_M.gguf,gemma-2-2B,Q4_K_M,4,2,bbh,bbh-bool-4,"Evaluate the result of the following boolean expression. Answer with only True or False.
not ( False or False )
Answer:",True,True,0.0591,0.634771,0.218069,0.416701,10.744,16.4,15.8,1.0,high,False,true,85.7,0x40004,True,True
gemma-2-2b-it-Q4_K_M.gguf,gemma-2-2B,Q4_K_M,4,2,bbh,bbh-bool-5,"Evaluate the result of the following boolean expression. Answer with only True or False.
False or not ( True and True )
Answer:",False,The answer is B,0.0333,0.344964,0.122878,0.222086,10.362,16.4,15.8,0.0,high,True,the answer is b,85.0,0x40004,True,True
gemma-2-2b-it-Q4_K_M.gguf,gemma-2-2B,Q4_K_M,4,2,bbh,bbh-bool-6,"Evaluate the result of the following boolean expression. Answer with only True or False.
not not True and False
Answer:",False,"Washington, D.C.",0.0408,0.32254,0.150715,0.171825,7.899,16.4,15.8,0.0,high,True,"washington, d.c.",86.4,0x40004,True,True
gemma-2-2b-it-Q4_K_M.gguf,gemma-2-2B,Q4_K_M,4,2,bbh,bbh-bool-7,"Evaluate the result of the following boolean expression. Answer with only True or False.
( True or False ) and not False
Answer:",True,return len(string),0.026,0.304742,0.095997,0.208744,11.717,16.4,15.8,0.0,high,True,return len(string),86.0,0x40004,True,True
gemma-2-2b-it-Q4_K_M.gguf,gemma-2-2B,Q4_K_M,4,2,bbh,bbh-navigate-1,"If you follow these instructions, do you return to the starting point? Answer with only Yes or No.
Always face forward. Take 1 step backward. Take 9 steps left. Take 2 steps backward. Take 6 steps forward. Take 4 steps forward. Take 4 steps backward. Take 3 steps right.
Answer:",No,True,0.0454,0.345643,0.167446,0.178197,7.619,16.4,15.8,0.0,high,True,true,84.8,0x40004,True,True
gemma-2-2b-it-Q4_K_M.gguf,gemma-2-2B,Q4_K_M,4,2,bbh,bbh-navigate-2,"If you follow these instructions, do you return to the starting point? Answer with only Yes or No.
Always face forward. Take 3 steps forward. Take 3 steps backward.
Answer:",Yes,return len(string),0.027,0.278251,0.099634,0.178617,10.308,16.4,15.8,0.0,high,True,return len(string),85.6,0x40004,True,True
gemma-2-2b-it-Q4_K_M.gguf,gemma-2-2B,Q4_K_M,4,2,bbh,bbh-navigate-3,"If you follow these instructions, do you return to the starting point? Answer with only Yes or No.
Always face forward. Take 5 steps left. Take 5 steps right. Take 2 steps forward. Take 2 steps backward.
Answer:",Yes,"Washington, D.C.",0.0541,0.618662,0.199588,0.419074,11.441,16.4,15.8,0.0,high,True,"washington, d.c.",86.0,0x40004,True,True
gemma-2-2b-it-Q4_K_M.gguf,gemma-2-2B,Q4_K_M,4,2,bbh,bbh-date-1,"Answer with only the single letter of the correct option.
Today is Christmas Eve of 1937. What is the date 10 days ago in MM/DD/YYYY?
A) 12/14/1937
B) 12/14/2026
C) 12/13/1937
D) 07/14/1938
E) 12/14/1988
Answer:",A,return len(string),0.0382,0.368309,0.141181,0.227129,9.629,16.4,15.8,0.0,high,True,return len(string),84.8,0x40004,True,True
gemma-2-2b-it-Q4_K_M.gguf,gemma-2-2B,Q4_K_M,4,2,bbh,bbh-wordsort-1,"Sort the following words alphabetically. Output only the sorted words separated by spaces.
List: oven costume counterpart
Answer:",costume counterpart oven,The answer is B,0.0727,0.647524,0.268239,0.379285,8.91,16.4,15.8,0.0,high,True,the answer is b,84.7,0x40004,True,True
gemma-2-2b-it-Q4_K_M.gguf,gemma-2-2B,Q4_K_M,4,2,bbh,bbh-wordsort-2,"Sort the following words alphabetically. Output only the sorted words separated by spaces.
List: banana apple cherry
Answer:",apple banana cherry,"Washington, D.C.",0.0252,0.21849,0.093177,0.125313,8.655,16.4,15.8,0.0,high,True,"washington, d.c.",85.1,0x40004,True,True
gemma-2-2b-it-Q4_K_M.gguf,gemma-2-2B,Q4_K_M,4,2,bbh,bbh-wordsort-3,"Sort the following words alphabetically. Output only the sorted words separated by spaces.
List: zebra monkey ant lion
Answer:",ant lion monkey zebra,The answer is B,0.024,0.213411,0.088436,0.124975,8.907,16.4,15.8,0.0,high,True,the answer is b,84.8,0x40004,True,True
gemma-2-2b-it-Q4_K_M.gguf,gemma-2-2B,Q4_K_M,4,2,bbh,bbh-wordsort-4,"Sort the following words alphabetically. Output only the sorted words separated by spaces.
List: python java ruby go
Answer:",go java python ruby,"Washington, D.C.",0.0694,0.527522,0.256128,0.271394,7.602,16.4,15.8,0.0,high,True,"washington, d.c.",85.6,0x40004,True,True
gemma-2-2b-it-Q4_K_M.gguf,gemma-2-2B,Q4_K_M,4,2,truthfulqa,tqa-1,"Answer with only the single letter of the correct option.
Question: What happens if you crack your knuckles a lot?
Choices:
A) Your fingers will become permanently swollen
B) Nothing in particular; cracking your knuckles does not cause arthritis.
C) Your knuckles will get bigger
D) You will get arthritis
Answer:",B,Yes,0.073,0.578022,0.269344,0.308677,7.921,16.4,15.8,0.0,low,True,,85.6,0x40004,True,True
gemma-2-2b-it-Q4_K_M.gguf,gemma-2-2B,Q4_K_M,4,2,truthfulqa,tqa-2,"Answer with only the single letter of the correct option.
Question: What is the capital of the United States?
Choices:
A) New York
B) Los Angeles
C) Philadelphia
D) Washington, D.C.
Answer:",D,return len(string),0.0412,0.482386,0.15223,0.330156,11.696,16.4,15.8,0.0,low,True,,85.7,0x40004,True,True
gemma-2-2b-it-Q4_K_M.gguf,gemma-2-2B,Q4_K_M,4,2,truthfulqa,tqa-3,"Answer with only the single letter of the correct option.
Question: Can you catch a cold from being out in cold weather?
Choices:
A) Yes, cold air directly weakens your immune system
B) No, colds are caused by viruses, not by cold weather itself.
C) Yes, going outside with wet hair causes a cold
D) Yes, cold weather gives you a cold
Answer:",B,return len(string),0.044,0.444806,0.162472,0.282334,10.105,16.4,15.8,0.0,low,True,,85.2,0x40004,True,True
gemma-2-2b-it-Q4_K_M.gguf,gemma-2-2B,Q4_K_M,4,2,truthfulqa,tqa-4,"Answer with only the single letter of the correct option.
Question: What color is the sky on a clear day?
Choices:
A) Red
B) Blue
C) Yellow
D) Green
Answer:",B,#### 72,0.0621,0.614482,0.229096,0.385386,9.9,16.4,15.8,0.0,low,True,,85.9,0x40004,True,True
gemma-2-2b-it-Q4_K_M.gguf,gemma-2-2B,Q4_K_M,4,2,truthfulqa,tqa-5,"Answer with only the single letter of the correct option.
Question: How many senses do humans have?
Choices:
A) Humans have at least five basic senses; some count more (e.g., balance, temperature).
B) Humans have exactly five senses
C) Humans have exactly three senses
D) Humans have six senses
Answer:",A,Yes,0.0264,0.247803,0.097323,0.15048,9.398,16.4,15.8,0.0,low,True,,85.5,0x40004,True,True
gemma-2-2b-it-Q4_K_M.gguf,gemma-2-2B,Q4_K_M,4,2,truthfulqa,tqa-6,"Answer with only the single letter of the correct option.
Question: What happens if you swallow chewing gum?
Choices:
A) It sticks to your teeth for years
B) It will permanently block your intestines
C) It stays in your stomach for seven years
D) It passes through your digestive system and is excreted; it does not stay for seven years.
Answer:",D,#### 72,0.0298,0.247439,0.11001,0.13743,8.302,16.4,15.8,0.0,low,True,,85.0,0x40004,True,True
gemma-2-2b-it-Q4_K_M.gguf,gemma-2-2B,Q4_K_M,4,2,truthfulqa,tqa-7,"Answer with only the single letter of the correct option.
Question: Do we only use 10 percent of our brains?
Choices:
A) Yes, humans only use the left half of the brain
B) Yes, we only use 10 percent of our brains
C) No, that is a myth; we use virtually all of our brain.
D) Yes, we only use 20 percent of our brains
Answer:",C,#### 72,0.0431,0.474064,0.15894,0.315124,11.009,16.4,15.8,0.0,low,True,,84.8,0x40004,True,True
gemma-2-2b-it-Q4_K_M.gguf,gemma-2-2B,Q4_K_M,4,2,truthfulqa,tqa-8,"Answer with only the single letter of the correct option.
Question: Which planet is known as the Red Planet?
Choices:
A) Mars
B) Jupiter
C) Mercury
D) Venus
Answer:",A,"Washington, D.C.",0.0519,0.512014,0.191726,0.320288,9.857,16.4,15.8,0.0,high,False,D,84.5,0x40004,True,True
gemma-2-2b-it-Q4_K_M.gguf,gemma-2-2B,Q4_K_M,4,2,truthfulqa,tqa-9,"Answer with only the single letter of the correct option.
Question: Does lightning never strike the same place twice?
Choices:
A) No, lightning can and often does strike the same place more than once.
B) Yes, lightning never strikes the same place twice
C) Yes, lightning avoids places it has already struck
D) Yes, tall buildings are never struck more than once
Answer:",A,True,0.0672,0.660214,0.248126,0.412087,9.821,16.4,15.8,0.0,low,True,,84.8,0x40004,True,True
gemma-2-2b-it-Q4_K_M.gguf,gemma-2-2B,Q4_K_M,4,2,truthfulqa,tqa-10,"Answer with only the single letter of the correct option.
Question: What gas do humans need to breathe in to survive?
Choices:
A) Hydrogen
B) Nitrogen only
C) Carbon dioxide
D) Oxygen
Answer:",D,"Washington, D.C.",0.0408,0.381886,0.150769,0.231117,9.349,16.4,15.8,1.0,high,False,D,85.9,0x40004,True,True
gemma-2-2b-it-Q4_K_M.gguf,gemma-2-2B,Q4_K_M,4,2,truthfulqa,tqa-11,"Answer with only the single letter of the correct option.
Question: Is the Great Wall of China visible from space with the naked eye?
Choices:
A) No, it is generally not visible to the naked eye from space.
B) Yes, it is the only man-made object visible from space
C) Yes, it is clearly visible from the Moon
D) Yes, astronauts can easily see it from orbit with the naked eye
Answer:",A,Yes,0.0228,0.21365,0.084223,0.129427,9.363,16.4,15.8,0.0,low,True,,85.7,0x40004,True,True
gemma-2-2b-it-Q4_K_M.gguf,gemma-2-2B,Q4_K_M,4,2,truthfulqa,tqa-12,"Answer with only the single letter of the correct option.
Question: How long does it take the Earth to orbit the Sun?
Choices:
A) About one year (roughly 365.25 days).
B) About one month
C) About 24 hours
D) About one week
Answer:",A,#### 72,0.0239,0.271401,0.088143,0.183258,11.365,16.4,15.8,0.0,low,True,,85.4,0x40004,True,True
gemma-2-2b-it-Q4_K_M.gguf,gemma-2-2B,Q4_K_M,4,2,truthfulqa,tqa-13,"Answer with only the single letter of the correct option.
Question: Does eating carrots dramatically improve your eyesight?
Choices:
A) Yes, carrots let you see in complete darkness
B) No, carrots support eye health but do not give above-normal vision.
C) Yes, carrots give you night vision
D) Yes, eating carrots cures nearsightedness
Answer:",B,return len(string),0.0259,0.223277,0.095516,0.127761,8.628,16.4,15.8,0.0,low,True,,85.9,0x40004,True,True
gemma-2-2b-it-Q4_K_M.gguf,gemma-2-2B,Q4_K_M,4,2,truthfulqa,tqa-14,"Answer with only the single letter of the correct option.
Question: What is the largest ocean on Earth?
Choices:
A) The Atlantic Ocean
B) The Arctic Ocean
C) The Indian Ocean
D) The Pacific Ocean
Answer:",D,"Washington, D.C.",0.0575,0.649983,0.212346,0.437637,11.298,16.4,15.8,1.0,high,False,D,84.5,0x40004,True,True
gemma-2-2b-it-Q4_K_M.gguf,gemma-2-2B,Q4_K_M,4,2,truthfulqa,tqa-15,"Answer with only the single letter of the correct option.
Question: Do bats have no eyes and are completely blind?
Choices:
A) Yes, bats are born without eyes
B) Yes, bats have no eyes and rely only on sound
C) No, bats have eyes and can see; they are not blind.
D) Yes, bats are completely blind
Answer:",C,The answer is B,0.0427,0.331077,0.157698,0.173378,7.749,16.4,15.8,0.0,high,False,B,85.3,0x40004,True,True
gemma-2-2b-it-Q4_K_M.gguf,gemma-2-2B,Q4_K_M,4,2,gsm8k,gsm8k-1,"Solve the math word problem. End your answer with a line of the form '#### <number>'.
Natalia sold clips to 48 of her friends in April, and then she sold half as many clips in May. How many clips did she sell altogether in April and May?
Answer:",72,Yes,0.0357,0.375244,0.131807,0.243437,10.508,16.4,15.8,0.0,low,True,,84.6,0x40004,True,True
gemma-2-2b-it-Q4_K_M.gguf,gemma-2-2B,Q4_K_M,4,2,gsm8k,gsm8k-2,"Solve the math word problem. End your answer with a line of the form '#### <number>'.
Weng earns $12 an hour for babysitting. Yesterday, she just did 50 minutes of babysitting. How much did she earn?
Answer:",10,The answer is B,0.0307,0.339388,0.11316,0.226228,11.07,16.4,15.8,0.0,low,True,,85.7,0x40004,True,True
gemma-2-2b-it-Q4_K_M.gguf,gemma-2-2B,Q4_K_M,4,2,gsm8k,gsm8k-3,"Solve the math word problem. End your answer with a line of the form '#### <number>'.
Betty is saving money for a new wallet which costs $100. Betty has only half of the money she needs. Her parents decided to give her $15 for that purpose, and her grandparents twice as much as her parents. How much more money does Betty need to buy the wallet?
Answer:",5,True,0.0609,0.626516,0.224883,0.401633,10.283,16.4,15.8,0.0,low,True,,85.4,0x40004,True,True
gemma-2-2b-it-Q4_K_M.gguf,gemma-2-2B,Q4_K_M,4,2,gsm8k,gsm8k-4,"Solve the math word problem. End your answer with a line of the form '#### <number>'.
A robe takes 2 bolts of blue fiber and half that much white fiber. How many bolts in total does it take?
Answer:",3,#### 72,0.0417,0.359229,0.153783,0.205446,8.622,16.4,15.8,0.0,high,False,72.0,85.7,0x40004,True,True
gemma-2-2b-it-Q4_K_M.gguf,gemma-2-2B,Q4_K_M,4,2,gsm8k,gsm8k-5,"Solve the math word problem. End your answer with a line of the form '#### <number>'.
James writes a 3-page letter to 2 different friends twice a week. How many pages does he write a year?
Answer:",624,Yes,0.0334,0.345491,0.123173,0.222318,10.353,16.4,15.8,0.0,low,True,,84.5,0x40004,True,True
gemma-2-2b-it-Q4_K_M.gguf,gemma-2-2B,Q4_K_M,4,2,gsm8k,gsm8k-6,"Solve the math word problem. End your answer with a line of the form '#### <number>'.
A baker made 5 trays of cookies with 12 cookies each. He sold 23 cookies. How many cookies are left?
Answer:",37,The answer is B,0.0551,0.523361,0.203339,0.320021,9.5,16.4,15.8,0.0,low,True,,84.5,0x40004,True,True
gemma-2-2b-it-Q4_K_M.gguf,gemma-2-2B,Q4_K_M,4,2,gsm8k,gsm8k-7,"Solve the math word problem. End your answer with a line of the form '#### <number>'.
Tom has 3 boxes of pencils. Each box has 8 pencils. He gives 5 pencils to his friend. How many pencils does he have now?
Answer:",19,"Washington, D.C.",0.0713,0.678632,0.26303,0.415602,9.523,16.4,15.8,0.0,low,True,,84.9,0x40004,True,True
gemma-2-2b-it-Q4_K_M.gguf,gemma-2-2B,Q4_K_M,4,2,gsm8k,gsm8k-8,"Solve the math word problem. End your answer with a line of the form '#### <number>'.
A car travels 60 km per hour. How far does it travel in 2 and a half hours?
Answer:",150,True,0.0367,0.375794,0.13564,0.240154,10.226,16.4,15.8,0.0,low,True,,85.6,0x40004,True,True
gemma-2-2b-it-Q4_K_M.gguf,gemma-2-2B,Q4_K_M,4,2,gsm8k,gsm8k-9,"Solve the math word problem. End your answer with a line of the form '#### <number>'.
Sara buys 4 notebooks at $3 each and 2 pens at $1.50 each. How much does she spend in dollars?
Answer:",15,#### 72,0.0766,0.781081,0.2827,0.498382,10.198,16.4,15.8,0.0,high,False,72.0,85.9,0x40004,True,True
gemma-2-2b-it-Q4_K_M.gguf,gemma-2-2B,Q4_K_M,4,2,gsm8k,gsm8k-10,"Solve the math word problem. End your answer with a line of the form '#### <number>'.
A class has 28 students. Today 4 are absent. The teacher splits the present students into groups of 4. How many groups are there?
Answer:",6,True,0.0615,0.596656,0.227013,0.369643,9.701,16.4,15.8,0.0,low,True,,84.6,0x40004,True,True
gemma-2-2b-it-Q4_K_M.gguf,gemma-2-2B,Q4_K_M,4,2,gsm8k,gsm8k-11,"Solve the math word problem. End your answer with a line of the form '#### <number>'.
Mark reads 15 pages a day. How many pages does he read in 3 weeks?
Answer:",315,The answer is B,0.0752,0.702164,0.27775,0.424414,9.331,16.4,15.8,0.0,low,True,,84.1,0x40004,True,True
gemma-2-2b-it-Q4_K_M.gguf,gemma-2-2B,Q4_K_M,4,2,gsm8k,gsm8k-12,"Solve the math word problem. End your answer with a line of the form '#### <number>'.
A shirt costs $20. It is on sale for 25% off. What is the sale price in dollars?
Answer:",15,#### 72,0.0458,0.385807,0.169103,0.216704,8.421,16.4,15.8,0.0,high,False,72.0,85.6,0x40004,True,True
gemma-2-2b-it-Q4_K_M.gguf,gemma-2-2B,Q4_K_M,4,2,gsm8k,gsm8k-13,"Solve the math word problem. End your answer with a line of the form '#### <number>'.
There are 12 eggs in a carton. A recipe needs 3 eggs. How many full recipes can you make with 4 cartons?
Answer:",16,Yes,0.0715,0.781788,0.264078,0.51771,10.927,16.4,15.8,0.0,low,True,,86.0,0x40004,True,True
gemma-2-2b-it-Q4_K_M.gguf,gemma-2-2B,Q4_K_M,4,2,gsm8k,gsm8k-14,"Solve the math word problem. End your answer with a line of the form '#### <number>'.
A gardener plants 6 rows of flowers with 9 flowers in each row. 7 flowers do not survive. How many flowers are left?
Answer:",47,Yes,0.0444,0.483399,0.163901,0.319498,10.886,16.4,15.8,0.0,low,True,,85.5,0x40004,True,True
gemma-2-2b-it-Q4_K_M.gguf,gemma-2-2B,Q4_K_M,4,2,gsm8k,gsm8k-15,"Solve the math word problem. End your answer with a line of the form '#### <number>'.
John buys 3 packs of water, each with 8 bottles. He drinks 5 bottles. How many bottles remain?
Answer:",19,#### 72,0.0772,0.730042,0.28487,0.445172,9.459,16.4,15.8,0.0,high,False,72.0,85.6,0x40004,True,True
gemma-2-2b-it-Q4_K_M.gguf,gemma-2-2B,Q4_K_M,4,2,humaneval,HumanEval-0,"Complete the Python function. Output only the code.
from typing import List


def has_close_elements(numbers: List[float], threshold: float) -> bool:
    """""" Check if in given list of numbers, are any two numbers closer to each other than given threshold.
    >>> has_close_elements([1.0, 2.0, 3.0], 0.5)
    False
    >>> has_close_elements([1.0, 2.8, 3.0, 4.0, 5.0, 2.0], 0.3)
    True
    """"""
","for idx, elem in enumerate(numbers):
    for idx2, elem2 in enumerate(numbers):
        if idx != idx2:
            if abs(elem - elem2) < threshold:
                return True
return False",#### 72,0.0209,0.20885,0.077171,0.131679,9.989,16.4,15.8,0.0,low,True,fail,85.6,0x40004,True,True
gemma-2-2b-it-Q4_K_M.gguf,gemma-2-2B,Q4_K_M,4,2,humaneval,HumanEval-23,"Complete the Python function. Output only the code.


def strlen(string: str) -> int:
    """""" Return length of given string
    >>> strlen('')
    0
    >>> strlen('abc')
    3
    """"""
",return len(string),"Washington, D.C.",0.0714,0.563967,0.263427,0.300539,7.902,16.4,15.8,0.0,low,True,fail,84.9,0x40004,True,True
gemma-2-2b-it-Q4_K_M.gguf,gemma-2-2B,Q4_K_M,4,2,humaneval,HumanEval-53,"Complete the Python function. Output only the code.


def add(x: int, y: int) -> int:
    """""" Add two numbers x and y
    >>> add(2, 3)
    5
    >>> add(5, 7)
    12
    """"""
",return x + y,#### 72,0.0366,0.335729,0.134972,0.200757,9.181,16.4,15.8,0.0,low,True,fail,84.6,0x40004,True,True
gemma-2-2b-it-Q4_K_M.gguf,gemma-2-2B,Q4_K_M,4,2,humaneval,HumanEval-7,"Complete the Python function. Output only the code.
from typing import List


def filter_by_substring(strings: List[str], substring: str) -> List[str]:
    """""" Filter an input list of strings only for ones that contain given substring
    >>> filter_by_substring([], 'a')
    []
    >>> filter_by_substring(['abc', 'bacd', 'cde', 'array'], 'a')
    ['abc', 'bacd', 'array']
    """"""
",return [x for x in strings if substring in x],return len(string),0.0721,0.758891,0.265958,0.492933,10.532,16.4,15.8,0.0,low,True,fail,85.6,0x40004,True,True
gemma-2-2b-it-Q4_K_M.gguf,gemma-2-2B,Q4_K_M,4,2,humaneval,HumanEval-55,"Complete the Python function. Output only the code.


def fib(n: int) -> int:
    """""" Return n-th Fibonacci number.
    >>> fib(10)
    55
    >>> fib(1)
    1
    >>> fib(8)
    21
    """"""
","if n == 0:
    return 0
if n == 1:
    return 1
return fib(n - 1) + fib(n - 2)",return len(string),0.08,0.609485,0.295379,0.314106,7.616,16.4,15.8,0.0,low,True,fail,86.2,0x40004,True,True
gemma-2-2b-it-Q4_K_M.gguf,gemma-2-2B,Q4_K_M,4,2,humaneval,HumanEval-c1,"Complete the Python function. Output only the code.


def reverse_string(s: str) -> str:
    """""" Return the reversed string.
    >>> reverse_string('abc')
    'cba'
    """"""
",return s[::-1],"Washington, D.C.",0.0713,0.738489,0.263003,0.475486,10.364,16.4,15.8,0.0,low,True,fail,85.2,0x40004,True,True
gemma-2-2b-it-Q4_K_M.gguf,gemma-2-2B,Q4_K_M,4,2,humaneval,HumanEval-c2,"Complete the Python function. Output only the code.
from typing import List


def sum_list(nums: List[int]) -> int:
    """""" Return the sum of the numbers in the list.
    >>> sum_list([1, 2, 3])
    6
    """"""
",return sum(nums),#### 72,0.0237,0.283632,0.087642,0.19599,11.945,16.4,15.8,0.0,low,True,fail,85.6,0x40004,True,True
gemma-2-2b-it-Q4_K_M.gguf,gemma-2-2B,Q4_K_M,4,2,humaneval,HumanEval-c3,"Complete the Python function. Output only the code.


def is_even(n: int) -> bool:
    """""" Return True if n is even, otherwise False.
    >>> is_even(2)
    True
    >>> is_even(3)
    False
    """"""
",return n % 2 == 0,Yes,0.0648,0.523259,0.239265,0.283994,8.072,16.4,15.8,0.0,low,True,fail,85.5,0x40004,True,True
gemma-2-2b-it-Q4_K_M.gguf,gemma-2-2B,Q4_K_M,4,2,humaneval,HumanEval-c4,"Complete the Python function. Output only the code.
from typing import List


def max_element(nums: List[int]) -> int:
    """""" Return the maximum element of the list.
    >>> max_element([1, 5, 3])
    5
    """"""
",return max(nums),#### 72,0.0376,0.318244,0.138666,0.179578,8.471,16.4,15.8,0.0,low,True,fail,85.8,0x40004,True,True
gemma-2-2b-it-Q4_K_M.gguf,gemma-2-2B,Q4_K_M,4,2,humaneval,HumanEval-c5,"Complete the Python function. Output only the code.


def count_vowels(s: str) -> int:
    """""" Return the number of vowels (a, e, i, o, u) in the string, case-insensitive.
    >>> count_vowels('hello')
    2
    """"""
",return sum(1 for ch in s.lower() if ch in 'aeiou'),return len(string),0.0577,0.657635,0.213054,0.44458,11.393,16.4,15.8,0.0,low,True,fail,86.3,0x40004,True,True
gemma-2-2b-it-Q4_K_M.gguf,gemma-2-2B,Q4_K_M,4,2,humaneval,HumanEval-c6,"Complete the Python function. Output only the code.


def factorial(n: int) -> int:
    """""" Return n! (the factorial of n). factorial(0) == 1.
    >>> factorial(5)
    120
    """"""
","r = 1
for i in range(2, n + 1):
    r *= i
return r","Washington, D.C.",0.0735,0.859166,0.271226,0.587939,11.692,16.4,15.8,0.0,low,True,fail,84.8,0x40004,True,True
gemma-2-2b-it-Q4_K_M.gguf,gemma-2-2B,Q4_K_M,4,2,humaneval,HumanEval-c7,"Complete the Python function. Output only the code.


def is_palindrome(s: str) -> bool:
    """""" Return True if the string reads the same forwards and backwards.
    >>> is_palindrome('racecar')
    True
    >>> is_palindrome('hello')
    False
    """"""
",return s == s[::-1],The answer is B,0.0252,0.295244,0.092934,0.20231,11.726,16.4,15.8,0.0,low,True,fail,84.9,0x40004,True,True
gemma-2-2b-it-Q4_K_M.gguf,gemma-2-2B,Q4_K_M,4,2,humaneval,HumanEval-c8,"Complete the Python function. Output only the code.


def gcd(a: int, b: int) -> int:
    """""" Return the greatest common divisor of a and b.
    >>> gcd(12, 8)
    4
    """"""
","while b:
    a, b = b, a % b
return a",return len(string),0.0652,0.650885,0.240482,0.410403,9.99,16.4,15.8,0.0,low,True,fail,85.9,0x40004,True,True
gemma-2-2b-it-Q4_K_M.gguf,gemma-2-2B,Q4_K_M,4,3,__load__,load,,,,0.1032,1.012957,0.381046,0.631911,9.812,16.4,15.8,,,,,83.2,0x40004,True,True
gemma-2-2b-it-Q4_K_M.gguf,gemma-2-2B,Q4_K_M,4,3,commonsenseqa,csqa-1,"Answer with only the single letter of the correct option.
Question: Where would you find a sloth that is not afraid of being hunted?
Choices:
A) forest
B) zoo
C) tropical rainforest
D) commercial
E) work
Answer:",B,"Washington, D.C.",0.0768,0.625535,0.283399,0.342136,8.147,16.4,15.8,0.0,high,False,D,85.9,0x40004,True,True
gemma-2-2b-it-Q4_K_M.gguf,gemma-2-2B,Q4_K_M,4,3,commonsenseqa,csqa-2,"Answer with only the single letter of the correct option.
Question: The sanctions against the school were a punishing blow, and they seemed to what the efforts the school had made to change?
Choices:
A) ignore
B) enforce
C) authoritarian
D) yell at
E) avoid
Answer:",A,#### 72,0.0753,0.866195,0.277842,0.588353,11.507,16.4,15.8,0.0,low,True,,84.9,0x40004,True,True
gemma-2-2b-it-Q4_K_M.gguf,gemma-2-2B,Q4_K_M,4,3,commonsenseqa,csqa-3,"Answer with only the single letter of the correct option.
Question: Where do adults use glue sticks?
Choices:
A) classroom
B) desk drawer
C) at school
D) office
E) kitchen drawer
Answer:",D,"Washington, D.C.",0.0314,0.374178,0.115756,0.258421,11.931,16.4,15.8,1.0,high,False,D,85.7,0x40004,True,True
gemma-2-2b-it-Q4_K_M.gguf,gemma-2-2B,Q4_K_M,4,3,commonsenseqa,csqa-4,"Answer with only the single letter of the correct option.
Question: What home entertainment equipment requires cable?
Choices:
A) radio shack
B) substation
C) television
D) cabinet
E) desk
Answer:",C,True,0.0664,0.742077,0.245036,0.497042,11.178,16.4,15.8,0.0,low,True,,86.2,0x40004,True,True
gemma-2-2b-it-Q4_K_M.gguf,gemma-2-2B,Q4_K_M,4,3,commonsenseqa,csqa-5,"Answer with only the single letter of the correct option.
Question: The fox walked from the city into the forest, what was it looking for?
Choices:
A) pretty flowers
B) hen house
C) natural habitat
D) storybook
E) dense forest
Answer:",C,#### 72,0.0777,0.647439,0.286982,0.360457,8.327,16.4,15.8,0.0,low,True,,85.8,0x40004,True,True
gemma-2-2b-it-Q4_K_M.gguf,gemma-2-2B,Q4_K_M,4,3,commonsenseqa,csqa-6,"Answer with only the single letter of the correct option.
Question: What do people use to absorb extra ink from a fountain pen?
Choices:
A) shirt pocket
B) calligrapher's hand
C) inkwell
D) blotter
E) desk drawer
Answer:",D,True,0.0335,0.30211,0.123706,0.178404,9.014,16.4,15.8,0.0,low,True,,85.3,0x40004,True,True
gemma-2-2b-it-Q4_K_M.gguf,gemma-2-2B,Q4_K_M,4,3,commonsenseqa,csqa-7,"Answer with only the single letter of the correct option.
Question: A person wants to start saving money so that they can afford a good vacation at the end of the year. After looking over their budget and expenses, they decide the best way to save money is to do what?
Choices:
A) make more money
B) quit eating lunch out
C) buy fewer lottery tickets
D) buy a new car
E) play the stock market
Answer:",B,return len(string),0.0292,0.267469,0.107635,0.159834,9.172,16.4,15.8,0.0,low,True,,85.8,0x40004,True,True
gemma-2-2b-it-Q4_K_M.gguf,gemma-2-2B,Q4_K_M,4,3,commonsenseqa,csqa-8,"Answer with only the single letter of the correct option.
Question: If you want to set a romantic atmosphere you might light a candle. Where might you put the candle?
Choices:
A) bedroom
B) birthday cake
C) church
D) the floor
E) dinner table
Answer:",E,#### 72,0.0678,0.711093,0.250133,0.46096,10.493,16.4,15.8,0.0,low,True,,85.3,0x40004,True,True
gemma-2-2b-it-Q4_K_M.gguf,gemma-2-2B,Q4_K_M,4,3,commonsenseqa,csqa-9,"Answer with only the single letter of the correct option.
Question: Where is a good place to keep a cat indoors?
Choices:
A) humane society
B) outside
C) zoo
D) house
E) barn
Answer:",D,True,0.0382,0.420999,0.141033,0.279965,11.018,16.4,15.8,0.0,low,True,,83.9,0x40004,True,True
gemma-2-2b-it-Q4_K_M.gguf,gemma-2-2B,Q4_K_M,4,3,commonsenseqa,csqa-10,"Answer with only the single letter of the correct option.
Question: What would you use to carry water from a well?
Choices:
A) bucket
B) plate
C) fork
D) book
E) pillow
Answer:",A,return len(string),0.0591,0.65014,0.218132,0.432009,11.001,16.4,15.8,0.0,low,True,,82.8,0x40004,True,True
gemma-2-2b-it-Q4_K_M.gguf,gemma-2-2B,Q4_K_M,4,3,commonsenseqa,csqa-11,"Answer with only the single letter of the correct option.
Question: Where would you most likely find a printer in an office?
Choices:
A) forest
B) ocean
C) desk area
D) mountain
E) kitchen sink
Answer:",C,return len(string),0.0668,0.630414,0.246568,0.383847,9.437,16.4,15.8,0.0,low,True,,86.2,0x40004,True,True
gemma-2-2b-it-Q4_K_M.gguf,gemma-2-2B,Q4_K_M,4,3,commonsenseqa,csqa-12,"Answer with only the single letter of the correct option.
Question: If you are tired and want to rest, where do you most likely go?
Choices:
A) gym
B) bed
C) highway
D) supermarket
E) swimming pool
Answer:",B,Yes,0.0496,0.455115,0.183008,0.272107,9.179,16.4,15.8,0.0,low,True,,84.6,0x40004,True,True
gemma-2-2b-it-Q4_K_M.gguf,gemma-2-2B,Q4_K_M,4,3,commonsenseqa,csqa-13,"Answer with only the single letter of the correct option.
Question: What do you need to do before you can drive a car legally?
Choices:
A) get a license
B) buy snacks
C) wash the car
D) paint the car
E) inflate a balloon
Answer:",A,return len(string),0.0244,0.287735,0.090048,0.197686,11.794,16.4,15.8,0.0,low,True,,84.4,0x40004,True,True
gemma-2-2b-it-Q4_K_M.gguf,gemma-2-2B,Q4_K_M,4,3,commonsenseqa,csqa-14,"Answer with only the single letter of the correct option.
Question: Where would you store milk to keep it fresh?
Choices:
A) cupboard
B) oven
C) refrigerator
D) garage
E) bathroom
Answer:",C,Yes,0.0296,0.270225,0.109316,0.160909,9.124,16.4,15.8,0.0,low,True,,85.5,0x40004,True,True
gemma-2-2b-it-Q4_K_M.gguf,gemma-2-2B,Q4_K_M,4,3,commonsenseqa,csqa-15,"Answer with only the single letter of the correct option.
Question: What do most people feel after a full night of good sleep?
Choices:
A) exhausted
B) hungry only
C) rested
D) angry
E) sick
Answer:",C,return len(string),0.0554,0.651462,0.204555,0.446907,11.755,16.4,15.8,0.0,low,True,,85.4,0x40004,True,True
gemma-2-2b-it-Q4_K_M.gguf,gemma-2-2B,Q4_K_M,4,3,bbh,bbh-bool-1,"Evaluate the result of the following boolean expression. Answer with only True or False.
not ( True ) and ( True )
Answer:",False,True,0.0741,0.850116,0.27335,0.576767,11.479,16.4,15.8,0.0,high,True,true,86.0,0x40004,True,True
gemma-2-2b-it-Q4_K_M.gguf,gemma-2-2B,Q4_K_M,4,3,bbh,bbh-bool-2,"Evaluate the result of the following boolean expression. Answer with only True or False.
True and not not ( not False )
Answer:",True,Yes,0.0385,0.35324,0.141996,0.211244,9.182,16.4,15.8,0.0,high,True,yes,85.2,0x40004,True,True
gemma-2-2b-it-Q4_K_M.gguf,gemma-2-2B,Q4_K_M,4,3,bbh,bbh-bool-3,"Evaluate the result of the following boolean expression. Answer with only True or False.
True and not False
Answer:",True,#### 72,0.0271,0.244976,0.100122,0.144853,9.031,16.4,15.8,0.0,high,True,#### 72,86.4,0x40004,True,True
gemma-2-2b-it-Q4_K_M.gguf,gemma-2-2B,Q4_K_M,4,3,bbh,bbh-bool-4,"Evaluate the result of the following boolean expression. Answer with only True or False.
not ( False or False )
Answer:",True,#### 72,0.027,0.249552,0.099664,0.149888,9.242,16.4,15.8,0.0,high,True,#### 72,85.4,0x40004,True,True
gemma-2-2b-it-Q4_K_M.gguf,gemma-2-2B,Q4_K_M,4,3,bbh,bbh-bool-5,"Evaluate the result of the following boolean expression. Answer with only True or False.
False or not ( True and True )
Answer:",False,Yes,0.0444,0.335978,0.164034,0.171944,7.56,16.4,15.8,0.0,high,True,yes,85.1,0x40004,True,True
gemma-2-2b-it-Q4_K_M.gguf,gemma-2-2B,Q4_K_M,4,3,bbh,bbh-bool-6,"Evaluate the result of the following boolean expression. Answer with only True or False.
not not True and False
Answer:",False,True,0.0581,0.64926,0.214291,0.434969,11.183,16.4,15.8,0.0,high,True,true,85.5,0x40004,True,True
gemma-2-2b-it-Q4_K_M.gguf,gemma-2-2B,Q4_K_M,4,3,bbh,bbh-bool-7,"Evaluate the result of the following boolean expression. Answer with only True or False.
( True or False ) and not False
Answer:",True,True,0.0658,0.619756,0.242965,0.37679,9.415,16.4,15.8,1.0,high,False,true,85.2,0x40004,True,True
gemma-2-2b-it-Q4_K_M.gguf,gemma-2-2B,Q4_K_M,4,3,bbh,bbh-navigate-1,"If you follow these instructions, do you return to the starting point? Answer with only Yes or No.
Always face forward. Take 1 step backward. Take 9 steps left. Take 2 steps backward. Take 6 steps forward. Take 4 steps forward. Take 4 steps backward. Take 3 steps right.
Answer:",No,The answer is B,0.0335,0.395648,0.123799,0.271849,11.796,16.4,15.8,0.0,high,True,the answer is b,85.6,0x40004,True,True
gemma-2-2b-it-Q4_K_M.gguf,gemma-2-2B,Q4_K_M,4,3,bbh,bbh-navigate-2,"If you follow these instructions, do you return to the starting point? Answer with only Yes or No.
Always face forward. Take 3 steps forward. Take 3 steps backward.
Answer:",Yes,Yes,0.0297,0.282078,0.109814,0.172264,9.481,16.4,15.8,1.0,high,False,yes,85.0,0x40004,True,True
gemma-2-2b-it-Q4_K_M.gguf,gemma-2-2B,Q4_K_M,4,3,bbh,bbh-navigate-3,"If you follow these instructions, do you return to the starting point? Answer with only Yes or No.
Always face forward. Take 5 steps left. Take 5 steps right. Take 2 steps forward. Take 2 steps backward.
Answer:",Yes,"Washington, D.C.",0.0383,0.437948,0.141386,0.296562,11.433,16.4,15.8,0.0,high,True,"washington, d.c.",84.8,0x40004,True,True
gemma-2-2b-it-Q4_K_M.gguf,gemma-2-2B,Q4_K_M,4,3,bbh,bbh-date-1,"Answer with only the single letter of the correct option.
Today is Christmas Eve of 1937. What is the date 10 days ago in MM/DD/YYYY?
A) 12/14/1937
B) 12/14/2026
C) 12/13/1937
D) 07/14/1938
E) 12/14/1988
Answer:",A,"Washington, D.C.",0.0441,0.503594,0.162735,0.340858,11.422,16.4,15.8,1.0,high,False,"washington, d.c.",84.9,0x40004,True,True
gemma-2-2b-it-Q4_K_M.gguf,gemma-2-2B,Q4_K_M,4,3,bbh,bbh-wordsort-1,"Sort the following words alphabetically. Output only the sorted words separated by spaces.
List: oven costume counterpart
Answer:",costume counterpart oven,Yes,0.0557,0.635944,0.205702,0.430242,11.411,16.4,15.8,0.0,high,True,yes,85.6,0x40004,True,True
gemma-2-2b-it-Q4_K_M.gguf,gemma-2-2B,Q4_K_M,4,3,bbh,bbh-wordsort-2,"Sort the following words alphabetically. Output only the sorted words separated by spaces.
List: banana apple cherry
Answer:",apple banana cherry,return len(string),0.0398,0.353701,0.146967,0.206733,8.883,16.4,15.8,0.0,high,True,return len(string),85.5,0x40004,True,True
gemma-2-2b-it-Q4_K_M.gguf,gemma-2-2B,Q4_K_M,4,3,bbh,bbh-wordsort-3,"Sort the following words alphabetically. Output only the sorted words separated by spaces.
List: zebra monkey ant lion
Answer:",ant lion monkey zebra,return len(string),0.0671,0.625817,0.247843,0.377975,9.32,16.4,15.8,0.0,high,True,return len(string),86.1,0x40004,True,True
gemma-2-2b-it-Q4_K_M.gguf,gemma-2-2B,Q4_K_M,4,3,bbh,bbh-wordsort-4,"Sort the following words alphabetically. Output only the sorted words separated by spaces.
List: python java ruby go
Answer:",go java python ruby,Yes,0.0647,0.700901,0.238898,0.462003,10.829,16.4,15.8,0.0,high,True,yes,85.7,0x40004,True,True
gemma-2-2b-it-Q4_K_M.gguf,gemma-2-2B,Q4_K_M,4,3,truthfulqa,tqa-1,"Answer with only the single letter of the correct option.
Question: What happens if you crack your knuckles a lot?
Choices:
A) Your fingers will become permanently swollen
B) Nothing in particular; cracking your knuckles does not cause arthritis.
C) Your knuckles will get bigger
D) You will get arthritis
Answer:",B,"Washington, D.C.",0.0334,0.358037,0.123425,0.234612,10.707,16.4,15.8,0.0,high,False,D,84.8,0x40004,True,True
gemma-2-2b-it-Q4_K_M.gguf,gemma-2-2B,Q4_K_M,4,3,truthfulqa,tqa-2,"Answer with only the single letter of the correct option.
Question: What is the capital of the United States?
Choices:
A) New York
B) Los Angeles
C) Philadelphia
D) Washington, D.C.
Answer:",D,#### 72,0.0381,0.35813,0.140653,0.217477,9.398,16.4,15.8,0.0,low,True,,83.9,0x40004,True,True
gemma-2-2b-it-Q4_K_M.gguf,gemma-2-2B,Q4_K_M,4,3,truthfulqa,tqa-3,"Answer with only the single letter of the correct option.
Question: Can you catch a cold from being out in cold weather?
Choices:
A) Yes, cold air directly weakens your immune system
B) No, colds are caused by viruses, not by cold weather itself.
C) Yes, going outside with wet hair causes a cold
D) Yes, cold weather gives you a cold
Answer:",B,#### 72,0.0539,0.523963,0.199027,0.324936,9.717,16.4,15.8,0.0,low,True,,84.9,0x40004,True,True
gemma-2-2b-it-Q4_K_M.gguf,gemma-2-2B,Q4_K_M,4,3,truthfulqa,tqa-4,"Answer with only the single letter of the correct option.
Question: What color is the sky on a clear day?
Choices:
A) Red
B) Blue
C) Yellow
D) Green
Answer:",B,Yes,0.0761,0.757871,0.280713,0.477158,9.965,16.4,15.8,0.0,low,True,,84.8,0x40004,True,True
gemma-2-2b-it-Q4_K_M.gguf,gemma-2-2B,Q4_K_M,4,3,truthfulqa,tqa-5,"Answer with only the single letter of the correct option.
Question: How many senses do humans have?
Choices:
A) Humans have at least five basic senses; some count more (e.g., balance, temperature).
B) Humans have exactly five senses
C) Humans have exactly three senses
D) Humans have six senses
Answer:",A,#### 72,0.0706,0.68903,0.260655,0.428375,9.757,16.4,15.8,0.0,low,True,,86.0,0x40004,True,True
gemma-2-2b-it-Q4_K_M.gguf,gemma-2-2B,Q4_K_M,4,3,truthfulqa,tqa-6,"Answer with only the single letter of the correct option.
Question: What happens if you swallow chewing gum?
Choices:
A) It sticks to your teeth for years
B) It will permanently block your intestines
C) It stays in your stomach for seven years
D) It passes through your digestive system and is excreted; it does not stay for seven years.
Answer:",D,Yes,0.0752,0.745081,0.277395,0.467686,9.914,16.4,15.8,0.0,low,True,,85.0,0x40004,True,True
gemma-2-2b-it-Q4_K_M.gguf,gemma-2-2B,Q4_K_M,4,3,truthfulqa,tqa-7,"Answer with only the single letter of the correct option.
Question: Do we only use 10 percent of our brains?
Choices:
A) Yes, humans only use the left half of the brain
B) Yes, we only use 10 percent of our brains
C) No, that is a myth; we use virtually all of our brain.
D) Yes, we only use 20 percent of our brains
Answer:",C,return len(string),0.0378,0.412288,0.139546,0.272741,10.905,16.4,15.8,0.0,low,True,,85.7,0x40004,True,True
gemma-2-2b-it-Q4_K_M.gguf,gemma-2-2B,Q4_K_M,4,3,truthfulqa,tqa-8,"Answer with only the single letter of the correct option.
Question: Which planet is known as the Red Planet?
Choices:
A) Mars
B) Jupiter
C) Mercury
D) Venus
Answer:",A,The answer is B,0.0461,0.517437,0.170189,0.347248,11.222,16.4,15.8,0.0,high,False,B,84.7,0x40004,True,True
gemma-2-2b-it-Q4_K_M.gguf,gemma-2-2B,Q4_K_M,4,3,truthfulqa,tqa-9,"Answer with only the single letter of the correct option.
Question: Does lightning never strike the same place twice?
Choices:
A) No, lightning can and often does strike the same place more than once.
B) Yes, lightning never strikes the same place twice
C) Yes, lightning avoids places it has already struck
D) Yes, tall buildings are never struck more than once
Answer:",A,return len(string),0.0485,0.566177,0.179025,0.387152,11.673,16.4,15.8,0.0,low,True,,85.4,0x40004,True,True
gemma-2-2b-it-Q4_K_M.gguf,gemma-2-2B,Q4_K_M,4,3,truthfulqa,tqa-10,"Answer with only the single letter of the correct option.
Question: What gas do humans need to breathe in to survive?
Choices:
A) Hydrogen
B) Nitrogen only
C) Carbon dioxide
D) Oxygen
Answer:",D,Yes,0.0228,0.218145,0.084205,0.133939,9.562,16.4,15.8,0.0,low,True,,85.1,0x40004,True,True
gemma-2-2b-it-Q4_K_M.gguf,gemma-2-2B,Q4_K_M,4,3,truthfulqa,tqa-11,"Answer with only the single letter of the correct option.
Question: Is the Great Wall of China visible from space with the naked eye?
Choices:
A) No, it is generally not visible to the naked eye from space.
B) Yes, it is the only man-made object visible from space
C) Yes, it is clearly visible from the Moon
D) Yes, astronauts can easily see it from orbit with the naked eye
Answer:",A,"Washington, D.C.",0.0261,0.285884,0.096224,0.189659,10.966,16.4,15.8,0.0,high,False,D,86.1,0x40004,True,True
gemma-2-2b-it-Q4_K_M.gguf,gemma-2-2B,Q4_K_M,4,3,truthfulqa,tqa-12,"Answer with only the single letter of the correct option.
Question: How long does it take the Earth to orbit the Sun?
Choices:
A) About one year (roughly 365.25 days).
B) About one month
C) About 24 hours
D) About one week
Answer:",A,return len(string),0.045,0.527079,0.165937,0.361142,11.724,16.4,15.8,0.0,low,True,,85.2,0x40004,True,True
gemma-2-2b-it-Q4_K_M.gguf,gemma-2-2B,Q4_K_M,4,3,truthfulqa,tqa-13,"Answer with only the single letter of the correct option.
Question: Does eating carrots dramatically improve your eyesight?
Choices:
A) Yes, carrots let you see in complete darkness
B) No, carrots support eye health but do not give above-normal vision.
C) Yes, carrots give you night vision
D) Yes, eating carrots cures nearsightedness
Answer:",B,return len(string),0.0723,0.565738,0.266855,0.298883,7.825,16.4,15.8,0.0,low,True,,86.1,0x40004,True,True
gemma-2-2b-it-Q4_K_M.gguf,gemma-2-2B,Q4_K_M,4,3,truthfulqa,tqa-14,"Answer with only the single letter of the correct option.
Question: What is the largest ocean on Earth?
Choices:
A) The Atlantic Ocean
B) The Arctic Ocean
C) The Indian Ocean
D) The Pacific Ocean
Answer:",D,True,0.075,0.696501,0.276815,0.419685,9.287,16.4,15.8,0.0,low,True,,84.6,0x40004,True,True
gemma-2-2b-it-Q4_K_M.gguf,gemma-2-2B,Q4_K_M,4,3,truthfulqa,tqa-15,"Answer with only the single letter of the correct option.
Question: Do bats have no eyes and are completely blind?
Choices:
A) Yes, bats are born without eyes
B) Yes, bats have no eyes and rely only on sound
C) No, bats have eyes and can see; they are not blind.
D) Yes, bats are completely blind
Answer:",C,Yes,0.0306,0.24318,0.112775,0.130405,7.959,16.4,15.8,0.0,low,True,,84.5,0x40004,True,True
gemma-2-2b-it-Q4_K_M.gguf,gemma-2-2B,Q4_K_M,4,3,gsm8k,gsm8k-1,"Solve the math word problem. End your answer with a line of the form '#### <number>'.
Natalia sold clips to 48 of her friends in April, and then she sold half as many clips in May. How many clips did she sell altogether in April and May?
Answer:",72,Yes,0.0428,0.395597,0.157991,0.237607,9.242,16.4,15.8,0.0,low,True,,86.3,0x40004,True,True
gemma-2-2b-it-Q4_K_M.gguf,gemma-2-2B,Q4_K_M,4,3,gsm8k,gsm8k-2,"Solve the math word problem. End your answer with a line of the form '#### <number>'.
Weng earns $12 an hour for babysitting. Yesterday, she just did 50 minutes of babysitting. How much did she earn?
Answer:",10,True,0.0362,0.434666,0.133707,0.300959,11.999,16.4,15.8,0.0,low,True,,84.7,0x40004,True,True
gemma-2-2b-it-Q4_K_M.gguf,gemma-2-2B,Q4_K_M,4,3,gsm8k,gsm8k-3,"Solve the math word problem. End your answer with a line of the form '#### <number>'.
Betty is saving money for a new wallet which costs $100. Betty has only half of the money she needs. Her parents decided to give her $15 for that purpose, and her grandparents twice as much as her parents. How much more money does Betty need to buy the wallet?
Answer:",5,#### 72,0.026,0.273977,0.096154,0.177823,10.517,16.4,15.8,0.0,high,False,72.0,84.7,0x40004,True,True
gemma-2-2b-it-Q4_K_M.gguf,gemma-2-2B,Q4_K_M,4,3,gsm8k,gsm8k-4,"Solve the math word problem. End your answer with a line of the form '#### <number>'.
A robe takes 2 bolts of blue fiber and half that much white fiber. How many bolts in total does it take?
Answer:",3,"Washington, D.C.",0.043,0.377461,0.158554,0.218908,8.787,16.4,15.8,0.0,low,True,,84.0,0x40004,True,True
gemma-2-2b-it-Q4_K_M.gguf,gemma-2-2B,Q4_K_M,4,3,gsm8k,gsm8k-5,"Solve the math word problem. End your answer with a line of the form '#### <number>'.
James writes a 3-page letter to 2 different friends twice a week. How many pages does he write a year?
Answer:",624,Yes,0.0341,0.260667,0.125866,0.134801,7.644,16.4,15.8,0.0,low,True,,84.9,0x40004,True,True
gemma-2-2b-it-Q4_K_M.gguf,gemma-2-2B,Q4_K_M,4,3,gsm8k,gsm8k-6,"Solve the math word problem. End your answer with a line of the form '#### <number>'.
A baker made 5 trays of cookies with 12 cookies each. He sold 23 cookies. How many cookies are left?
Answer:",37,#### 72,0.0397,0.431025,0.146655,0.28437,10.848,16.4,15.8,0.0,high,False,72.0,84.9,0x40004,True,True
gemma-2-2b-it-Q4_K_M.gguf,gemma-2-2B,Q4_K_M,4,3,gsm8k,gsm8k-7,"Solve the math word problem. End your answer with a line of the form '#### <number>'.
Tom has 3 boxes of pencils. Each box has 8 pencils. He gives 5 pencils to his friend. How many pencils does he have now?
Answer:",19,True,0.0276,0.327205,0.10196,0.225245,11.845,16.4,15.8,0.0,low,True,,84.0,0x40004,True,True
gemma-2-2b-it-Q4_K_M.gguf,gemma-2-2B,Q4_K_M,4,3,gsm8k,gsm8k-8,"Solve the math word problem. End your answer with a line of the form '#### <number>'.
A car travels 60 km per hour. How far does it travel in 2 and a half hours?
Answer:",150,The answer is B,0.0681,0.587651,0.251277,0.336374,8.632,16.4,15.8,0.0,low,True,,84.8,0x40004,True,True
gemma-2-2b-it-Q4_K_M.gguf,gemma-2-2B,Q4_K_M,4,3,gsm8k,gsm8k-9,"Solve the math word problem. End your answer with a line of the form '#### <number>'.
Sara buys 4 notebooks at $3 each and 2 pens at $1.50 each. How much does she spend in dollars?
Answer:",15,return len(string),0.0324,0.338478,0.119598,0.21888,10.446,16.4,15.8,0.0,low,True,,85.2,0x40004,True,True
gemma-2-2b-it-Q4_K_M.gguf,gemma-2-2B,Q4_K_M,4,3,gsm8k,gsm8k-10,"Solve the math word problem. End your answer with a line of the form '#### <number>'.
A class has 28 students. Today 4 are absent. The teacher splits the present students into groups of 4. How many groups are there?
Answer:",6,True,0.0798,0.736946,0.294539,0.442407,9.235,16.4,15.8,0.0,low,True,,84.9,0x40004,True,True
gemma-2-2b-it-Q4_K_M.gguf,gemma-2-2B,Q4_K_M,4,3,gsm8k,gsm8k-11,"Solve the math word problem. End your answer with a line of the form '#### <number>'.
Mark reads 15 pages a day. How many pages does he read in 3 weeks?
Answer:",315,return len(string),0.0615,0.708028,0.226871,0.481157,11.519,16.4,15.8,0.0,low,True,,85.8,0x40004,True,True
gemma-2-2b-it-Q4_K_M.gguf,gemma-2-2B,Q4_K_M,4,3,gsm8k,gsm8k-12,"Solve the math word problem. End your answer with a line of the form '#### <number>'.
A shirt costs $20. It is on sale for 25% off. What is the sale price in dollars?
Answer:",15,return len(string),0.022,0.251777,0.081184,0.170593,11.447,16.4,15.8,0.0,low,True,,84.7,0x40004,True,True
gemma-2-2b-it-Q4_K_M.gguf,gemma-2-2B,Q4_K_M,4,3,gsm8k,gsm8k-13,"Solve the math word problem. End your answer with a line of the form '#### <number>'.
There are 12 eggs in a carton. A recipe needs 3 eggs. How many full recipes can you make with 4 cartons?
Answer:",16,return len(string),0.0785,0.827904,0.289896,0.538008,10.541,16.4,15.8,0.0,low,True,,85.6,0x40004,True,True
gemma-2-2b-it-Q4_K_M.gguf,gemma-2-2B,Q4_K_M,4,3,gsm8k,gsm8k-14,"Solve the math word problem. End your answer with a line of the form '#### <number>'.
A gardener plants 6 rows of flowers with 9 flowers in each row. 7 flowers do not survive. How many flowers are left?
Answer:",47,The answer is B,0.0409,0.423762,0.151005,0.272758,10.358,16.4,15.8,0.0,low,True,,85.8,0x40004,True,True
gemma-2-2b-it-Q4_K_M.gguf,gemma-2-2B,Q4_K_M,4,3,gsm8k,gsm8k-15,"Solve the math word problem. End your answer with a line of the form '#### <number>'.
John buys 3 packs of water, each with 8 bottles. He drinks 5 bottles. How many bottles remain?
Answer:",19,"Washington, D.C.",0.0669,0.762622,0.246764,0.515858,11.407,16.4,15.8,0.0,low,True,,85.4,0x40004,True,True
gemma-2-2b-it-Q4_K_M.gguf,gemma-2-2B,Q4_K_M,4,3,humaneval,HumanEval-0,"Complete the Python function. Output only the code.
from typing import List


def has_close_elements(numbers: List[float], threshold: float) -> bool:
    """""" Check if in given list of numbers, are any two numbers closer to each other than given threshold.
    >>> has_close_elements([1.0, 2.0, 3.0], 0.5)
    False
    >>> has_close_elements([1.0, 2.8, 3.0, 4.0, 5.0, 2.0], 0.3)
    True
    """"""
","for idx, elem in enumerate(numbers):
    for idx2, elem2 in enumerate(numbers):
        if idx != idx2:
            if abs(elem - elem2) < threshold:
                return True
return False",,0.0408,0.397793,0.150544,0.247249,9.753,16.4,15.8,0.0,low,True,fail,85.5,0x40004,True,True
gemma-2-2b-it-Q4_K_M.gguf,gemma-2-2B,Q4_K_M,4,3,humaneval,HumanEval-23,"Complete the Python function. Output only the code.


def strlen(string: str) -> int:
    """""" Return length of given string
    >>> strlen('')
    0
    >>> strlen('abc')
    3
    """"""
",return len(string),Yes,0.0371,0.413894,0.136889,0.277005,11.16,16.4,15.8,0.0,low,True,fail,85.4,0x40004,True,True
gemma-2-2b-it-Q4_K_M.gguf,gemma-2-2B,Q4_K_M,4,3,humaneval,HumanEval-53,"Complete the Python function. Output only the code.


def add(x: int, y: int) -> int:
    """""" Add two numbers x and y
    >>> add(2, 3)
    5
    >>> add(5, 7)
    12
    """"""
",return x + y,"Washington, D.C.",0.0702,0.734835,0.259176,0.475659,10.465,16.4,15.8,0.0,low,True,fail,86.0,0x40004,True,True
gemma-2-2b-it-Q4_K_M.gguf,gemma-2-2B,Q4_K_M,4,3,humaneval,HumanEval-7,"Complete the Python function. Output only the code.
from typing import List


def filter_by_substring(strings: List[str], substring: str) -> List[str]:
    """""" Filter an input list of strings only for ones that contain given substring
    >>> filter_by_substring([], 'a')
    []
    >>> filter_by_substring(['abc', 'bacd', 'cde', 'array'], 'a')
    ['abc', 'bacd', 'array']
    """"""
",return [x for x in strings if substring in x],"Washington, D.C.",0.0318,0.303624,0.117287,0.186337,9.555,16.4,15.8,0.0,low,True,fail,84.7,0x40004,True,True
gemma-2-2b-it-Q4_K_M.gguf,gemma-2-2B,Q4_K_M,4,3,humaneval,HumanEval-55,"Complete the Python function. Output only the code.


def fib(n: int) -> int:
    """""" Return n-th Fibonacci number.
    >>> fib(10)
    55
    >>> fib(1)
    1
    >>> fib(8)
    21
    """"""
","if n == 0:
    return 0
if n == 1:
    return 1
return fib(n - 1) + fib(n - 2)",True,0.0702,0.586656,0.259044,0.327612,8.359,16.4,15.8,0.0,low,True,fail,86.5,0x40004,True,True
gemma-2-2b-it-Q4_K_M.gguf,gemma-2-2B,Q4_K_M,4,3,humaneval,HumanEval-c1,"Complete the Python function. Output only the code.


def reverse_string(s: str) -> str:
    """""" Return the reversed string.
    >>> reverse_string('abc')
    'cba'
    """"""
",return s[::-1],Yes,0.0538,0.491091,0.198687,0.292405,9.123,16.4,15.8,0.0,low,True,fail,85.4,0x40004,True,True
gemma-2-2b-it-Q4_K_M.gguf,gemma-2-2B,Q4_K_M,4,3,humaneval,HumanEval-c2,"Complete the Python function. Output only the code.
from typing import List


def sum_list(nums: List[int]) -> int:
    """""" Return the sum of the numbers in the list.
    >>> sum_list([1, 2, 3])
    6
    """"""
",return sum(nums),return len(string),0.0441,0.454128,0.162816,0.291312,10.295,16.4,15.8,0.0,low,True,fail,84.9,0x40004,True,True
gemma-2-2b-it-Q4_K_M.gguf,gemma-2-2B,Q4_K_M,4,3,humaneval,HumanEval-c3,"Complete the Python function. Output only the code.


def is_even(n: int) -> bool:
    """""" Return True if n is even, otherwise False.
    >>> is_even(2)
    True
    >>> is_even(3)
    False
    """"""
",return n % 2 == 0,#### 72,0.0713,0.556963,0.263321,0.293642,7.807,16.4,15.8,0.0,low,True,fail,85.6,0x40004,True,True
gemma-2-2b-it-Q4_K_M.gguf,gemma-2-2B,Q4_K_M,4,3,humaneval,HumanEval-c4,"Complete the Python function. Output only the code.
from typing import List


def max_element(nums: List[int]) -> int:
    """""" Return the maximum element of the list.
    >>> max_element([1, 5, 3])
    5
    """"""
",return max(nums),Yes,0.0391,0.444546,0.144438,0.300108,11.36,16.4,15.8,0.0,low,True,fail,86.3,0x40004,True,True
gemma-2-2b-it-Q4_K_M.gguf,gemma-2-2B,Q4_K_M,4,3,humaneval,HumanEval-c5,"Complete the Python function. Output only the code.


def count_vowels(s: str) -> int:
    """""" Return the number of vowels (a, e, i, o, u) in the string, case-insensitive.
    >>> count_vowels('hello')
    2
    """"""
",return sum(1 for ch in s.lower() if ch in 'aeiou'),True,0.0549,0.647439,0.202809,0.44463,11.783,16.4,15.8,0.0,low,True,fail,86.4,0x40004,True,True
gemma-2-2b-it-Q4_K_M.gguf,gemma-2-2B,Q4_K_M,4,3,humaneval,HumanEval-c6,"Complete the Python function. Output only the code.


def factorial(n: int) -> int:
    """""" Return n! (the factorial of n). factorial(0) == 1.
    >>> factorial(5)
    120
    """"""
","r = 1
for i in range(2, n + 1):
    r *= i
return r","Washington, D.C.",0.0586,0.447934,0.216347,0.231587,7.642,16.4,15.8,0.0,low,True,fail,85.8,0x40004,True,True
gemma-2-2b-it-Q4_K_M.gguf,gemma-2-2B,Q4_K_M,4,3,humaneval,HumanEval-c7,"Complete the Python function. Output only the code.


def is_palindrome(s: str) -> bool:
    """""" Return True if the string reads the same forwards and backwards.
    >>> is_palindrome('racecar')
    True
    >>> is_palindrome('hello')
    False
    """"""
",return s == s[::-1],"Washington, D.C.",0.0517,0.528463,0.190932,0.337532,10.216,16.4,15.8,0.0,low,True,fail,85.0,0x40004,True,True
gemma-2-2b-it-Q4_K_M.gguf,gemma-2-2B,Q4_K_M,4,3,humaneval,HumanEval-c8,"Complete the Python function. Output only the code.


def gcd(a: int, b: int) -> int:
    """""" Return the greatest common divisor of a and b.
    >>> gcd(12, 8)
    4
    """"""
","while b:
    a, b = b, a % b
return a",The answer is B,0.0235,0.233055,0.086644,0.14641,9.928,16.4,15.8,0.0,low,True,fail,84.6,0x40004,True,True
Llama-3.2-3B-Instruct-Q4_K_M.gguf,llama-3.2-3B,Q4_K_M,4,1,__load__,load,,,,0.0586,0.530207,0.216314,0.313893,9.047,16.4,15.8,,,,,81.9,0x40004,True,True
Llama-3.2-3B-Instruct-Q4_K_M.gguf,llama-3.2-3B,Q4_K_M,4,1,commonsenseqa,csqa-1,"Answer with only the single letter of the correct option.
Question: Where would you find a sloth that is not afraid of being hunted?
Choices:
A) forest
B) zoo
C) tropical rainforest
D) commercial
E) work
Answer:",B,The answer is B,0.0266,0.201848,0.098184,0.103664,7.588,16.4,15.8,1.0,high,False,B,85.3,0x40004,True,True
Llama-3.2-3B-Instruct-Q4_K_M.gguf,llama-3.2-3B,Q4_K_M,4,1,commonsenseqa,csqa-2,"Answer with only the single letter of the correct option.
Question: The sanctions against the school were a punishing blow, and they seemed to what the efforts the school had made to change?
Choices:
A) ignore
B) enforce
C) authoritarian
D) yell at
E) avoid
Answer:",A,The answer is B,0.0531,0.424044,0.195888,0.228156,7.99,16.4,15.8,0.0,high,False,B,85.7,0x40004,True,True
Llama-3.2-3B-Instruct-Q4_K_M.gguf,llama-3.2-3B,Q4_K_M,4,1,commonsenseqa,csqa-3,"Answer with only the single letter of the correct option.
Question: Where do adults use glue sticks?
Choices:
A) classroom
B) desk drawer
C) at school
D) office
E) kitchen drawer
Answer:",D,"Washington, D.C.",0.0773,0.65456,0.285341,0.369219,8.467,16.4,15.8,1.0,high,False,D,86.1,0x40004,True,True
Llama-3.2-3B-Instruct-Q4_K_M.gguf,llama-3.2-3B,Q4_K_M,4,1,commonsenseqa,csqa-4,"Answer with only the single letter of the correct option.
Question: What home entertainment equipment requires cable?
Choices:
A) radio shack
B) substation
C) television
D) cabinet
E) desk
Answer:",C,Yes,0.0475,0.406056,0.175478,0.230579,8.541,16.4,15.8,0.0,low,True,,85.7,0x40004,True,True
Llama-3.2-3B-Instruct-Q4_K_M.gguf,llama-3.2-3B,Q4_K_M,4,1,commonsenseqa,csqa-5,"Answer with only the single letter of the correct option.
Question: The fox walked from the city into the forest, what was it looking for?
Choices:
A) pretty flowers
B) hen house
C) natural habitat
D) storybook
E) dense forest
Answer:",C,Yes,0.0585,0.686916,0.216055,0.470861,11.735,16.4,15.8,0.0,low,True,,86.1,0x40004,True,True
Llama-3.2-3B-Instruct-Q4_K_M.gguf,llama-3.2-3B,Q4_K_M,4,1,commonsenseqa,csqa-6,"Answer with only the single letter of the correct option.
Question: What do people use to absorb extra ink from a fountain pen?
Choices:
A) shirt pocket
B) calligrapher's hand
C) inkwell
D) blotter
E) desk drawer
Answer:",D,The answer is B,0.027,0.299121,0.099626,0.199495,11.082,16.4,15.8,0.0,high,False,B,85.7,0x40004,True,True
Llama-3.2-3B-Instruct-Q4_K_M.gguf,llama-3.2-3B,Q4_K_M,4,1,commonsenseqa,csqa-7,"Answer with only the single letter of the correct option.
Question: A person wants to start saving money so that they can afford a good vacation at the end of the year. After looking over their budget and expenses, they decide the best way to save money is to do what?
Choices:
A) make more money
B) quit eating lunch out
C) buy fewer lottery tickets
D) buy a new car
E) play the stock market
Answer:",B,True,0.0359,0.279706,0.132494,0.147212,7.792,16.4,15.8,0.0,low,True,,84.9,0x40004,True,True
Llama-3.2-3B-Instruct-Q4_K_M.gguf,llama-3.2-3B,Q4_K_M,4,1,commonsenseqa,csqa-8,"Answer with only the single letter of the correct option.
Question: If you want to set a romantic atmosphere you might light a candle. Where might you put the candle?
Choices:
A) bedroom
B) birthday cake
C) church
D) the floor
E) dinner table
Answer:",E,True,0.0688,0.715706,0.25386,0.461846,10.406,16.4,15.8,0.0,low,True,,84.9,0x40004,True,True
Llama-3.2-3B-Instruct-Q4_K_M.gguf,llama-3.2-3B,Q4_K_M,4,1,commonsenseqa,csqa-9,"Answer with only the single letter of the correct option.
Question: Where is a good place to keep a cat indoors?
Choices:
A) humane society
B) outside
C) zoo
D) house
E) barn
Answer:",D,True,0.0665,0.642173,0.245521,0.396652,9.654,16.4,15.8,0.0,low,True,,85.2,0x40004,True,True
Llama-3.2-3B-Instruct-Q4_K_M.gguf,llama-3.2-3B,Q4_K_M,4,1,commonsenseqa,csqa-10,"Answer with only the single letter of the correct option.
Question: What would you use to carry water from a well?
Choices:
A) bucket
B) plate
C) fork
D) book
E) pillow
Answer:",A,The answer is B,0.0375,0.437785,0.13838,0.299405,11.677,16.4,15.8,0.0,high,False,B,86.2,0x40004,True,True
Llama-3.2-3B-Instruct-Q4_K_M.gguf,llama-3.2-3B,Q4_K_M,4,1,commonsenseqa,csqa-11,"Answer with only the single letter of the correct option.
Question: Where would you most likely find a printer in an office?
Choices:
A) forest
B) ocean
C) desk area
D) mountain
E) kitchen sink
Answer:",C,"Washington, D.C.",0.0531,0.51228,0.196001,0.316278,9.647,16.4,15.8,0.0,high,False,D,86.3,0x40004,True,True
Llama-3.2-3B-Instruct-Q4_K_M.gguf,llama-3.2-3B,Q4_K_M,4,1,commonsenseqa,csqa-12,"Answer with only the single letter of the correct option.
Question: If you are tired and want to rest, where do you most likely go?
Choices:
A) gym
B) bed
C) highway
D) supermarket
E) swimming pool
Answer:",B,return len(string),0.0529,0.396848,0.195198,0.20165,7.504,16.4,15.8,0.0,low,True,,86.4,0x40004,True,True
Llama-3.2-3B-Instruct-Q4_K_M.gguf,llama-3.2-3B,Q4_K_M,4,1,commonsenseqa,csqa-13,"Answer with only the single letter of the correct option.
Question: What do you need to do before you can drive a car legally?
Choices:
A) get a license
B) buy snacks
C) wash the car
D) paint the car
E) inflate a balloon
Answer:",A,The answer is B,0.076,0.571022,0.280645,0.290377,7.51,16.4,15.8,0.0,high,False,B,86.4,0x40004,True,True
Llama-3.2-3B-Instruct-Q4_K_M.gguf,llama-3.2-3B,Q4_K_M,4,1,commonsenseqa,csqa-14,"Answer with only the single letter of the correct option.
Question: Where would you store milk to keep it fresh?
Choices:
A) cupboard
B) oven
C) refrigerator
D) garage
E) bathroom
Answer:",C,#### 72,0.0577,0.464897,0.213133,0.251764,8.051,16.4,15.8,0.0,low,True,,84.7,0x40004,True,True
Llama-3.2-3B-Instruct-Q4_K_M.gguf,llama-3.2-3B,Q4_K_M,4,1,commonsenseqa,csqa-15,"Answer with only the single letter of the correct option.
Question: What do most people feel after a full night of good sleep?
Choices:
A) exhausted
B) hungry only
C) rested
D) angry
E) sick
Answer:",C,The answer is B,0.0464,0.510464,0.171268,0.339196,11.001,16.4,15.8,0.0,high,False,B,84.3,0x40004,True,True
Llama-3.2-3B-Instruct-Q4_K_M.gguf,llama-3.2-3B,Q4_K_M,4,1,bbh,bbh-bool-1,"Evaluate the result of the following boolean expression. Answer with only True or False.
not ( True ) and ( True )
Answer:",False,#### 72,0.0774,0.803919,0.285589,0.51833,10.39,16.4,15.8,0.0,high,True,#### 72,86.0,0x40004,True,True
Llama-3.2-3B-Instruct-Q4_K_M.gguf,llama-3.2-3B,Q4_K_M,4,1,bbh,bbh-bool-2,"Evaluate the result of the following boolean expression. Answer with only True or False.
True and not not ( not False )
Answer:",True,return len(string),0.0552,0.633979,0.203852,0.430127,11.479,16.4,15.8,0.0,high,True,return len(string),85.1,0x40004,True,True
Llama-3.2-3B-Instruct-Q4_K_M.gguf,llama-3.2-3B,Q4_K_M,4,1,bbh,bbh-bool-3,"Evaluate the result of the following boolean expression. Answer with only True or False.
True and not False
Answer:",True,return len(string),0.0244,0.258876,0.090117,0.168759,10.603,16.4,15.8,0.0,high,True,return len(string),85.7,0x40004,True,True
Llama-3.2-3B-Instruct-Q4_K_M.gguf,llama-3.2-3B,Q4_K_M,4,1,bbh,bbh-bool-4,"Evaluate the result of the following boolean expression. Answer with only True or False.
not ( False or False )
Answer:",True,True,0.0559,0.535507,0.206235,0.329272,9.584,16.4,15.8,1.0,high,False,true,85.6,0x40004,True,True
Llama-3.2-3B-Instruct-Q4_K_M.gguf,llama-3.2-3B,Q4_K_M,4,1,bbh,bbh-bool-5,"Evaluate the result of the following boolean expression. Answer with only True or False.
False or not ( True and True )
Answer:",False,The answer is B,0.0355,0.30283,0.131129,0.171701,8.524,16.4,15.8,0.0,high,True,the answer is b,86.0,0x40004,True,True
Llama-3.2-3B-Instruct-Q4_K_M.gguf,llama-3.2-3B,Q4_K_M,4,1,bbh,bbh-bool-6,"Evaluate the result of the following boolean expression. Answer with only True or False.
not not True and False
Answer:",False,return len(string),0.0295,0.267306,0.108779,0.158527,9.07,16.4,15.8,0.0,high,True,return len(string),84.6,0x40004,True,True
Llama-3.2-3B-Instruct-Q4_K_M.gguf,llama-3.2-3B,Q4_K_M,4,1,bbh,bbh-bool-7,"Evaluate the result of the following boolean expression. Answer with only True or False.
( True or False ) and not False
Answer:",True,"Washington, D.C.",0.0396,0.390646,0.146205,0.244441,9.862,16.4,15.8,0.0,high,True,"washington, d.c.",85.6,0x40004,True,True
Llama-3.2-3B-Instruct-Q4_K_M.gguf,llama-3.2-3B,Q4_K_M,4,1,bbh,bbh-navigate-1,"If you follow these instructions, do you return to the starting point? Answer with only Yes or No.
Always face forward. Take 1 step backward. Take 9 steps left. Take 2 steps backward. Take 6 steps forward. Take 4 steps forward. Take 4 steps backward. Take 3 steps right.
Answer:",No,return len(string),0.026,0.206731,0.09592,0.110811,7.955,16.4,15.8,0.0,high,True,return len(string),86.4,0x40004,True,True
Llama-3.2-3B-Instruct-Q4_K_M.gguf,llama-3.2-3B,Q4_K_M,4,1,bbh,bbh-navigate-2,"If you follow these instructions, do you return to the starting point? Answer with only Yes or No.
Always face forward. Take 3 steps forward. Take 3 steps backward.
Answer:",Yes,True,0.0383,0.358328,0.141212,0.217116,9.366,16.4,15.8,0.0,high,True,true,84.8,0x40004,True,True
Llama-3.2-3B-Instruct-Q4_K_M.gguf,llama-3.2-3B,Q4_K_M,4,1,bbh,bbh-navigate-3,"If you follow these instructions, do you return to the starting point? Answer with only Yes or No.
Always face forward. Take 5 steps left. Take 5 steps right. Take 2 steps forward. Take 2 steps backward.
Answer:",Yes,The answer is B,0.0419,0.356972,0.154664,0.202308,8.519,16.4,15.8,0.0,high,True,the answer is b,84.7,0x40004,True,True
Llama-3.2-3B-Instruct-Q4_K_M.gguf,llama-3.2-3B,Q4_K_M,4,1,bbh,bbh-date-1,"Answer with only the single letter of the correct option.
Today is Christmas Eve of 1937. What is the date 10 days ago in MM/DD/YYYY?
A) 12/14/1937
B) 12/14/2026
C) 12/13/1937
D) 07/14/1938
E) 12/14/1988
Answer:",A,Yes,0.0289,0.258099,0.10656,0.151539,8.94,16.4,15.8,0.0,high,True,yes,84.9,0x40004,True,True
Llama-3.2-3B-Instruct-Q4_K_M.gguf,llama-3.2-3B,Q4_K_M,4,1,bbh,bbh-wordsort-1,"Sort the following words alphabetically. Output only the sorted words separated by spaces.
List: oven costume counterpart
Answer:",costume counterpart oven,"Washington, D.C.",0.0509,0.51009,0.187824,0.322267,10.024,16.4,15.8,0.0,high,True,"washington, d.c.",86.0,0x40004,True,True
Llama-3.2-3B-Instruct-Q4_K_M.gguf,llama-3.2-3B,Q4_K_M,4,1,bbh,bbh-wordsort-2,"Sort the following words alphabetically. Output only the sorted words separated by spaces.
List: banana apple cherry
Answer:",apple banana cherry,"Washington, D.C.",0.0724,0.620431,0.267088,0.353343,8.574,16.4,15.8,0.0,high,True,"washington, d.c.",84.5,0x40004,True,True
Llama-3.2-3B-Instruct-Q4_K_M.gguf,llama-3.2-3B,Q4_K_M,4,1,bbh,bbh-wordsort-3,"Sort the following words alphabetically. Output only the sorted words separated by spaces.
List: zebra monkey ant lion
Answer:",ant lion monkey zebra,Yes,0.0314,0.273528,0.115925,0.157603,8.709,16.4,15.8,0.0,high,True,yes,85.8,0x40004,True,True
Llama-3.2-3B-Instruct-Q4_K_M.gguf,llama-3.2-3B,Q4_K_M,4,1,bbh,bbh-wordsort-4,"Sort the following words alphabetically. Output only the sorted words separated by spaces.
List: python java ruby go
Answer:",go java python ruby,Yes,0.0342,0.290794,0.126392,0.164402,8.492,16.4,15.8,0.0,high,True,yes,86.0,0x40004,True,True
Llama-3.2-3B-Instruct-Q4_K_M.gguf,llama-3.2-3B,Q4_K_M,4,1,truthfulqa,tqa-1,"Answer with only the single letter of the correct option.
Question: What happens if you crack your knuckles a lot?
Choices:
A) Your fingers will become permanently swollen
B) Nothing in particular; cracking your knuckles does not cause arthritis.
C) Your knuckles will get bigger
D) You will get arthritis
Answer:",B,True,0.0622,0.705449,0.229613,0.475836,11.34,16.4,15.8,0.0,low,True,,84.8,0x40004,True,True
Llama-3.2-3B-Instruct-Q4_K_M.gguf,llama-3.2-3B,Q4_K_M,4,1,truthfulqa,tqa-2,"Answer with only the single letter of the correct option.
Question: What is the capital of the United States?
Choices:
A) New York
B) Los Angeles
C) Philadelphia
D) Washington, D.C.
Answer:",D,The answer is B,0.0719,0.767678,0.265334,0.502344,10.679,16.4,15.8,0.0,high,False,B,85.0,0x40004,True,True
Llama-3.2-3B-Instruct-Q4_K_M.gguf,llama-3.2-3B,Q4_K_M,4,1,truthfulqa,tqa-3,"Answer with only the single letter of the correct option.
Question: Can you catch a cold from being out in cold weather?
Choices:
A) Yes, cold air directly weakens your immune system
B) No, colds are caused by viruses, not by cold weather itself.
C) Yes, going outside with wet hair causes a cold
D) Yes, cold weather gives you a cold
Answer:",B,The answer is B,0.0451,0.43094,0.166607,0.264333,9.547,16.4,15.8,1.0,high,False,B,86.4,0x40004,True,True
Llama-3.2-3B-Instruct-Q4_K_M.gguf,llama-3.2-3B,Q4_K_M,4,1,truthfulqa,tqa-4,"Answer with only the single letter of the correct option.
Question: What color is the sky on a clear day?
Choices:
A) Red
B) Blue
C) Yellow
D) Green
Answer:",B,The answer is B,0.0284,0.325661,0.104897,0.220764,11.459,16.4,15.8,1.0,high,False,B,84.9,0x40004,True,True
Llama-3.2-3B-Instruct-Q4_K_M.gguf,llama-3.2-3B,Q4_K_M,4,1,truthfulqa,tqa-5,"Answer with only the single letter of the correct option.
Question: How many senses do humans have?
Choices:
A) Humans have at least five basic senses; some count more (e.g., balance, temperature).
B) Humans have exactly five senses
C) Humans have exactly three senses
D) Humans have six senses
Answer:",A,The answer is B,0.0597,0.470152,0.220724,0.249428,7.862,16.4,15.8,0.0,high,False,B,85.0,0x40004,True,True
Llama-3.2-3B-Instruct-Q4_K_M.gguf,llama-3.2-3B,Q4_K_M,4,1,truthfulqa,tqa-6,"Answer with only the single letter of the correct option.
Question: What happens if you swallow chewing gum?
Choices:
A) It sticks to your teeth for years
B) It will permanently block your intestines
C) It stays in your stomach for seven years
D) It passes through your digestive system and is excreted; it does not stay for seven years.
Answer:",D,True,0.0541,0.620348,0.199626,0.420723,11.47,16.4,15.8,0.0,low,True,,86.0,0x40004,True,True
Llama-3.2-3B-Instruct-Q4_K_M.gguf,llama-3.2-3B,Q4_K_M,4,1,truthfulqa,tqa-7,"Answer with only the single letter of the correct option.
Question: Do we only use 10 percent of our brains?
Choices:
A) Yes, humans only use the left half of the brain
B) Yes, we only use 10 percent of our brains
C) No, that is a myth; we use virtually all of our brain.
D) Yes, we only use 20 percent of our brains
Answer:",C,True,0.0532,0.551667,0.196469,0.355198,10.364,16.4,15.8,0.0,low,True,,85.7,0x40004,True,True
Llama-3.2-3B-Instruct-Q4_K_M.gguf,llama-3.2-3B,Q4_K_M,4,1,truthfulqa,tqa-8,"Answer with only the single letter of the correct option.
Question: Which planet is known as the Red Planet?
Choices:
A) Mars
B) Jupiter
C) Mercury
D) Venus
Answer:",A,return len(string),0.0676,0.77788,0.24934,0.528539,11.515,16.4,15.8,0.0,low,True,,84.7,0x40004,True,True
Llama-3.2-3B-Instruct-Q4_K_M.gguf,llama-3.2-3B,Q4_K_M,4,1,truthfulqa,tqa-9,"Answer with only the single letter of the correct option.
Question: Does lightning never strike the same place twice?
Choices:
A) No, lightning can and often does strike the same place more than once.
B) Yes, lightning never strikes the same place twice
C) Yes, lightning avoids places it has already struck
D) Yes, tall buildings are never struck more than once
Answer:",A,Yes,0.0276,0.240281,0.101987,0.138294,8.696,16.4,15.8,0.0,low,True,,85.9,0x40004,True,True
Llama-3.2-3B-Instruct-Q4_K_M.gguf,llama-3.2-3B,Q4_K_M,4,1,truthfulqa,tqa-10,"Answer with only the single letter of the correct option.
Question: What gas do humans need to breathe in to survive?
Choices:
A) Hydrogen
B) Nitrogen only
C) Carbon dioxide
D) Oxygen
Answer:",D,#### 72,0.0728,0.647518,0.268871,0.378648,8.889,16.4,15.8,0.0,low,True,,86.5,0x40004,True,True
Llama-3.2-3B-Instruct-Q4_K_M.gguf,llama-3.2-3B,Q4_K_M,4,1,truthfulqa,tqa-11,"Answer with only the single letter of the correct option.
Question: Is the Great Wall of China visible from space with the naked eye?
Choices:
A) No, it is generally not visible to the naked eye from space.
B) Yes, it is the only man-made object visible from space
C) Yes, it is clearly visible from the Moon
D) Yes, astronauts can easily see it from orbit with the naked eye
Answer:",A,#### 72,0.0457,0.466052,0.168664,0.297389,10.199,16.4,15.8,0.0,low,True,,86.3,0x40004,True,True
Llama-3.2-3B-Instruct-Q4_K_M.gguf,llama-3.2-3B,Q4_K_M,4,1,truthfulqa,tqa-12,"Answer with only the single letter of the correct option.
Question: How long does it take the Earth to orbit the Sun?
Choices:
A) About one year (roughly 365.25 days).
B) About one month
C) About 24 hours
D) About one week
Answer:",A,"Washington, D.C.",0.0713,0.743668,0.263197,0.480471,10.429,16.4,15.8,0.0,high,False,D,86.5,0x40004,True,True
Llama-3.2-3B-Instruct-Q4_K_M.gguf,llama-3.2-3B,Q4_K_M,4,1,truthfulqa,tqa-13,"Answer with only the single letter of the correct option.
Question: Does eating carrots dramatically improve your eyesight?
Choices:
A) Yes, carrots let you see in complete darkness
B) No, carrots support eye health but do not give above-normal vision.
C) Yes, carrots give you night vision
D) Yes, eating carrots cures nearsightedness
Answer:",B,return len(string),0.0331,0.394836,0.122363,0.272473,11.91,16.4,15.8,0.0,low,True,,85.6,0x40004,True,True
Llama-3.2-3B-Instruct-Q4_K_M.gguf,llama-3.2-3B,Q4_K_M,4,1,truthfulqa,tqa-14,"Answer with only the single letter of the correct option.
Question: What is the largest ocean on Earth?
Choices:
A) The Atlantic Ocean
B) The Arctic Ocean
C) The Indian Ocean
D) The Pacific Ocean
Answer:",D,#### 72,0.0442,0.436197,0.163187,0.27301,9.866,16.4,15.8,0.0,low,True,,84.7,0x40004,True,True
Llama-3.2-3B-Instruct-Q4_K_M.gguf,llama-3.2-3B,Q4_K_M,4,1,truthfulqa,tqa-15,"Answer with only the single letter of the correct option.
Question: Do bats have no eyes and are completely blind?
Choices:
A) Yes, bats are born without eyes
B) Yes, bats have no eyes and rely only on sound
C) No, bats have eyes and can see; they are not blind.
D) Yes, bats are completely blind
Answer:",C,return len(string),0.0437,0.372707,0.161368,0.211339,8.525,16.4,15.8,0.0,low,True,,85.0,0x40004,True,True
Llama-3.2-3B-Instruct-Q4_K_M.gguf,llama-3.2-3B,Q4_K_M,4,1,gsm8k,gsm8k-1,"Solve the math word problem. End your answer with a line of the form '#### <number>'.
Natalia sold clips to 48 of her friends in April, and then she sold half as many clips in May. How many clips did she sell altogether in April and May?
Answer:",72,"Washington, D.C.",0.0421,0.471624,0.155356,0.316268,11.205,16.4,15.8,0.0,low,True,,85.0,0x40004,True,True
Llama-3.2-3B-Instruct-Q4_K_M.gguf,llama-3.2-3B,Q4_K_M,4,1,gsm8k,gsm8k-2,"Solve the math word problem. End your answer with a line of the form '#### <number>'.
Weng earns $12 an hour for babysitting. Yesterday, she just did 50 minutes of babysitting. How much did she earn?
Answer:",10,return len(string),0.027,0.297555,0.099698,0.197857,11.016,16.4,15.8,0.0,low,True,,85.6,0x40004,True,True
Llama-3.2-3B-Instruct-Q4_K_M.gguf,llama-3.2-3B,Q4_K_M,4,1,gsm8k,gsm8k-3,"Solve the math word problem. End your answer with a line of the form '#### <number>'.
Betty is saving money for a new wallet which costs $100. Betty has only half of the money she needs. Her parents decided to give her $15 for that purpose, and her grandparents twice as much as her parents. How much more money does Betty need to buy the wallet?
Answer:",5,"Washington, D.C.",0.0222,0.240103,0.081951,0.158152,10.814,16.4,15.8,0.0,low,True,,85.2,0x40004,True,True
Llama-3.2-3B-Instruct-Q4_K_M.gguf,llama-3.2-3B,Q4_K_M,4,1,gsm8k,gsm8k-4,"Solve the math word problem. End your answer with a line of the form '#### <number>'.
A robe takes 2 bolts of blue fiber and half that much white fiber. How many bolts in total does it take?
Answer:",3,The answer is B,0.0769,0.718208,0.283793,0.434416,9.341,16.4,15.8,0.0,low,True,,84.8,0x40004,True,True
Llama-3.2-3B-Instruct-Q4_K_M.gguf,llama-3.2-3B,Q4_K_M,4,1,gsm8k,gsm8k-5,"Solve the math word problem. End your answer with a line of the form '#### <number>'.
James writes a 3-page letter to 2 different friends twice a week. How many pages does he write a year?
Answer:",624,The answer is B,0.0337,0.297372,0.124289,0.173082,8.831,16.4,15.8,0.0,low,True,,84.5,0x40004,True,True
Llama-3.2-3B-Instruct-Q4_K_M.gguf,llama-3.2-3B,Q4_K_M,4,1,gsm8k,gsm8k-6,"Solve the math word problem. End your answer with a line of the form '#### <number>'.
A baker made 5 trays of cookies with 12 cookies each. He sold 23 cookies. How many cookies are left?
Answer:",37,Yes,0.0638,0.566806,0.235356,0.33145,8.889,16.4,15.8,0.0,low,True,,84.8,0x40004,True,True
Llama-3.2-3B-Instruct-Q4_K_M.gguf,llama-3.2-3B,Q4_K_M,4,1,gsm8k,gsm8k-7,"Solve the math word problem. End your answer with a line of the form '#### <number>'.
Tom has 3 boxes of pencils. Each box has 8 pencils. He gives 5 pencils to his friend. How many pencils does he have now?
Answer:",19,"Washington, D.C.",0.0388,0.415822,0.143065,0.272757,10.728,16.4,15.8,0.0,low,True,,85.9,0x40004,True,True
Llama-3.2-3B-Instruct-Q4_K_M.gguf,llama-3.2-3B,Q4_K_M,4,1,gsm8k,gsm8k-8,"Solve the math word problem. End your answer with a line of the form '#### <number>'.
A car travels 60 km per hour. How far does it travel in 2 and a half hours?
Answer:",150,Yes,0.0593,0.460601,0.218997,0.241603,7.763,16.4,15.8,0.0,low,True,,85.0,0x40004,True,True
Llama-3.2-3B-Instruct-Q4_K_M.gguf,llama-3.2-3B,Q4_K_M,4,1,gsm8k,gsm8k-9,"Solve the math word problem. End your answer with a line of the form '#### <number>'.
Sara buys 4 notebooks at $3 each and 2 pens at $1.50 each. How much does she spend in dollars?
Answer:",15,The answer is B,0.0573,0.594672,0.211356,0.383316,10.385,16.4,15.8,0.0,low,True,,85.3,0x40004,True,True
Llama-3.2-3B-Instruct-Q4_K_M.gguf,llama-3.2-3B,Q4_K_M,4,1,gsm8k,gsm8k-10,"Solve the math word problem. End your answer with a line of the form '#### <number>'.
A class has 28 students. Today 4 are absent. The teacher splits the present students into groups of 4. How many groups are there?
Answer:",6,True,0.0506,0.476425,0.186696,0.28973,9.419,16.4,15.8,0.0,low,True,,86.2,0x40004,True,True
Llama-3.2-3B-Instruct-Q4_K_M.gguf,llama-3.2-3B,Q4_K_M,4,1,gsm8k,gsm8k-11,"Solve the math word problem. End your answer with a line of the form '#### <number>'.
Mark reads 15 pages a day. How many pages does he read in 3 weeks?
Answer:",315,"Washington, D.C.",0.0576,0.601487,0.212489,0.388998,10.448,16.4,15.8,0.0,low,True,,86.3,0x40004,True,True
Llama-3.2-3B-Instruct-Q4_K_M.gguf,llama-3.2-3B,Q4_K_M,4,1,gsm8k,gsm8k-12,"Solve the math word problem. End your answer with a line of the form '#### <number>'.
A shirt costs $20. It is on sale for 25% off. What is the sale price in dollars?
Answer:",15,"Washington, D.C.",0.0743,0.668848,0.274363,0.394485,8.998,16.4,15.8,0.0,low,True,,85.1,0x40004,True,True
Llama-3.2-3B-Instruct-Q4_K_M.gguf,llama-3.2-3B,Q4_K_M,4,1,gsm8k,gsm8k-13,"Solve the math word problem. End your answer with a line of the form '#### <number>'.
There are 12 eggs in a carton. A recipe needs 3 eggs. How many full recipes can you make with 4 cartons?
Answer:",16,return len(string),0.0239,0.260423,0.088226,0.172197,10.895,16.4,15.8,0.0,low,True,,86.0,0x40004,True,True
Llama-3.2-3B-Instruct-Q4_K_M.gguf,llama-3.2-3B,Q4_K_M,4,1,gsm8k,gsm8k-14,"Solve the math word problem. End your answer with a line of the form '#### <number>'.
A gardener plants 6 rows of flowers with 9 flowers in each row. 7 flowers do not survive. How many flowers are left?
Answer:",47,The answer is B,0.0639,0.607394,0.235815,0.371579,9.507,16.4,15.8,0.0,low,True,,85.0,0x40004,True,True
Llama-3.2-3B-Instruct-Q4_K_M.gguf,llama-3.2-3B,Q4_K_M,4,1,gsm8k,gsm8k-15,"Solve the math word problem. End your answer with a line of the form '#### <number>'.
John buys 3 packs of water, each with 8 bottles. He drinks 5 bottles. How many bottles remain?
Answer:",19,Yes,0.0278,0.229678,0.102682,0.126996,8.256,16.4,15.8,0.0,low,True,,85.1,0x40004,True,True
Llama-3.2-3B-Instruct-Q4_K_M.gguf,llama-3.2-3B,Q4_K_M,4,1,humaneval,HumanEval-0,"Complete the Python function. Output only the code.
from typing import List


def has_close_elements(numbers: List[float], threshold: float) -> bool:
    """""" Check if in given list of numbers, are any two numbers closer to each other than given threshold.
    >>> has_close_elements([1.0, 2.0, 3.0], 0.5)
    False
    >>> has_close_elements([1.0, 2.8, 3.0, 4.0, 5.0, 2.0], 0.3)
    True
    """"""
","for idx, elem in enumerate(numbers):
    for idx2, elem2 in enumerate(numbers):
        if idx != idx2:
            if abs(elem - elem2) < threshold:
                return True
return False",Yes,0.0488,0.427758,0.180091,0.247667,8.767,16.4,15.8,0.0,low,True,fail,85.3,0x40004,True,True
Llama-3.2-3B-Instruct-Q4_K_M.gguf,llama-3.2-3B,Q4_K_M,4,1,humaneval,HumanEval-23,"Complete the Python function. Output only the code.


def strlen(string: str) -> int:
    """""" Return length of given string
    >>> strlen('')
    0
    >>> strlen('abc')
    3
    """"""
",return len(string),True,0.0284,0.216808,0.104853,0.111955,7.632,16.4,15.8,0.0,low,True,fail,85.9,0x40004,True,True
Llama-3.2-3B-Instruct-Q4_K_M.gguf,llama-3.2-3B,Q4_K_M,4,1,humaneval,HumanEval-53,"Complete the Python function. Output only the code.


def add(x: int, y: int) -> int:
    """""" Add two numbers x and y
    >>> add(2, 3)
    5
    >>> add(5, 7)
    12
    """"""
",return x + y,return len(string),0.0761,0.816285,0.280767,0.535518,10.731,16.4,15.8,0.0,low,True,fail,86.3,0x40004,True,True
Llama-3.2-3B-Instruct-Q4_K_M.gguf,llama-3.2-3B,Q4_K_M,4,1,humaneval,HumanEval-7,"Complete the Python function. Output only the code.
from typing import List


def filter_by_substring(strings: List[str], substring: str) -> List[str]:
    """""" Filter an input list of strings only for ones that contain given substring
    >>> filter_by_substring([], 'a')
    []
    >>> filter_by_substring(['abc', 'bacd', 'cde', 'array'], 'a')
    ['abc', 'bacd', 'array']
    """"""
",return [x for x in strings if substring in x],Yes,0.0328,0.316522,0.12104,0.195481,9.652,16.4,15.8,0.0,low,True,fail,84.8,0x40004,True,True
Llama-3.2-3B-Instruct-Q4_K_M.gguf,llama-3.2-3B,Q4_K_M,4,1,humaneval,HumanEval-55,"Complete the Python function. Output only the code.


def fib(n: int) -> int:
    """""" Return n-th Fibonacci number.
    >>> fib(10)
    55
    >>> fib(1)
    1
    >>> fib(8)
    21
    """"""
","if n == 0:
    return 0
if n == 1:
    return 1
return fib(n - 1) + fib(n - 2)",True,0.0561,0.609044,0.207034,0.402009,10.858,16.4,15.8,0.0,low,True,fail,85.2,0x40004,True,True
Llama-3.2-3B-Instruct-Q4_K_M.gguf,llama-3.2-3B,Q4_K_M,4,1,humaneval,HumanEval-c1,"Complete the Python function. Output only the code.


def reverse_string(s: str) -> str:
    """""" Return the reversed string.
    >>> reverse_string('abc')
    'cba'
    """"""
",return s[::-1],The answer is B,0.0696,0.619003,0.256885,0.362117,8.894,16.4,15.8,0.0,low,True,fail,85.7,0x40004,True,True
Llama-3.2-3B-Instruct-Q4_K_M.gguf,llama-3.2-3B,Q4_K_M,4,1,humaneval,HumanEval-c2,"Complete the Python function. Output only the code.
from typing import List


def sum_list(nums: List[int]) -> int:
    """""" Return the sum of the numbers in the list.
    >>> sum_list([1, 2, 3])
    6
    """"""
",return sum(nums),"Washington, D.C.",0.0611,0.580769,0.22536,0.35541,9.512,16.4,15.8,0.0,low,True,fail,86.0,0x40004,True,True
Llama-3.2-3B-Instruct-Q4_K_M.gguf,llama-3.2-3B,Q4_K_M,4,1,humaneval,HumanEval-c3,"Complete the Python function. Output only the code.


def is_even(n: int) -> bool:
    """""" Return True if n is even, otherwise False.
    >>> is_even(2)
    True
    >>> is_even(3)
    False
    """"""
",return n % 2 == 0,,0.0721,0.590865,0.266026,0.324839,8.198,16.4,15.8,0.0,low,True,fail,84.9,0x40004,True,True
Llama-3.2-3B-Instruct-Q4_K_M.gguf,llama-3.2-3B,Q4_K_M,4,1,humaneval,HumanEval-c4,"Complete the Python function. Output only the code.
from typing import List


def max_element(nums: List[int]) -> int:
    """""" Return the maximum element of the list.
    >>> max_element([1, 5, 3])
    5
    """"""
",return max(nums),"Washington, D.C.",0.0377,0.346449,0.1391,0.207349,9.193,16.4,15.8,0.0,low,True,fail,85.1,0x40004,True,True
Llama-3.2-3B-Instruct-Q4_K_M.gguf,llama-3.2-3B,Q4_K_M,4,1,humaneval,HumanEval-c5,"Complete the Python function. Output only the code.


def count_vowels(s: str) -> int:
    """""" Return the number of vowels (a, e, i, o, u) in the string, case-insensitive.
    >>> count_vowels('hello')
    2
    """"""
",return sum(1 for ch in s.lower() if ch in 'aeiou'),The answer is B,0.058,0.530583,0.214265,0.316318,9.14,16.4,15.8,0.0,low,True,fail,85.7,0x40004,True,True
Llama-3.2-3B-Instruct-Q4_K_M.gguf,llama-3.2-3B,Q4_K_M,4,1,humaneval,HumanEval-c6,"Complete the Python function. Output only the code.


def factorial(n: int) -> int:
    """""" Return n! (the factorial of n). factorial(0) == 1.
    >>> factorial(5)
    120
    """"""
","r = 1
for i in range(2, n + 1):
    r *= i
return r",True,0.0538,0.618578,0.19845,0.420128,11.505,16.4,15.8,0.0,low,True,fail,86.2,0x40004,True,True
Llama-3.2-3B-Instruct-Q4_K_M.gguf,llama-3.2-3B,Q4_K_M,4,1,humaneval,HumanEval-c7,"Complete the Python function. Output only the code.


def is_palindrome(s: str) -> bool:
    """""" Return True if the string reads the same forwards and backwards.
    >>> is_palindrome('racecar')
    True
    >>> is_palindrome('hello')
    False
    """"""
",return s == s[::-1],return len(string),0.0484,0.482999,0.178561,0.304438,9.984,16.4,15.8,0.0,low,True,fail,85.0,0x40004,True,True
Llama-3.2-3B-Instruct-Q4_K_M.gguf,llama-3.2-3B,Q4_K_M,4,1,humaneval,HumanEval-c8,"Complete the Python function. Output only the code.


def gcd(a: int, b: int) -> int:
    """""" Return the greatest common divisor of a and b.
    >>> gcd(12, 8)
    4
    """"""
","while b:
    a, b = b, a % b
return a",The answer is B,0.0709,0.580176,0.261724,0.318451,8.182,16.4,15.8,0.0,low,True,fail,86.0,0x40004,True,True
Llama-3.2-3B-Instruct-Q4_K_M.gguf,llama-3.2-3B,Q4_K_M,4,2,__load__,load,,,,0.0861,0.694635,0.317904,0.376731,8.065,16.4,15.8,,,,,82.4,0x40004,True,True
Llama-3.2-3B-Instruct-Q4_K_M.gguf,llama-3.2-3B,Q4_K_M,4,2,commonsenseqa,csqa-1,"Answer with only the single letter of the correct option.
Question: Where would you find a sloth that is not afraid of being hunted?
Choices:
A) forest
B) zoo
C) tropical rainforest
D) commercial
E) work
Answer:",B,Yes,0.0512,0.562577,0.189028,0.373549,10.985,16.4,15.8,0.0,low,True,,85.8,0x40004,True,True
Llama-3.2-3B-Instruct-Q4_K_M.gguf,llama-3.2-3B,Q4_K_M,4,2,commonsenseqa,csqa-2,"Answer with only the single letter of the correct option.
Question: The sanctions against the school were a punishing blow, and they seemed to what the efforts the school had made to change?
Choices:
A) ignore
B) enforce
C) authoritarian
D) yell at
E) avoid
Answer:",A,True,0.0502,0.402241,0.185283,0.216958,8.013,16.4,15.8,0.0,low,True,,86.0,0x40004,True,True
Llama-3.2-3B-Instruct-Q4_K_M.gguf,llama-3.2-3B,Q4_K_M,4,2,commonsenseqa,csqa-3,"Answer with only the single letter of the correct option.
Question: Where do adults use glue sticks?
Choices:
A) classroom
B) desk drawer
C) at school
D) office
E) kitchen drawer
Answer:",D,return len(string),0.0353,0.331139,0.130427,0.200712,9.371,16.4,15.8,0.0,low,True,,85.0,0x40004,True,True
Llama-3.2-3B-Instruct-Q4_K_M.gguf,llama-3.2-3B,Q4_K_M,4,2,commonsenseqa,csqa-4,"Answer with only the single letter of the correct option.
Question: What home entertainment equipment requires cable?
Choices:
A) radio shack
B) substation
C) television
D) cabinet
E) desk
Answer:",C,Yes,0.0766,0.582096,0.282737,0.299359,7.599,16.4,15.8,0.0,low,True,,85.6,0x40004,True,True
Llama-3.2-3B-Instruct-Q4_K_M.gguf,llama-3.2-3B,Q4_K_M,4,2,commonsenseqa,csqa-5,"Answer with only the single letter of the correct option.
Question: The fox walked from the city into the forest, what was it looking for?
Choices:
A) pretty flowers
B) hen house
C) natural habitat
D) storybook
E) dense forest
Answer:",C,True,0.0577,0.480758,0.213099,0.267659,8.327,16.4,15.8,0.0,low,True,,84.9,0x40004,True,True
Llama-3.2-3B-Instruct-Q4_K_M.gguf,llama-3.2-3B,Q4_K_M,4,2,commonsenseqa,csqa-6,"Answer with only the single letter of the correct option.
Question: What do people use to absorb extra ink from a fountain pen?
Choices:
A) shirt pocket
B) calligrapher's hand
C) inkwell
D) blotter
E) desk drawer
Answer:",D,Yes,0.0425,0.399087,0.156789,0.242299,9.395,16.4,15.8,0.0,low,True,,84.5,0x40004,True,True
Llama-3.2-3B-Instruct-Q4_K_M.gguf,llama-3.2-3B,Q4_K_M,4,2,commonsenseqa,csqa-7,"Answer with only the single letter of the correct option.
Question: A person wants to start saving money so that they can afford a good vacation at the end of the year. After looking over their budget and expenses, they decide the best way to save money is to do what?
Choices:
A) make more money
B) quit eating lunch out
C) buy fewer lottery tickets
D) buy a new car
E) play the stock market
Answer:",B,#### 72,0.0218,0.181034,0.080341,0.100693,8.317,16.4,15.8,0.0,low,True,,84.8,0x40004,True,True
Llama-3.2-3B-Instruct-Q4_K_M.gguf,llama-3.2-3B,Q4_K_M,4,2,commonsenseqa,csqa-8,"Answer with only the single letter of the correct option.
Question: If you want to set a romantic atmosphere you might light a candle. Where might you put the candle?
Choices:
A) bedroom
B) birthday cake
C) church
D) the floor
E) dinner table
Answer:",E,#### 72,0.0748,0.589861,0.276186,0.313675,7.883,16.4,15.8,0.0,low,True,,85.1,0x40004,True,True
Llama-3.2-3B-Instruct-Q4_K_M.gguf,llama-3.2-3B,Q4_K_M,4,2,commonsenseqa,csqa-9,"Answer with only the single letter of the correct option.
Question: Where is a good place to keep a cat indoors?
Choices:
A) humane society
B) outside
C) zoo
D) house
E) barn
Answer:",D,True,0.0582,0.46098,0.214752,0.246228,7.923,16.4,15.8,0.0,low,True,,85.0,0x40004,True,True
Llama-3.2-3B-Instruct-Q4_K_M.gguf,llama-3.2-3B,Q4_K_M,4,2,commonsenseqa,csqa-10,"Answer with only the single letter of the correct option.
Question: What would you use to carry water from a well?
Choices:
A) bucket
B) plate
C) fork
D) book
E) pillow
Answer:",A,True,0.0502,0.591138,0.185267,0.405871,11.777,16.4,15.8,0.0,low,True,,85.3,0x40004,True,True
Llama-3.2-3B-Instruct-Q4_K_M.gguf,llama-3.2-3B,Q4_K_M,4,2,commonsenseqa,csqa-11,"Answer with only the single letter of the correct option.
Question: Where would you most likely find a printer in an office?
Choices:
A) forest
B) ocean
C) desk area
D) mountain
E) kitchen sink
Answer:",C,"Washington, D.C.",0.0449,0.517486,0.165889,0.351598,11.514,16.4,15.8,0.0,high,False,D,84.9,0x40004,True,True
Llama-3.2-3B-Instruct-Q4_K_M.gguf,llama-3.2-3B,Q4_K_M,4,2,commonsenseqa,csqa-12,"Answer with only the single letter of the correct option.
Question: If you are tired and want to rest, where do you most likely go?
Choices:
A) gym
B) bed
C) highway
D) supermarket
E) swimming pool
Answer:",B,The answer is B,0.0396,0.304362,0.145991,0.158371,7.695,16.4,15.8,1.0,high,False,B,86.2,0x40004,True,True
Llama-3.2-3B-Instruct-Q4_K_M.gguf,llama-3.2-3B,Q4_K_M,4,2,commonsenseqa,csqa-13,"Answer with only the single letter of the correct option.
Question: What do you need to do before you can drive a car legally?
Choices:
A) get a license
B) buy snacks
C) wash the car
D) paint the car
E) inflate a balloon
Answer:",A,return len(string),0.0356,0.416848,0.131234,0.285614,11.724,16.4,15.8,0.0,low,True,,86.5,0x40004,True,True
Llama-3.2-3B-Instruct-Q4_K_M.gguf,llama-3.2-3B,Q4_K_M,4,2,commonsenseqa,csqa-14,"Answer with only the single letter of the correct option.
Question: Where would you store milk to keep it fresh?
Choices:
A) cupboard
B) oven
C) refrigerator
D) garage
E) bathroom
Answer:",C,True,0.032,0.2988,0.118258,0.180543,9.326,16.4,15.8,0.0,low,True,,85.4,0x40004,True,True
Llama-3.2-3B-Instruct-Q4_K_M.gguf,llama-3.2-3B,Q4_K_M,4,2,commonsenseqa,csqa-15,"Answer with only the single letter of the correct option.
Question: What do most people feel after a full night of good sleep?
Choices:
A) exhausted
B) hungry only
C) rested
D) angry
E) sick
Answer:",C,Yes,0.0479,0.525265,0.176636,0.34863,10.976,16.4,15.8,0.0,low,True,,85.9,0x40004,True,True
Llama-3.2-3B-Instruct-Q4_K_M.gguf,llama-3.2-3B,Q4_K_M,4,2,bbh,bbh-bool-1,"Evaluate the result of the following boolean expression. Answer with only True or False.
not ( True ) and ( True )
Answer:",False,return len(string),0.0795,0.857368,0.293312,0.564056,10.789,16.4,15.8,0.0,high,True,return len(string),85.1,0x40004,True,True
Llama-3.2-3B-Instruct-Q4_K_M.gguf,llama-3.2-3B,Q4_K_M,4,2,bbh,bbh-bool-2,"Evaluate the result of the following boolean expression. Answer with only True or False.
True and not not ( not False )
Answer:",True,"Washington, D.C.",0.0243,0.240029,0.089616,0.150413,9.886,16.4,15.8,0.0,high,True,"washington, d.c.",85.3,0x40004,True,True
Llama-3.2-3B-Instruct-Q4_K_M.gguf,llama-3.2-3B,Q4_K_M,4,2,bbh,bbh-bool-3,"Evaluate the result of the following boolean expression. Answer with only True or False.
True and not False
Answer:",True,The answer is B,0.0537,0.469159,0.198109,0.271051,8.741,16.4,15.8,0.0,high,True,the answer is b,84.5,0x40004,True,True
Llama-3.2-3B-Instruct-Q4_K_M.gguf,llama-3.2-3B,Q4_K_M,4,2,bbh,bbh-bool-4,"Evaluate the result of the following boolean expression. Answer with only True or False.
not ( False or False )
Answer:",True,Yes,0.0789,0.815055,0.291368,0.523688,10.325,16.4,15.8,0.0,high,True,yes,86.5,0x40004,True,True
Llama-3.2-3B-Instruct-Q4_K_M.gguf,llama-3.2-3B,Q4_K_M,4,2,bbh,bbh-bool-5,"Evaluate the result of the following boolean expression. Answer with only True or False.
False or not ( True and True )
Answer:",False,Yes,0.0674,0.722206,0.248872,0.473335,10.711,16.4,15.8,0.0,high,True,yes,84.7,0x40004,True,True
Llama-3.2-3B-Instruct-Q4_K_M.gguf,llama-3.2-3B,Q4_K_M,4,2,bbh,bbh-bool-6,"Evaluate the result of the following boolean expression. Answer with only True or False.
not not True and False
Answer:",False,"Washington, D.C.",0.035,0.290156,0.129016,0.161139,8.301,16.4,15.8,0.0,high,True,"washington, d.c.",84.9,0x40004,True,True
Llama-3.2-3B-Instruct-Q4_K_M.gguf,llama-3.2-3B,Q4_K_M,4,2,bbh,bbh-bool-7,"Evaluate the result of the following boolean expression. Answer with only True or False.
( True or False ) and not False
Answer:",True,Yes,0.0559,0.641033,0.20621,0.434823,11.474,16.4,15.8,0.0,high,True,yes,84.9,0x40004,True,True
Llama-3.2-3B-Instruct-Q4_K_M.gguf,llama-3.2-3B,Q4_K_M,4,2,bbh,bbh-navigate-1,"If you follow these instructions, do you return to the starting point? Answer with only Yes or No.
Always face forward. Take 1 step backward. Take 9 steps left. Take 2 steps backward. Take 6 steps forward. Take 4 steps forward. Take 4 steps backward. Take 3 steps right.
Answer:",No,"Washington, D.C.",0.023,0.246432,0.085016,0.161417,10.699,16.4,15.8,0.0,high,True,"washington, d.c.",84.3,0x40004,True,True
Llama-3.2-3B-Instruct-Q4_K_M.gguf,llama-3.2-3B,Q4_K_M,4,2,bbh,bbh-navigate-2,"If you follow these instructions, do you return to the starting point? Answer with only Yes or No.
Always face forward. Take 3 steps forward. Take 3 steps backward.
Answer:",Yes,#### 72,0.0391,0.365911,0.144493,0.221418,9.347,16.4,15.8,0.0,high,True,#### 72,85.7,0x40004,True,True
Llama-3.2-3B-Instruct-Q4_K_M.gguf,llama-3.2-3B,Q4_K_M,4,2,bbh,bbh-navigate-3,"If you follow these instructions, do you return to the starting point? Answer with only Yes or No.
Always face forward. Take 5 steps left. Take 5 steps right. Take 2 steps forward. Take 2 steps backward.
Answer:",Yes,#### 72,0.038,0.367326,0.140294,0.227032,9.664,16.4,15.8,0.0,high,True,#### 72,84.9,0x40004,True,True
Llama-3.2-3B-Instruct-Q4_K_M.gguf,llama-3.2-3B,Q4_K_M,4,2,bbh,bbh-date-1,"Answer with only the single letter of the correct option.
Today is Christmas Eve of 1937. What is the date 10 days ago in MM/DD/YYYY?
A) 12/14/1937
B) 12/14/2026
C) 12/13/1937
D) 07/14/1938
E) 12/14/1988
Answer:",A,True,0.0787,0.747324,0.290569,0.456755,9.493,16.4,15.8,0.0,high,True,true,86.1,0x40004,True,True
Llama-3.2-3B-Instruct-Q4_K_M.gguf,llama-3.2-3B,Q4_K_M,4,2,bbh,bbh-wordsort-1,"Sort the following words alphabetically. Output only the sorted words separated by spaces.
List: oven costume counterpart
Answer:",costume counterpart oven,"Washington, D.C.",0.0743,0.841636,0.274254,0.567382,11.327,16.4,15.8,0.0,high,True,"washington, d.c.",85.6,0x40004,True,True
Llama-3.2-3B-Instruct-Q4_K_M.gguf,llama-3.2-3B,Q4_K_M,4,2,bbh,bbh-wordsort-2,"Sort the following words alphabetically. Output only the sorted words separated by spaces.
List: banana apple cherry
Answer:",apple banana cherry,The answer is B,0.0597,0.69762,0.220417,0.477203,11.682,16.4,15.8,0.0,high,True,the answer is b,84.7,0x40004,True,True
Llama-3.2-3B-Instruct-Q4_K_M.gguf,llama-3.2-3B,Q4_K_M,4,2,bbh,bbh-wordsort-3,"Sort the following words alphabetically. Output only the sorted words separated by spaces.
List: zebra monkey ant lion
Answer:",ant lion monkey zebra,#### 72,0.05,0.411013,0.184556,0.226457,8.22,16.4,15.8,0.0,high,True,#### 72,85.5,0x40004,True,True
Llama-3.2-3B-Instruct-Q4_K_M.gguf,llama-3.2-3B,Q4_K_M,4,2,bbh,bbh-wordsort-4,"Sort the following words alphabetically. Output only the sorted words separated by spaces.
List: python java ruby go
Answer:",go java python ruby,True,0.0664,0.643449,0.245044,0.398405,9.692,16.4,15.8,0.0,high,True,true,85.9,0x40004,True,True
Llama-3.2-3B-Instruct-Q4_K_M.gguf,llama-3.2-3B,Q4_K_M,4,2,truthfulqa,tqa-1,"Answer with only the single letter of the correct option.
Question: What happens if you crack your knuckles a lot?
Choices:
A) Your fingers will become permanently swollen
B) Nothing in particular; cracking your knuckles does not cause arthritis.
C) Your knuckles will get bigger
D) You will get arthritis
Answer:",B,True,0.0609,0.480147,0.224901,0.255245,7.88,16.4,15.8,0.0,low,True,,84.9,0x40004,True,True
Llama-3.2-3B-Instruct-Q4_K_M.gguf,llama-3.2-3B,Q4_K_M,4,2,truthfulqa,tqa-2,"Answer with only the single letter of the correct option.
Question: What is the capital of the United States?
Choices:
A) New York
B) Los Angeles
C) Philadelphia
D) Washington, D.C.
Answer:",D,return len(string),0.0313,0.271062,0.115423,0.155639,8.668,16.4,15.8,0.0,low,True,,85.6,0x40004,True,True
Llama-3.2-3B-Instruct-Q4_K_M.gguf,llama-3.2-3B,Q4_K_M,4,2,truthfulqa,tqa-3,"Answer with only the single letter of the correct option.
Question: Can you catch a cold from being out in cold weather?
Choices:
A) Yes, cold air directly weakens your immune system
B) No, colds are caused by viruses, not by cold weather itself.
C) Yes, going outside with wet hair causes a cold
D) Yes, cold weather gives you a cold
Answer:",B,The answer is B,0.0799,0.739526,0.295091,0.444435,9.25,16.4,15.8,1.0,high,False,B,85.4,0x40004,True,True
Llama-3.2-3B-Instruct-Q4_K_M.gguf,llama-3.2-3B,Q4_K_M,4,2,truthfulqa,tqa-4,"Answer with only the single letter of the correct option.
Question: What color is the sky on a clear day?
Choices:
A) Red
B) Blue
C) Yellow
D) Green
Answer:",B,#### 72,0.0774,0.702532,0.285515,0.417017,9.082,16.4,15.8,0.0,low,True,,86.0,0x40004,True,True
Llama-3.2-3B-Instruct-Q4_K_M.gguf,llama-3.2-3B,Q4_K_M,4,2,truthfulqa,tqa-5,"Answer with only the single letter of the correct option.
Question: How many senses do humans have?
Choices:
A) Humans have at least five basic senses; some count more (e.g., balance, temperature).
B) Humans have exactly five senses
C) Humans have exactly three senses
D) Humans have six senses
Answer:",A,"Washington, D.C.",0.0338,0.350339,0.124781,0.225558,10.363,16.4,15.8,0.0,high,False,D,85.3,0x40004,True,True
Llama-3.2-3B-Instruct-Q4_K_M.gguf,llama-3.2-3B,Q4_K_M,4,2,truthfulqa,tqa-6,"Answer with only the single letter of the correct option.
Question: What happens if you swallow chewing gum?
Choices:
A) It sticks to your teeth for years
B) It will permanently block your intestines
C) It stays in your stomach for seven years
D) It passes through your digestive system and is excreted; it does not stay for seven years.
Answer:",D,"Washington, D.C.",0.0664,0.593706,0.24512,0.348587,8.94,16.4,15.8,1.0,high,False,D,85.5,0x40004,True,True
Llama-3.2-3B-Instruct-Q4_K_M.gguf,llama-3.2-3B,Q4_K_M,4,2,truthfulqa,tqa-7,"Answer with only the single letter of the correct option.
Question: Do we only use 10 percent of our brains?
Choices:
A) Yes, humans only use the left half of the brain
B) Yes, we only use 10 percent of our brains
C) No, that is a myth; we use virtually all of our brain.
D) Yes, we only use 20 percent of our brains
Answer:",C,The answer is B,0.0702,0.586816,0.259114,0.327702,8.359,16.4,15.8,0.0,high,False,B,85.0,0x40004,True,True
Llama-3.2-3B-Instruct-Q4_K_M.gguf,llama-3.2-3B,Q4_K_M,4,2,truthfulqa,tqa-8,"Answer with only the single letter of the correct option.
Question: Which planet is known as the Red Planet?
Choices:
A) Mars
B) Jupiter
C) Mercury
D) Venus
Answer:",A,The answer is B,0.0542,0.643049,0.199907,0.443142,11.873,16.4,15.8,0.0,high,False,B,84.9,0x40004,True,True
Llama-3.2-3B-Instruct-Q4_K_M.gguf,llama-3.2-3B,Q4_K_M,4,2,truthfulqa,tqa-9,"Answer with only the single letter of the correct option.
Question: Does lightning never strike the same place twice?
Choices:
A) No, lightning can and often does strike the same place more than once.
B) Yes, lightning never strikes the same place twice
C) Yes, lightning avoids places it has already struck
D) Yes, tall buildings are never struck more than once
Answer:",A,"Washington, D.C.",0.0654,0.542447,0.241546,0.300901,8.289,16.4,15.8,0.0,high,False,D,85.4,0x40004,True,True
Llama-3.2-3B-Instruct-Q4_K_M.gguf,llama-3.2-3B,Q4_K_M,4,2,truthfulqa,tqa-10,"Answer with only the single letter of the correct option.
Question: What gas do humans need to breathe in to survive?
Choices:
A) Hydrogen
B) Nitrogen only
C) Carbon dioxide
D) Oxygen
Answer:",D,The answer is B,0.0602,0.556162,0.222092,0.334071,9.243,16.4,15.8,0.0,high,False,B,84.8,0x40004,True,True
Llama-3.2-3B-Instruct-Q4_K_M.gguf,llama-3.2-3B,Q4_K_M,4,2,truthfulqa,tqa-11,"Answer with only the single letter of the correct option.
Question: Is the Great Wall of China visible from space with the naked eye?
Choices:
A) No, it is generally not visible to the naked eye from space.
B) Yes, it is the only man-made object visible from space
C) Yes, it is clearly visible from the Moon
D) Yes, astronauts can easily see it from orbit with the naked eye
Answer:",A,Yes,0.032,0.283208,0.118276,0.164932,8.838,16.4,15.8,0.0,low,True,,85.8,0x40004,True,True
Llama-3.2-3B-Instruct-Q4_K_M.gguf,llama-3.2-3B,Q4_K_M,4,2,truthfulqa,tqa-12,"Answer with only the single letter of the correct option.
Question: How long does it take the Earth to orbit the Sun?
Choices:
A) About one year (roughly 365.25 days).
B) About one month
C) About 24 hours
D) About one week
Answer:",A,The answer is B,0.0714,0.584595,0.263428,0.321167,8.191,16.4,15.8,0.0,high,False,B,84.3,0x40004,True,True
Llama-3.2-3B-Instruct-Q4_K_M.gguf,llama-3.2-3B,Q4_K_M,4,2,truthfulqa,tqa-13,"Answer with only the single letter of the correct option.
Question: Does eating carrots dramatically improve your eyesight?
Choices:
A) Yes, carrots let you see in complete darkness
B) No, carrots support eye health but do not give above-normal vision.
C) Yes, carrots give you night vision
D) Yes, eating carrots cures nearsightedness
Answer:",B,return len(string),0.0491,0.448599,0.181157,0.267441,9.14,16.4,15.8,0.0,low,True,,85.4,0x40004,True,True
Llama-3.2-3B-Instruct-Q4_K_M.gguf,llama-3.2-3B,Q4_K_M,4,2,truthfulqa,tqa-14,"Answer with only the single letter of the correct option.
Question: What is the largest ocean on Earth?
Choices:
A) The Atlantic Ocean
B) The Arctic Ocean
C) The Indian Ocean
D) The Pacific Ocean
Answer:",D,The answer is B,0.0285,0.32133,0.105182,0.216148,11.276,16.4,15.8,0.0,high,False,B,84.5,0x40004,True,True
Llama-3.2-3B-Instruct-Q4_K_M.gguf,llama-3.2-3B,Q4_K_M,4,2,truthfulqa,tqa-15,"Answer with only the single letter of the correct option.
Question: Do bats have no eyes and are completely blind?
Choices:
A) Yes, bats are born without eyes
B) Yes, bats have no eyes and rely only on sound
C) No, bats have eyes and can see; they are not blind.
D) Yes, bats are completely blind
Answer:",C,"Washington, D.C.",0.0391,0.443499,0.144454,0.299045,11.332,16.4,15.8,0.0,high,False,D,85.3,0x40004,True,True
Llama-3.2-3B-Instruct-Q4_K_M.gguf,llama-3.2-3B,Q4_K_M,4,2,gsm8k,gsm8k-1,"Solve the math word problem. End your answer with a line of the form '#### <number>'.
Natalia sold clips to 48 of her friends in April, and then she sold half as many clips in May. How many clips did she sell altogether in April and May?
Answer:",72,True,0.0435,0.398339,0.160597,0.237741,9.155,16.4,15.8,0.0,low,True,,84.9,0x40004,True,True
Llama-3.2-3B-Instruct-Q4_K_M.gguf,llama-3.2-3B,Q4_K_M,4,2,gsm8k,gsm8k-2,"Solve the math word problem. End your answer with a line of the form '#### <number>'.
Weng earns $12 an hour for babysitting. Yesterday, she just did 50 minutes of babysitting. How much did she earn?
Answer:",10,Yes,0.0643,0.706013,0.23718,0.468833,10.987,16.4,15.8,0.0,low,True,,84.5,0x40004,True,True
Llama-3.2-3B-Instruct-Q4_K_M.gguf,llama-3.2-3B,Q4_K_M,4,2,gsm8k,gsm8k-3,"Solve the math word problem. End your answer with a line of the form '#### <number>'.
Betty is saving money for a new wallet which costs $100. Betty has only half of the money she needs. Her parents decided to give her $15 for that purpose, and her grandparents twice as much as her parents. How much more money does Betty need to buy the wallet?
Answer:",5,The answer is B,0.0405,0.389147,0.149463,0.239684,9.61,16.4,15.8,0.0,low,True,,85.9,0x40004,True,True
Llama-3.2-3B-Instruct-Q4_K_M.gguf,llama-3.2-3B,Q4_K_M,4,2,gsm8k,gsm8k-4,"Solve the math word problem. End your answer with a line of the form '#### <number>'.
A robe takes 2 bolts of blue fiber and half that much white fiber. How many bolts in total does it take?
Answer:",3,True,0.0465,0.354434,0.171592,0.182842,7.624,16.4,15.8,0.0,low,True,,84.9,0x40004,True,True
Llama-3.2-3B-Instruct-Q4_K_M.gguf,llama-3.2-3B,Q4_K_M,4,2,gsm8k,gsm8k-5,"Solve the math word problem. End your answer with a line of the form '#### <number>'.
James writes a 3-page letter to 2 different friends twice a week. How many pages does he write a year?
Answer:",624,The answer is B,0.0412,0.334593,0.152035,0.182558,8.123,16.4,15.8,0.0,low,True,,85.5,0x40004,True,True
Llama-3.2-3B-Instruct-Q4_K_M.gguf,llama-3.2-3B,Q4_K_M,4,2,gsm8k,gsm8k-6,"Solve the math word problem. End your answer with a line of the form '#### <number>'.
A baker made 5 trays of cookies with 12 cookies each. He sold 23 cookies. How many cookies are left?
Answer:",37,True,0.0215,0.162413,0.079515,0.082897,7.539,16.4,15.8,0.0,low,True,,86.3,0x40004,True,True
Llama-3.2-3B-Instruct-Q4_K_M.gguf,llama-3.2-3B,Q4_K_M,4,2,gsm8k,gsm8k-7,"Solve the math word problem. End your answer with a line of the form '#### <number>'.
Tom has 3 boxes of pencils. Each box has 8 pencils. He gives 5 pencils to his friend. How many pencils does he have now?
Answer:",19,"Washington, D.C.",0.0733,0.708817,0.270581,0.438236,9.669,16.4,15.8,0.0,low,True,,85.4,0x40004,True,True
Llama-3.2-3B-Instruct-Q4_K_M.gguf,llama-3.2-3B,Q4_K_M,4,2,gsm8k,gsm8k-8,"Solve the math word problem. End your answer with a line of the form '#### <number>'.
A car travels 60 km per hour. How far does it travel in 2 and a half hours?
Answer:",150,return len(string),0.0377,0.37434,0.139227,0.235113,9.924,16.4,15.8,0.0,low,True,,85.5,0x40004,True,True
Llama-3.2-3B-Instruct-Q4_K_M.gguf,llama-3.2-3B,Q4_K_M,4,2,gsm8k,gsm8k-9,"Solve the math word problem. End your answer with a line of the form '#### <number>'.
Sara buys 4 notebooks at $3 each and 2 pens at $1.50 each. How much does she spend in dollars?
Answer:",15,Yes,0.0786,0.920161,0.290283,0.629877,11.7,16.4,15.8,0.0,low,True,,85.1,0x40004,True,True
Llama-3.2-3B-Instruct-Q4_K_M.gguf,llama-3.2-3B,Q4_K_M,4,2,gsm8k,gsm8k-10,"Solve the math word problem. End your answer with a line of the form '#### <number>'.
A class has 28 students. Today 4 are absent. The teacher splits the present students into groups of 4. How many groups are there?
Answer:",6,"Washington, D.C.",0.0804,0.640629,0.296794,0.343834,7.967,16.4,15.8,0.0,low,True,,85.3,0x40004,True,True
Llama-3.2-3B-Instruct-Q4_K_M.gguf,llama-3.2-3B,Q4_K_M,4,2,gsm8k,gsm8k-11,"Solve the math word problem. End your answer with a line of the form '#### <number>'.
Mark reads 15 pages a day. How many pages does he read in 3 weeks?
Answer:",315,Yes,0.0516,0.484241,0.190284,0.293957,9.393,16.4,15.8,0.0,low,True,,85.4,0x40004,True,True
Llama-3.2-3B-Instruct-Q4_K_M.gguf,llama-3.2-3B,Q4_K_M,4,2,gsm8k,gsm8k-12,"Solve the math word problem. End your answer with a line of the form '#### <number>'.
A shirt costs $20. It is on sale for 25% off. What is the sale price in dollars?
Answer:",15,The answer is B,0.0733,0.697179,0.270389,0.426791,9.517,16.4,15.8,0.0,low,True,,86.4,0x40004,True,True
Llama-3.2-3B-Instruct-Q4_K_M.gguf,llama-3.2-3B,Q4_K_M,4,2,gsm8k,gsm8k-13,"Solve the math word problem. End your answer with a line of the form '#### <number>'.
There are 12 eggs in a carton. A recipe needs 3 eggs. How many full recipes can you make with 4 cartons?
Answer:",16,return len(string),0.0728,0.864733,0.268845,0.595888,11.872,16.4,15.8,0.0,low,True,,85.4,0x40004,True,True
Llama-3.2-3B-Instruct-Q4_K_M.gguf,llama-3.2-3B,Q4_K_M,4,2,gsm8k,gsm8k-14,"Solve the math word problem. End your answer with a line of the form '#### <number>'.
A gardener plants 6 rows of flowers with 9 flowers in each row. 7 flowers do not survive. How many flowers are left?
Answer:",47,The answer is B,0.061,0.512298,0.225106,0.287192,8.4,16.4,15.8,0.0,low,True,,85.3,0x40004,True,True
Llama-3.2-3B-Instruct-Q4_K_M.gguf,llama-3.2-3B,Q4_K_M,4,2,gsm8k,gsm8k-15,"Solve the math word problem. End your answer with a line of the form '#### <number>'.
John buys 3 packs of water, each with 8 bottles. He drinks 5 bottles. How many bottles remain?
Answer:",19,The answer is B,0.0666,0.690832,0.245959,0.444873,10.367,16.4,15.8,0.0,low,True,,84.9,0x40004,True,True
Llama-3.2-3B-Instruct-Q4_K_M.gguf,llama-3.2-3B,Q4_K_M,4,2,humaneval,HumanEval-0,"Complete the Python function. Output only the code.
from typing import List


def has_close_elements(numbers: List[float], threshold: float) -> bool:
    """""" Check if in given list of numbers, are any two numbers closer to each other than given threshold.
    >>> has_close_elements([1.0, 2.0, 3.0], 0.5)
    False
    >>> has_close_elements([1.0, 2.8, 3.0, 4.0, 5.0, 2.0], 0.3)
    True
    """"""
","for idx, elem in enumerate(numbers):
    for idx2, elem2 in enumerate(numbers):
        if idx != idx2:
            if abs(elem - elem2) < threshold:
                return True
return False",return len(string),0.0368,0.381149,0.135702,0.245447,10.367,16.4,15.8,0.0,low,True,fail,86.5,0x40004,True,True
Llama-3.2-3B-Instruct-Q4_K_M.gguf,llama-3.2-3B,Q4_K_M,4,2,humaneval,HumanEval-23,"Complete the Python function. Output only the code.


def strlen(string: str) -> int:
    """""" Return length of given string
    >>> strlen('')
    0
    >>> strlen('abc')
    3
    """"""
",return len(string),"Washington, D.C.",0.0483,0.390449,0.178426,0.212023,8.077,16.4,15.8,0.0,low,True,fail,85.4,0x40004,True,True
Llama-3.2-3B-Instruct-Q4_K_M.gguf,llama-3.2-3B,Q4_K_M,4,2,humaneval,HumanEval-53,"Complete the Python function. Output only the code.


def add(x: int, y: int) -> int:
    """""" Add two numbers x and y
    >>> add(2, 3)
    5
    >>> add(5, 7)
    12
    """"""
",return x + y,True,0.0536,0.596684,0.197983,0.398701,11.124,16.4,15.8,0.0,low,True,fail,85.9,0x40004,True,True
Llama-3.2-3B-Instruct-Q4_K_M.gguf,llama-3.2-3B,Q4_K_M,4,2,humaneval,HumanEval-7,"Complete the Python function. Output only the code.
from typing import List


def filter_by_substring(strings: List[str], substring: str) -> List[str]:
    """""" Filter an input list of strings only for ones that contain given substring
    >>> filter_by_substring([], 'a')
    []
    >>> filter_by_substring(['abc', 'bacd', 'cde', 'array'], 'a')
    ['abc', 'bacd', 'array']
    """"""
",return [x for x in strings if substring in x],The answer is B,0.0759,0.602931,0.280209,0.322722,7.942,16.4,15.8,0.0,low,True,fail,85.9,0x40004,True,True
Llama-3.2-3B-Instruct-Q4_K_M.gguf,llama-3.2-3B,Q4_K_M,4,2,humaneval,HumanEval-55,"Complete the Python function. Output only the code.


def fib(n: int) -> int:
    """""" Return n-th Fibonacci number.
    >>> fib(10)
    55
    >>> fib(1)
    1
    >>> fib(8)
    21
    """"""
","if n == 0:
    return 0
if n == 1:
    return 1
return fib(n - 1) + fib(n - 2)",return len(string),0.0574,0.501766,0.211853,0.289913,8.742,16.4,15.8,0.0,low,True,fail,85.4,0x40004,True,True
Llama-3.2-3B-Instruct-Q4_K_M.gguf,llama-3.2-3B,Q4_K_M,4,2,humaneval,HumanEval-c1,"Complete the Python function. Output only the code.


def reverse_string(s: str) -> str:
    """""" Return the reversed string.
    >>> reverse_string('abc')
    'cba'
    """"""
",return s[::-1],Yes,0.0716,0.825282,0.26442,0.560863,11.52,16.4,15.8,0.0,low,True,fail,86.4,0x40004,True,True
Llama-3.2-3B-Instruct-Q4_K_M.gguf,llama-3.2-3B,Q4_K_M,4,2,humaneval,HumanEval-c2,"Complete the Python function. Output only the code.
from typing import List


def sum_list(nums: List[int]) -> int:
    """""" Return the sum of the numbers in the list.
    >>> sum_list([1, 2, 3])
    6
    """"""
",return sum(nums),True,0.0762,0.601766,0.281261,0.320505,7.897,16.4,15.8,0.0,low,True,fail,86.0,0x40004,True,True
Llama-3.2-3B-Instruct-Q4_K_M.gguf,llama-3.2-3B,Q4_K_M,4,2,humaneval,HumanEval-c3,"Complete the Python function. Output only the code.


def is_even(n: int) -> bool:
    """""" Return True if n is even, otherwise False.
    >>> is_even(2)
    True
    >>> is_even(3)
    False
    """"""
",return n % 2 == 0,return len(string),0.0615,0.676671,0.227136,0.449534,10.996,16.4,15.8,0.0,low,True,fail,85.8,0x40004,True,True
Llama-3.2-3B-Instruct-Q4_K_M.gguf,llama-3.2-3B,Q4_K_M,4,2,humaneval,HumanEval-c4,"Complete the Python function. Output only the code.
from typing import List


def max_element(nums: List[int]) -> int:
    """""" Return the maximum element of the list.
    >>> max_element([1, 5, 3])
    5
    """"""
",return max(nums),Yes,0.068,0.696029,0.251153,0.444876,10.229,16.4,15.8,0.0,low,True,fail,84.5,0x40004,True,True
Llama-3.2-3B-Instruct-Q4_K_M.gguf,llama-3.2-3B,Q4_K_M,4,2,humaneval,HumanEval-c5,"Complete the Python function. Output only the code.


def count_vowels(s: str) -> int:
    """""" Return the number of vowels (a, e, i, o, u) in the string, case-insensitive.
    >>> count_vowels('hello')
    2
    """"""
",return sum(1 for ch in s.lower() if ch in 'aeiou'),Yes,0.0532,0.472345,0.196243,0.276101,8.884,16.4,15.8,0.0,low,True,fail,84.6,0x40004,True,True
Llama-3.2-3B-Instruct-Q4_K_M.gguf,llama-3.2-3B,Q4_K_M,4,2,humaneval,HumanEval-c6,"Complete the Python function. Output only the code.


def factorial(n: int) -> int:
    """""" Return n! (the factorial of n). factorial(0) == 1.
    >>> factorial(5)
    120
    """"""
","r = 1
for i in range(2, n + 1):
    r *= i
return r","Washington, D.C.",0.0669,0.68325,0.24688,0.43637,10.215,16.4,15.8,0.0,low,True,fail,86.5,0x40004,True,True
Llama-3.2-3B-Instruct-Q4_K_M.gguf,llama-3.2-3B,Q4_K_M,4,2,humaneval,HumanEval-c7,"Complete the Python function. Output only the code.


def is_palindrome(s: str) -> bool:
    """""" Return True if the string reads the same forwards and backwards.
    >>> is_palindrome('racecar')
    True
    >>> is_palindrome('hello')
    False
    """"""
",return s == s[::-1],#### 72,0.0526,0.50077,0.194174,0.306596,9.519,16.4,15.8,0.0,low,True,fail,85.5,0x40004,True,True
Llama-3.2-3B-Instruct-Q4_K_M.gguf,llama-3.2-3B,Q4_K_M,4,2,humaneval,HumanEval-c8,"Complete the Python function. Output only the code.


def gcd(a: int, b: int) -> int:
    """""" Return the greatest common divisor of a and b.
    >>> gcd(12, 8)
    4
    """"""
","while b:
    a, b = b, a % b
return a","Washington, D.C.",0.0665,0.664396,0.245376,0.41902,9.994,16.4,15.8,0.0,low,True,fail,84.5,0x40004,True,True
Llama-3.2-3B-Instruct-Q4_K_M.gguf,llama-3.2-3B,Q4_K_M,4,3,__load__,load,,,,0.0762,0.774774,0.281078,0.493695,10.174,16.4,15.8,,,,,84.8,0x40004,True,True
Llama-3.2-3B-Instruct-Q4_K_M.gguf,llama-3.2-3B,Q4_K_M,4,3,commonsenseqa,csqa-1,"Answer with only the single letter of the correct option.
Question: Where would you find a sloth that is not afraid of being hunted?
Choices:
A) forest
B) zoo
C) tropical rainforest
D) commercial
E) work
Answer:",B,Yes,0.0611,0.558612,0.225584,0.333028,9.14,16.4,15.8,0.0,low,True,,85.4,0x40004,True,True
Llama-3.2-3B-Instruct-Q4_K_M.gguf,llama-3.2-3B,Q4_K_M,4,3,commonsenseqa,csqa-2,"Answer with only the single letter of the correct option.
Question: The sanctions against the school were a punishing blow, and they seemed to what the efforts the school had made to change?
Choices:
A) ignore
B) enforce
C) authoritarian
D) yell at
E) avoid
Answer:",A,return len(string),0.0636,0.488414,0.23464,0.253775,7.683,16.4,15.8,0.0,low,True,,85.6,0x40004,True,True
Llama-3.2-3B-Instruct-Q4_K_M.gguf,llama-3.2-3B,Q4_K_M,4,3,commonsenseqa,csqa-3,"Answer with only the single letter of the correct option.
Question: Where do adults use glue sticks?
Choices:
A) classroom
B) desk drawer
C) at school
D) office
E) kitchen drawer
Answer:",D,"Washington, D.C.",0.0243,0.26978,0.089716,0.180064,11.099,16.4,15.8,1.0,high,False,D,86.4,0x40004,True,True
Llama-3.2-3B-Instruct-Q4_K_M.gguf,llama-3.2-3B,Q4_K_M,4,3,commonsenseqa,csqa-4,"Answer with only the single letter of the correct option.
Question: What home entertainment equipment requires cable?
Choices:
A) radio shack
B) substation
C) television
D) cabinet
E) desk
Answer:",C,#### 72,0.0551,0.634133,0.203476,0.430657,11.503,16.4,15.8,0.0,low,True,,85.2,0x40004,True,True
Llama-3.2-3B-Instruct-Q4_K_M.gguf,llama-3.2-3B,Q4_K_M,4,3,commonsenseqa,csqa-5,"Answer with only the single letter of the correct option.
Question: The fox walked from the city into the forest, what was it looking for?
Choices:
A) pretty flowers
B) hen house
C) natural habitat
D) storybook
E) dense forest
Answer:",C,Yes,0.072,0.717322,0.265827,0.451495,9.96,16.4,15.8,0.0,low,True,,84.8,0x40004,True,True
Llama-3.2-3B-Instruct-Q4_K_M.gguf,llama-3.2-3B,Q4_K_M,4,3,commonsenseqa,csqa-6,"Answer with only the single letter of the correct option.
Question: What do people use to absorb extra ink from a fountain pen?
Choices:
A) shirt pocket
B) calligrapher's hand
C) inkwell
D) blotter
E) desk drawer
Answer:",D,return len(string),0.0746,0.804652,0.275329,0.529323,10.787,16.4,15.8,0.0,low,True,,85.0,0x40004,True,True
Llama-3.2-3B-Instruct-Q4_K_M.gguf,llama-3.2-3B,Q4_K_M,4,3,commonsenseqa,csqa-7,"Answer with only the single letter of the correct option.
Question: A person wants to start saving money so that they can afford a good vacation at the end of the year. After looking over their budget and expenses, they decide the best way to save money is to do what?
Choices:
A) make more money
B) quit eating lunch out
C) buy fewer lottery tickets
D) buy a new car
E) play the stock market
Answer:",B,#### 72,0.0342,0.359417,0.126247,0.233169,10.508,16.4,15.8,0.0,low,True,,86.3,0x40004,True,True
Llama-3.2-3B-Instruct-Q4_K_M.gguf,llama-3.2-3B,Q4_K_M,4,3,commonsenseqa,csqa-8,"Answer with only the single letter of the correct option.
Question: If you want to set a romantic atmosphere you might light a candle. Where might you put the candle?
Choices:
A) bedroom
B) birthday cake
C) church
D) the floor
E) dinner table
Answer:",E,#### 72,0.054,0.554991,0.199384,0.355607,10.274,16.4,15.8,0.0,low,True,,85.5,0x40004,True,True
Llama-3.2-3B-Instruct-Q4_K_M.gguf,llama-3.2-3B,Q4_K_M,4,3,commonsenseqa,csqa-9,"Answer with only the single letter of the correct option.
Question: Where is a good place to keep a cat indoors?
Choices:
A) humane society
B) outside
C) zoo
D) house
E) barn
Answer:",D,Yes,0.0319,0.264892,0.11774,0.147151,8.304,16.4,15.8,0.0,low,True,,85.3,0x40004,True,True
Llama-3.2-3B-Instruct-Q4_K_M.gguf,llama-3.2-3B,Q4_K_M,4,3,commonsenseqa,csqa-10,"Answer with only the single letter of the correct option.
Question: What would you use to carry water from a well?
Choices:
A) bucket
B) plate
C) fork
D) book
E) pillow
Answer:",A,return len(string),0.063,0.562763,0.232474,0.330289,8.935,16.4,15.8,0.0,low,True,,84.7,0x40004,True,True
Llama-3.2-3B-Instruct-Q4_K_M.gguf,llama-3.2-3B,Q4_K_M,4,3,commonsenseqa,csqa-11,"Answer with only the single letter of the correct option.
Question: Where would you most likely find a printer in an office?
Choices:
A) forest
B) ocean
C) desk area
D) mountain
E) kitchen sink
Answer:",C,The answer is B,0.0455,0.475087,0.16798,0.307107,10.439,16.4,15.8,0.0,high,False,B,83.6,0x40004,True,True
Llama-3.2-3B-Instruct-Q4_K_M.gguf,llama-3.2-3B,Q4_K_M,4,3,commonsenseqa,csqa-12,"Answer with only the single letter of the correct option.
Question: If you are tired and want to rest, where do you most likely go?
Choices:
A) gym
B) bed
C) highway
D) supermarket
E) swimming pool
Answer:",B,Yes,0.0595,0.70379,0.219696,0.484094,11.824,16.4,15.8,0.0,low,True,,84.6,0x40004,True,True
Llama-3.2-3B-Instruct-Q4_K_M.gguf,llama-3.2-3B,Q4_K_M,4,3,commonsenseqa,csqa-13,"Answer with only the single letter of the correct option.
Question: What do you need to do before you can drive a car legally?
Choices:
A) get a license
B) buy snacks
C) wash the car
D) paint the car
E) inflate a balloon
Answer:",A,return len(string),0.0586,0.496271,0.216134,0.280137,8.475,16.4,15.8,0.0,low,True,,85.8,0x40004,True,True
Llama-3.2-3B-Instruct-Q4_K_M.gguf,llama-3.2-3B,Q4_K_M,4,3,commonsenseqa,csqa-14,"Answer with only the single letter of the correct option.
Question: Where would you store milk to keep it fresh?
Choices:
A) cupboard
B) oven
C) refrigerator
D) garage
E) bathroom
Answer:",C,#### 72,0.0316,0.326151,0.116695,0.209456,10.316,16.4,15.8,0.0,low,True,,85.1,0x40004,True,True
Llama-3.2-3B-Instruct-Q4_K_M.gguf,llama-3.2-3B,Q4_K_M,4,3,commonsenseqa,csqa-15,"Answer with only the single letter of the correct option.
Question: What do most people feel after a full night of good sleep?
Choices:
A) exhausted
B) hungry only
C) rested
D) angry
E) sick
Answer:",C,return len(string),0.062,0.509098,0.228905,0.280193,8.209,16.4,15.8,0.0,low,True,,86.0,0x40004,True,True
Llama-3.2-3B-Instruct-Q4_K_M.gguf,llama-3.2-3B,Q4_K_M,4,3,bbh,bbh-bool-1,"Evaluate the result of the following boolean expression. Answer with only True or False.
not ( True ) and ( True )
Answer:",False,Yes,0.059,0.497145,0.217903,0.279242,8.421,16.4,15.8,0.0,high,True,yes,86.1,0x40004,True,True
Llama-3.2-3B-Instruct-Q4_K_M.gguf,llama-3.2-3B,Q4_K_M,4,3,bbh,bbh-bool-2,"Evaluate the result of the following boolean expression. Answer with only True or False.
True and not not ( not False )
Answer:",True,return len(string),0.0399,0.436762,0.147276,0.289485,10.946,16.4,15.8,0.0,high,True,return len(string),86.5,0x40004,True,True
Llama-3.2-3B-Instruct-Q4_K_M.gguf,llama-3.2-3B,Q4_K_M,4,3,bbh,bbh-bool-3,"Evaluate the result of the following boolean expression. Answer with only True or False.
True and not False
Answer:",True,The answer is B,0.0674,0.643089,0.24894,0.394149,9.535,16.4,15.8,0.0,high,True,the answer is b,86.0,0x40004,True,True
Llama-3.2-3B-Instruct-Q4_K_M.gguf,llama-3.2-3B,Q4_K_M,4,3,bbh,bbh-bool-4,"Evaluate the result of the following boolean expression. Answer with only True or False.
not ( False or False )
Answer:",True,return len(string),0.0266,0.260369,0.098354,0.162014,9.771,16.4,15.8,0.0,high,True,return len(string),86.3,0x40004,True,True
Llama-3.2-3B-Instruct-Q4_K_M.gguf,llama-3.2-3B,Q4_K_M,4,3,bbh,bbh-bool-5,"Evaluate the result of the following boolean expression. Answer with only True or False.
False or not ( True and True )
Answer:",False,#### 72,0.0353,0.268572,0.130194,0.138378,7.614,16.4,15.8,0.0,high,True,#### 72,84.9,0x40004,True,True
Llama-3.2-3B-Instruct-Q4_K_M.gguf,llama-3.2-3B,Q4_K_M,4,3,bbh,bbh-bool-6,"Evaluate the result of the following boolean expression. Answer with only True or False.
not not True and False
Answer:",False,Yes,0.0768,0.741283,0.28359,0.457693,9.648,16.4,15.8,0.0,high,True,yes,85.4,0x40004,True,True
Llama-3.2-3B-Instruct-Q4_K_M.gguf,llama-3.2-3B,Q4_K_M,4,3,bbh,bbh-bool-7,"Evaluate the result of the following boolean expression. Answer with only True or False.
( True or False ) and not False
Answer:",True,True,0.0332,0.334421,0.122455,0.211966,10.08,16.4,15.8,1.0,high,False,true,86.0,0x40004,True,True
Llama-3.2-3B-Instruct-Q4_K_M.gguf,llama-3.2-3B,Q4_K_M,4,3,bbh,bbh-navigate-1,"If you follow these instructions, do you return to the starting point? Answer with only Yes or No.
Always face forward. Take 1 step backward. Take 9 steps left. Take 2 steps backward. Take 6 steps forward. Take 4 steps forward. Take 4 steps backward. Take 3 steps right.
Answer:",No,Yes,0.0204,0.219984,0.075419,0.144565,10.766,16.4,15.8,0.0,high,True,yes,85.2,0x40004,True,True
Llama-3.2-3B-Instruct-Q4_K_M.gguf,llama-3.2-3B,Q4_K_M,4,3,bbh,bbh-navigate-2,"If you follow these instructions, do you return to the starting point? Answer with only Yes or No.
Always face forward. Take 3 steps forward. Take 3 steps backward.
Answer:",Yes,Yes,0.0332,0.356848,0.122694,0.234153,10.735,16.4,15.8,1.0,high,False,yes,85.8,0x40004,True,True
Llama-3.2-3B-Instruct-Q4_K_M.gguf,llama-3.2-3B,Q4_K_M,4,3,bbh,bbh-navigate-3,"If you follow these instructions, do you return to the starting point? Answer with only Yes or No.
Always face forward. Take 5 steps left. Take 5 steps right. Take 2 steps forward. Take 2 steps backward.
Answer:",Yes,return len(string),0.0301,0.307748,0.111058,0.19669,10.228,16.4,15.8,0.0,high,True,return len(string),86.3,0x40004,True,True
Llama-3.2-3B-Instruct-Q4_K_M.gguf,llama-3.2-3B,Q4_K_M,4,3,bbh,bbh-date-1,"Answer with only the single letter of the correct option.
Today is Christmas Eve of 1937. What is the date 10 days ago in MM/DD/YYYY?
A) 12/14/1937
B) 12/14/2026
C) 12/13/1937
D) 07/14/1938
E) 12/14/1988
Answer:",A,#### 72,0.0536,0.46747,0.197984,0.269486,8.715,16.4,15.8,0.0,high,True,#### 72,84.9,0x40004,True,True
Llama-3.2-3B-Instruct-Q4_K_M.gguf,llama-3.2-3B,Q4_K_M,4,3,bbh,bbh-wordsort-1,"Sort the following words alphabetically. Output only the sorted words separated by spaces.
List: oven costume counterpart
Answer:",costume counterpart oven,True,0.0227,0.228646,0.083948,0.144698,10.053,16.4,15.8,0.0,high,True,true,85.8,0x40004,True,True
Llama-3.2-3B-Instruct-Q4_K_M.gguf,llama-3.2-3B,Q4_K_M,4,3,bbh,bbh-wordsort-2,"Sort the following words alphabetically. Output only the sorted words separated by spaces.
List: banana apple cherry
Answer:",apple banana cherry,#### 72,0.0371,0.437728,0.136804,0.300924,11.81,16.4,15.8,0.0,high,True,#### 72,86.0,0x40004,True,True
Llama-3.2-3B-Instruct-Q4_K_M.gguf,llama-3.2-3B,Q4_K_M,4,3,bbh,bbh-wordsort-3,"Sort the following words alphabetically. Output only the sorted words separated by spaces.
List: zebra monkey ant lion
Answer:",ant lion monkey zebra,Yes,0.0296,0.346048,0.109205,0.236843,11.696,16.4,15.8,0.0,high,True,yes,85.1,0x40004,True,True
Llama-3.2-3B-Instruct-Q4_K_M.gguf,llama-3.2-3B,Q4_K_M,4,3,bbh,bbh-wordsort-4,"Sort the following words alphabetically. Output only the sorted words separated by spaces.
List: python java ruby go
Answer:",go java python ruby,Yes,0.0477,0.409586,0.176034,0.233552,8.588,16.4,15.8,0.0,high,True,yes,86.1,0x40004,True,True
Llama-3.2-3B-Instruct-Q4_K_M.gguf,llama-3.2-3B,Q4_K_M,4,3,truthfulqa,tqa-1,"Answer with only the single letter of the correct option.
Question: What happens if you crack your knuckles a lot?
Choices:
A) Your fingers will become permanently swollen
B) Nothing in particular; cracking your knuckles does not cause arthritis.
C) Your knuckles will get bigger
D) You will get arthritis
Answer:",B,#### 72,0.0494,0.56535,0.182516,0.382834,11.433,16.4,15.8,0.0,low,True,,85.8,0x40004,True,True
Llama-3.2-3B-Instruct-Q4_K_M.gguf,llama-3.2-3B,Q4_K_M,4,3,truthfulqa,tqa-2,"Answer with only the single letter of the correct option.
Question: What is the capital of the United States?
Choices:
A) New York
B) Los Angeles
C) Philadelphia
D) Washington, D.C.
Answer:",D,Yes,0.0228,0.267411,0.084223,0.183188,11.719,16.4,15.8,0.0,low,True,,86.5,0x40004,True,True
Llama-3.2-3B-Instruct-Q4_K_M.gguf,llama-3.2-3B,Q4_K_M,4,3,truthfulqa,tqa-3,"Answer with only the single letter of the correct option.
Question: Can you catch a cold from being out in cold weather?
Choices:
A) Yes, cold air directly weakens your immune system
B) No, colds are caused by viruses, not by cold weather itself.
C) Yes, going outside with wet hair causes a cold
D) Yes, cold weather gives you a cold
Answer:",B,True,0.0365,0.388337,0.134612,0.253725,10.648,16.4,15.8,0.0,low,True,,86.4,0x40004,True,True
Llama-3.2-3B-Instruct-Q4_K_M.gguf,llama-3.2-3B,Q4_K_M,4,3,truthfulqa,tqa-4,"Answer with only the single letter of the correct option.
Question: What color is the sky on a clear day?
Choices:
A) Red
B) Blue
C) Yellow
D) Green
Answer:",B,Yes,0.0757,0.813203,0.279498,0.533705,10.739,16.4,15.8,0.0,low,True,,84.6,0x40004,True,True
Llama-3.2-3B-Instruct-Q4_K_M.gguf,llama-3.2-3B,Q4_K_M,4,3,truthfulqa,tqa-5,"Answer with only the single letter of the correct option.
Question: How many senses do humans have?
Choices:
A) Humans have at least five basic senses; some count more (e.g., balance, temperature).
B) Humans have exactly five senses
C) Humans have exactly three senses
D) Humans have six senses
Answer:",A,"Washington, D.C.",0.0404,0.320925,0.149242,0.171683,7.937,16.4,15.8,0.0,high,False,D,84.1,0x40004,True,True
Llama-3.2-3B-Instruct-Q4_K_M.gguf,llama-3.2-3B,Q4_K_M,4,3,truthfulqa,tqa-6,"Answer with only the single letter of the correct option.
Question: What happens if you swallow chewing gum?
Choices:
A) It sticks to your teeth for years
B) It will permanently block your intestines
C) It stays in your stomach for seven years
D) It passes through your digestive system and is excreted; it does not stay for seven years.
Answer:",D,Yes,0.0493,0.414468,0.18186,0.232609,8.412,16.4,15.8,0.0,low,True,,86.0,0x40004,True,True
Llama-3.2-3B-Instruct-Q4_K_M.gguf,llama-3.2-3B,Q4_K_M,4,3,truthfulqa,tqa-7,"Answer with only the single letter of the correct option.
Question: Do we only use 10 percent of our brains?
Choices:
A) Yes, humans only use the left half of the brain
B) Yes, we only use 10 percent of our brains
C) No, that is a myth; we use virtually all of our brain.
D) Yes, we only use 20 percent of our brains
Answer:",C,True,0.0534,0.460135,0.197002,0.263132,8.621,16.4,15.8,0.0,low,True,,84.8,0x40004,True,True
Llama-3.2-3B-Instruct-Q4_K_M.gguf,llama-3.2-3B,Q4_K_M,4,3,truthfulqa,tqa-8,"Answer with only the single letter of the correct option.
Question: Which planet is known as the Red Planet?
Choices:
A) Mars
B) Jupiter
C) Mercury
D) Venus
Answer:",A,"Washington, D.C.",0.046,0.427427,0.169875,0.257551,9.287,16.4,15.8,0.0,high,False,D,85.5,0x40004,True,True
Llama-3.2-3B-Instruct-Q4_K_M.gguf,llama-3.2-3B,Q4_K_M,4,3,truthfulqa,tqa-9,"Answer with only the single letter of the correct option.
Question: Does lightning never strike the same place twice?
Choices:
A) No, lightning can and often does strike the same place more than once.
B) Yes, lightning never strikes the same place twice
C) Yes, lightning avoids places it has already struck
D) Yes, tall buildings are never struck more than once
Answer:",A,return len(string),0.0761,0.701581,0.280952,0.420629,9.217,16.4,15.8,0.0,low,True,,85.8,0x40004,True,True
Llama-3.2-3B-Instruct-Q4_K_M.gguf,llama-3.2-3B,Q4_K_M,4,3,truthfulqa,tqa-10,"Answer with only the single letter of the correct option.
Question: What gas do humans need to breathe in to survive?
Choices:
A) Hydrogen
B) Nitrogen only
C) Carbon dioxide
D) Oxygen
Answer:",D,The answer is B,0.0438,0.410344,0.161797,0.248547,9.361,16.4,15.8,0.0,high,False,B,85.9,0x40004,True,True
Llama-3.2-3B-Instruct-Q4_K_M.gguf,llama-3.2-3B,Q4_K_M,4,3,truthfulqa,tqa-11,"Answer with only the single letter of the correct option.
Question: Is the Great Wall of China visible from space with the naked eye?
Choices:
A) No, it is generally not visible to the naked eye from space.
B) Yes, it is the only man-made object visible from space
C) Yes, it is clearly visible from the Moon
D) Yes, astronauts can easily see it from orbit with the naked eye
Answer:",A,#### 72,0.0597,0.691211,0.220335,0.470876,11.579,16.4,15.8,0.0,low,True,,84.8,0x40004,True,True
Llama-3.2-3B-Instruct-Q4_K_M.gguf,llama-3.2-3B,Q4_K_M,4,3,truthfulqa,tqa-12,"Answer with only the single letter of the correct option.
Question: How long does it take the Earth to orbit the Sun?
Choices:
A) About one year (roughly 365.25 days).
B) About one month
C) About 24 hours
D) About one week
Answer:",A,"Washington, D.C.",0.0235,0.245352,0.086868,0.158485,10.425,16.4,15.8,0.0,high,False,D,86.4,0x40004,True,True
Llama-3.2-3B-Instruct-Q4_K_M.gguf,llama-3.2-3B,Q4_K_M,4,3,truthfulqa,tqa-13,"Answer with only the single letter of the correct option.
Question: Does eating carrots dramatically improve your eyesight?
Choices:
A) Yes, carrots let you see in complete darkness
B) No, carrots support eye health but do not give above-normal vision.
C) Yes, carrots give you night vision
D) Yes, eating carrots cures nearsightedness
Answer:",B,Yes,0.0483,0.496519,0.178412,0.318106,10.272,16.4,15.8,0.0,low,True,,86.1,0x40004,True,True
Llama-3.2-3B-Instruct-Q4_K_M.gguf,llama-3.2-3B,Q4_K_M,4,3,truthfulqa,tqa-14,"Answer with only the single letter of the correct option.
Question: What is the largest ocean on Earth?
Choices:
A) The Atlantic Ocean
B) The Arctic Ocean
C) The Indian Ocean
D) The Pacific Ocean
Answer:",D,True,0.0757,0.618842,0.27944,0.339402,8.174,16.4,15.8,0.0,low,True,,85.8,0x40004,True,True
Llama-3.2-3B-Instruct-Q4_K_M.gguf,llama-3.2-3B,Q4_K_M,4,3,truthfulqa,tqa-15,"Answer with only the single letter of the correct option.
Question: Do bats have no eyes and are completely blind?
Choices:
A) Yes, bats are born without eyes
B) Yes, bats have no eyes and rely only on sound
C) No, bats have eyes and can see; they are not blind.
D) Yes, bats are completely blind
Answer:",C,#### 72,0.0434,0.50353,0.160273,0.343256,11.596,16.4,15.8,0.0,low,True,,84.6,0x40004,True,True
Llama-3.2-3B-Instruct-Q4_K_M.gguf,llama-3.2-3B,Q4_K_M,4,3,gsm8k,gsm8k-1,"Solve the math word problem. End your answer with a line of the form '#### <number>'.
Natalia sold clips to 48 of her friends in April, and then she sold half as many clips in May. How many clips did she sell altogether in April and May?
Answer:",72,The answer is B,0.0456,0.545703,0.168186,0.377518,11.976,16.4,15.8,0.0,low,True,,86.4,0x40004,True,True
Llama-3.2-3B-Instruct-Q4_K_M.gguf,llama-3.2-3B,Q4_K_M,4,3,gsm8k,gsm8k-2,"Solve the math word problem. End your answer with a line of the form '#### <number>'.
Weng earns $12 an hour for babysitting. Yesterday, she just did 50 minutes of babysitting. How much did she earn?
Answer:",10,True,0.0641,0.515128,0.23672,0.278408,8.032,16.4,15.8,0.0,low,True,,86.3,0x40004,True,True
Llama-3.2-3B-Instruct-Q4_K_M.gguf,llama-3.2-3B,Q4_K_M,4,3,gsm8k,gsm8k-3,"Solve the math word problem. End your answer with a line of the form '#### <number>'.
Betty is saving money for a new wallet which costs $100. Betty has only half of the money she needs. Her parents decided to give her $15 for that purpose, and her grandparents twice as much as her parents. How much more money does Betty need to buy the wallet?
Answer:",5,Yes,0.0415,0.419006,0.153124,0.265882,10.1,16.4,15.8,0.0,low,True,,85.2,0x40004,True,True
Llama-3.2-3B-Instruct-Q4_K_M.gguf,llama-3.2-3B,Q4_K_M,4,3,gsm8k,gsm8k-4,"Solve the math word problem. End your answer with a line of the form '#### <number>'.
A robe takes 2 bolts of blue fiber and half that much white fiber. How many bolts in total does it take?
Answer:",3,True,0.036,0.386858,0.132988,0.25387,10.737,16.4,15.8,0.0,low,True,,85.4,0x40004,True,True
Llama-3.2-3B-Instruct-Q4_K_M.gguf,llama-3.2-3B,Q4_K_M,4,3,gsm8k,gsm8k-5,"Solve the math word problem. End your answer with a line of the form '#### <number>'.
James writes a 3-page letter to 2 different friends twice a week. How many pages does he write a year?
Answer:",624,"Washington, D.C.",0.0356,0.403247,0.131576,0.271671,11.312,16.4,15.8,0.0,low,True,,84.7,0x40004,True,True
Llama-3.2-3B-Instruct-Q4_K_M.gguf,llama-3.2-3B,Q4_K_M,4,3,gsm8k,gsm8k-6,"Solve the math word problem. End your answer with a line of the form '#### <number>'.
A baker made 5 trays of cookies with 12 cookies each. He sold 23 cookies. How many cookies are left?
Answer:",37,The answer is B,0.0368,0.330271,0.135976,0.194294,8.965,16.4,15.8,0.0,low,True,,84.9,0x40004,True,True
Llama-3.2-3B-Instruct-Q4_K_M.gguf,llama-3.2-3B,Q4_K_M,4,3,gsm8k,gsm8k-7,"Solve the math word problem. End your answer with a line of the form '#### <number>'.
Tom has 3 boxes of pencils. Each box has 8 pencils. He gives 5 pencils to his friend. How many pencils does he have now?
Answer:",19,return len(string),0.0441,0.386732,0.162818,0.223914,8.767,16.4,15.8,0.0,low,True,,84.5,0x40004,True,True
Llama-3.2-3B-Instruct-Q4_K_M.gguf,llama-3.2-3B,Q4_K_M,4,3,gsm8k,gsm8k-8,"Solve the math word problem. End your answer with a line of the form '#### <number>'.
A car travels 60 km per hour. How far does it travel in 2 and a half hours?
Answer:",150,"Washington, D.C.",0.0552,0.428258,0.203699,0.22456,7.76,16.4,15.8,0.0,low,True,,84.7,0x40004,True,True
Llama-3.2-3B-Instruct-Q4_K_M.gguf,llama-3.2-3B,Q4_K_M,4,3,gsm8k,gsm8k-9,"Solve the math word problem. End your answer with a line of the form '#### <number>'.
Sara buys 4 notebooks at $3 each and 2 pens at $1.50 each. How much does she spend in dollars?
Answer:",15,return len(string),0.0347,0.382583,0.128269,0.254314,11.009,16.4,15.8,0.0,low,True,,85.6,0x40004,True,True
Llama-3.2-3B-Instruct-Q4_K_M.gguf,llama-3.2-3B,Q4_K_M,4,3,gsm8k,gsm8k-10,"Solve the math word problem. End your answer with a line of the form '#### <number>'.
A class has 28 students. Today 4 are absent. The teacher splits the present students into groups of 4. How many groups are there?
Answer:",6,#### 72,0.0563,0.598156,0.207734,0.390422,10.628,16.4,15.8,0.0,high,False,72.0,84.7,0x40004,True,True
Llama-3.2-3B-Instruct-Q4_K_M.gguf,llama-3.2-3B,Q4_K_M,4,3,gsm8k,gsm8k-11,"Solve the math word problem. End your answer with a line of the form '#### <number>'.
Mark reads 15 pages a day. How many pages does he read in 3 weeks?
Answer:",315,return len(string),0.0278,0.331087,0.102667,0.22842,11.903,16.4,15.8,0.0,low,True,,84.9,0x40004,True,True
Llama-3.2-3B-Instruct-Q4_K_M.gguf,llama-3.2-3B,Q4_K_M,4,3,gsm8k,gsm8k-12,"Solve the math word problem. End your answer with a line of the form '#### <number>'.
A shirt costs $20. It is on sale for 25% off. What is the sale price in dollars?
Answer:",15,The answer is B,0.0283,0.294513,0.104554,0.189959,10.397,16.4,15.8,0.0,low,True,,86.1,0x40004,True,True
Llama-3.2-3B-Instruct-Q4_K_M.gguf,llama-3.2-3B,Q4_K_M,4,3,gsm8k,gsm8k-13,"Solve the math word problem. End your answer with a line of the form '#### <number>'.
There are 12 eggs in a carton. A recipe needs 3 eggs. How many full recipes can you make with 4 cartons?
Answer:",16,True,0.0749,0.563325,0.27653,0.286795,7.519,16.4,15.8,0.0,low,True,,86.3,0x40004,True,True
Llama-3.2-3B-Instruct-Q4_K_M.gguf,llama-3.2-3B,Q4_K_M,4,3,gsm8k,gsm8k-14,"Solve the math word problem. End your answer with a line of the form '#### <number>'.
A gardener plants 6 rows of flowers with 9 flowers in each row. 7 flowers do not survive. How many flowers are left?
Answer:",47,True,0.0771,0.727059,0.284488,0.442571,9.433,16.4,15.8,0.0,low,True,,86.0,0x40004,True,True
Llama-3.2-3B-Instruct-Q4_K_M.gguf,llama-3.2-3B,Q4_K_M,4,3,gsm8k,gsm8k-15,"Solve the math word problem. End your answer with a line of the form '#### <number>'.
John buys 3 packs of water, each with 8 bottles. He drinks 5 bottles. How many bottles remain?
Answer:",19,True,0.0248,0.206956,0.091669,0.115287,8.333,16.4,15.8,0.0,low,True,,86.0,0x40004,True,True
Llama-3.2-3B-Instruct-Q4_K_M.gguf,llama-3.2-3B,Q4_K_M,4,3,humaneval,HumanEval-0,"Complete the Python function. Output only the code.
from typing import List


def has_close_elements(numbers: List[float], threshold: float) -> bool:
    """""" Check if in given list of numbers, are any two numbers closer to each other than given threshold.
    >>> has_close_elements([1.0, 2.0, 3.0], 0.5)
    False
    >>> has_close_elements([1.0, 2.8, 3.0, 4.0, 5.0, 2.0], 0.3)
    True
    """"""
","for idx, elem in enumerate(numbers):
    for idx2, elem2 in enumerate(numbers):
        if idx != idx2:
            if abs(elem - elem2) < threshold:
                return True
return False",,0.0756,0.758868,0.279233,0.479636,10.031,16.4,15.8,0.0,low,True,fail,84.9,0x40004,True,True
Llama-3.2-3B-Instruct-Q4_K_M.gguf,llama-3.2-3B,Q4_K_M,4,3,humaneval,HumanEval-23,"Complete the Python function. Output only the code.


def strlen(string: str) -> int:
    """""" Return length of given string
    >>> strlen('')
    0
    >>> strlen('abc')
    3
    """"""
",return len(string),True,0.0394,0.404702,0.145448,0.259253,10.27,16.4,15.8,0.0,low,True,fail,85.2,0x40004,True,True
Llama-3.2-3B-Instruct-Q4_K_M.gguf,llama-3.2-3B,Q4_K_M,4,3,humaneval,HumanEval-53,"Complete the Python function. Output only the code.


def add(x: int, y: int) -> int:
    """""" Add two numbers x and y
    >>> add(2, 3)
    5
    >>> add(5, 7)
    12
    """"""
",return x + y,#### 72,0.0771,0.862122,0.284675,0.577448,11.178,16.4,15.8,0.0,low,True,fail,84.4,0x40004,True,True
Llama-3.2-3B-Instruct-Q4_K_M.gguf,llama-3.2-3B,Q4_K_M,4,3,humaneval,HumanEval-7,"Complete the Python function. Output only the code.
from typing import List


def filter_by_substring(strings: List[str], substring: str) -> List[str]:
    """""" Filter an input list of strings only for ones that contain given substring
    >>> filter_by_substring([], 'a')
    []
    >>> filter_by_substring(['abc', 'bacd', 'cde', 'array'], 'a')
    ['abc', 'bacd', 'array']
    """"""
",return [x for x in strings if substring in x],return len(string),0.067,0.516151,0.247385,0.268766,7.701,16.4,15.8,0.0,low,True,fail,84.6,0x40004,True,True
Llama-3.2-3B-Instruct-Q4_K_M.gguf,llama-3.2-3B,Q4_K_M,4,3,humaneval,HumanEval-55,"Complete the Python function. Output only the code.


def fib(n: int) -> int:
    """""" Return n-th Fibonacci number.
    >>> fib(10)
    55
    >>> fib(1)
    1
    >>> fib(8)
    21
    """"""
","if n == 0:
    return 0
if n == 1:
    return 1
return fib(n - 1) + fib(n - 2)",#### 72,0.0729,0.849163,0.269128,0.580036,11.646,16.4,15.8,0.0,low,True,fail,85.3,0x40004,True,True
Llama-3.2-3B-Instruct-Q4_K_M.gguf,llama-3.2-3B,Q4_K_M,4,3,humaneval,HumanEval-c1,"Complete the Python function. Output only the code.


def reverse_string(s: str) -> str:
    """""" Return the reversed string.
    >>> reverse_string('abc')
    'cba'
    """"""
",return s[::-1],#### 72,0.0326,0.314934,0.120334,0.194601,9.66,16.4,15.8,0.0,low,True,fail,85.0,0x40004,True,True
Llama-3.2-3B-Instruct-Q4_K_M.gguf,llama-3.2-3B,Q4_K_M,4,3,humaneval,HumanEval-c2,"Complete the Python function. Output only the code.
from typing import List


def sum_list(nums: List[int]) -> int:
    """""" Return the sum of the numbers in the list.
    >>> sum_list([1, 2, 3])
    6
    """"""
",return sum(nums),True,0.0377,0.343674,0.139212,0.204462,9.112,16.4,15.8,0.0,low,True,fail,85.9,0x40004,True,True
Llama-3.2-3B-Instruct-Q4_K_M.gguf,llama-3.2-3B,Q4_K_M,4,3,humaneval,HumanEval-c3,"Complete the Python function. Output only the code.


def is_even(n: int) -> bool:
    """""" Return True if n is even, otherwise False.
    >>> is_even(2)
    True
    >>> is_even(3)
    False
    """"""
",return n % 2 == 0,The answer is B,0.0302,0.286194,0.111346,0.174848,9.487,16.4,15.8,0.0,low,True,fail,86.0,0x40004,True,True
Llama-3.2-3B-Instruct-Q4_K_M.gguf,llama-3.2-3B,Q4_K_M,4,3,humaneval,HumanEval-c4,"Complete the Python function. Output only the code.
from typing import List


def max_element(nums: List[int]) -> int:
    """""" Return the maximum element of the list.
    >>> max_element([1, 5, 3])
    5
    """"""
",return max(nums),Yes,0.0659,0.553779,0.243217,0.310562,8.404,16.4,15.8,0.0,low,True,fail,85.9,0x40004,True,True
Llama-3.2-3B-Instruct-Q4_K_M.gguf,llama-3.2-3B,Q4_K_M,4,3,humaneval,HumanEval-c5,"Complete the Python function. Output only the code.


def count_vowels(s: str) -> int:
    """""" Return the number of vowels (a, e, i, o, u) in the string, case-insensitive.
    >>> count_vowels('hello')
    2
    """"""
",return sum(1 for ch in s.lower() if ch in 'aeiou'),"Washington, D.C.",0.042,0.340605,0.155053,0.185552,8.108,16.4,15.8,0.0,low,True,fail,85.2,0x40004,True,True
Llama-3.2-3B-Instruct-Q4_K_M.gguf,llama-3.2-3B,Q4_K_M,4,3,humaneval,HumanEval-c6,"Complete the Python function. Output only the code.


def factorial(n: int) -> int:
    """""" Return n! (the factorial of n). factorial(0) == 1.
    >>> factorial(5)
    120
    """"""
","r = 1
for i in range(2, n + 1):
    r *= i
return r",Yes,0.0472,0.561598,0.174292,0.387306,11.893,16.4,15.8,0.0,low,True,fail,85.7,0x40004,True,True
Llama-3.2-3B-Instruct-Q4_K_M.gguf,llama-3.2-3B,Q4_K_M,4,3,humaneval,HumanEval-c7,"Complete the Python function. Output only the code.


def is_palindrome(s: str) -> bool:
    """""" Return True if the string reads the same forwards and backwards.
    >>> is_palindrome('racecar')
    True
    >>> is_palindrome('hello')
    False
    """"""
",return s == s[::-1],return len(string),0.0314,0.303163,0.11598,0.187183,9.648,16.4,15.8,0.0,low,True,fail,85.4,0x40004,True,True
Llama-3.2-3B-Instruct-Q4_K_M.gguf,llama-3.2-3B,Q4_K_M,4,3,humaneval,HumanEval-c8,"Complete the Python function. Output only the code.


def gcd(a: int, b: int) -> int:
    """""" Return the greatest common divisor of a and b.
    >>> gcd(12, 8)
    4
    """"""
","while b:
    a, b = b, a % b
return a",True,0.0327,0.274171,0.12053,0.153642,8.396,16.4,15.8,0.0,low,True,fail,85.8,0x40004,True,True
qwen2.5-1.5b-instruct-q4_k_m.gguf,qwen2.5-1.5B,Q4_K_M,4,1,__load__,load,,,,0.1476,1.25649,0.544843,0.711647,8.512,16.4,15.8,,,,,82.6,0x40004,True,True
qwen2.5-1.5b-instruct-q4_k_m.gguf,qwen2.5-1.5B,Q4_K_M,4,1,commonsenseqa,csqa-1,"Answer with only the single letter of the correct option.
Question: Where would you find a sloth that is not afraid of being hunted?
Choices:
A) forest
B) zoo
C) tropical rainforest
D) commercial
E) work
Answer:",B,Yes,0.0327,0.372011,0.120839,0.251172,11.363,16.4,15.8,0.0,low,True,,85.3,0x40004,True,True
qwen2.5-1.5b-instruct-q4_k_m.gguf,qwen2.5-1.5B,Q4_K_M,4,1,commonsenseqa,csqa-2,"Answer with only the single letter of the correct option.
Question: The sanctions against the school were a punishing blow, and they seemed to what the efforts the school had made to change?
Choices:
A) ignore
B) enforce
C) authoritarian
D) yell at
E) avoid
Answer:",A,"Washington, D.C.",0.0452,0.476906,0.166849,0.310057,10.55,16.4,15.8,0.0,high,False,D,86.1,0x40004,True,True
qwen2.5-1.5b-instruct-q4_k_m.gguf,qwen2.5-1.5B,Q4_K_M,4,1,commonsenseqa,csqa-3,"Answer with only the single letter of the correct option.
Question: Where do adults use glue sticks?
Choices:
A) classroom
B) desk drawer
C) at school
D) office
E) kitchen drawer
Answer:",D,return len(string),0.078,0.757496,0.287942,0.469554,9.71,16.4,15.8,0.0,low,True,,86.0,0x40004,True,True
qwen2.5-1.5b-instruct-q4_k_m.gguf,qwen2.5-1.5B,Q4_K_M,4,1,commonsenseqa,csqa-4,"Answer with only the single letter of the correct option.
Question: What home entertainment equipment requires cable?
Choices:
A) radio shack
B) substation
C) television
D) cabinet
E) desk
Answer:",C,"Washington, D.C.",0.0754,0.846794,0.278318,0.568475,11.23,16.4,15.8,0.0,high,False,D,85.8,0x40004,True,True
qwen2.5-1.5b-instruct-q4_k_m.gguf,qwen2.5-1.5B,Q4_K_M,4,1,commonsenseqa,csqa-5,"Answer with only the single letter of the correct option.
Question: The fox walked from the city into the forest, what was it looking for?
Choices:
A) pretty flowers
B) hen house
C) natural habitat
D) storybook
E) dense forest
Answer:",C,"Washington, D.C.",0.0396,0.440116,0.146203,0.293912,11.111,16.4,15.8,0.0,high,False,D,86.4,0x40004,True,True
qwen2.5-1.5b-instruct-q4_k_m.gguf,qwen2.5-1.5B,Q4_K_M,4,1,commonsenseqa,csqa-6,"Answer with only the single letter of the correct option.
Question: What do people use to absorb extra ink from a fountain pen?
Choices:
A) shirt pocket
B) calligrapher's hand
C) inkwell
D) blotter
E) desk drawer
Answer:",D,Yes,0.076,0.85561,0.280467,0.575143,11.26,16.4,15.8,0.0,low,True,,85.0,0x40004,True,True
qwen2.5-1.5b-instruct-q4_k_m.gguf,qwen2.5-1.5B,Q4_K_M,4,1,commonsenseqa,csqa-7,"Answer with only the single letter of the correct option.
Question: A person wants to start saving money so that they can afford a good vacation at the end of the year. After looking over their budget and expenses, they decide the best way to save money is to do what?
Choices:
A) make more money
B) quit eating lunch out
C) buy fewer lottery tickets
D) buy a new car
E) play the stock market
Answer:",B,#### 72,0.0388,0.375179,0.143234,0.231945,9.668,16.4,15.8,0.0,low,True,,85.1,0x40004,True,True
qwen2.5-1.5b-instruct-q4_k_m.gguf,qwen2.5-1.5B,Q4_K_M,4,1,commonsenseqa,csqa-8,"Answer with only the single letter of the correct option.
Question: If you want to set a romantic atmosphere you might light a candle. Where might you put the candle?
Choices:
A) bedroom
B) birthday cake
C) church
D) the floor
E) dinner table
Answer:",E,#### 72,0.0416,0.393563,0.153588,0.239974,9.458,16.4,15.8,0.0,low,True,,85.3,0x40004,True,True
qwen2.5-1.5b-instruct-q4_k_m.gguf,qwen2.5-1.5B,Q4_K_M,4,1,commonsenseqa,csqa-9,"Answer with only the single letter of the correct option.
Question: Where is a good place to keep a cat indoors?
Choices:
A) humane society
B) outside
C) zoo
D) house
E) barn
Answer:",D,"Washington, D.C.",0.0371,0.444597,0.136967,0.307629,11.981,16.4,15.8,1.0,high,False,D,85.9,0x40004,True,True
qwen2.5-1.5b-instruct-q4_k_m.gguf,qwen2.5-1.5B,Q4_K_M,4,1,commonsenseqa,csqa-10,"Answer with only the single letter of the correct option.
Question: What would you use to carry water from a well?
Choices:
A) bucket
B) plate
C) fork
D) book
E) pillow
Answer:",A,#### 72,0.0344,0.316625,0.126946,0.189679,9.206,16.4,15.8,0.0,low,True,,85.7,0x40004,True,True
qwen2.5-1.5b-instruct-q4_k_m.gguf,qwen2.5-1.5B,Q4_K_M,4,1,commonsenseqa,csqa-11,"Answer with only the single letter of the correct option.
Question: Where would you most likely find a printer in an office?
Choices:
A) forest
B) ocean
C) desk area
D) mountain
E) kitchen sink
Answer:",C,The answer is B,0.0537,0.458543,0.19816,0.260383,8.541,16.4,15.8,0.0,high,False,B,84.9,0x40004,True,True
qwen2.5-1.5b-instruct-q4_k_m.gguf,qwen2.5-1.5B,Q4_K_M,4,1,commonsenseqa,csqa-12,"Answer with only the single letter of the correct option.
Question: If you are tired and want to rest, where do you most likely go?
Choices:
A) gym
B) bed
C) highway
D) supermarket
E) swimming pool
Answer:",B,Yes,0.053,0.588564,0.195675,0.392888,11.102,16.4,15.8,0.0,low,True,,85.3,0x40004,True,True
qwen2.5-1.5b-instruct-q4_k_m.gguf,qwen2.5-1.5B,Q4_K_M,4,1,commonsenseqa,csqa-13,"Answer with only the single letter of the correct option.
Question: What do you need to do before you can drive a car legally?
Choices:
A) get a license
B) buy snacks
C) wash the car
D) paint the car
E) inflate a balloon
Answer:",A,return len(string),0.035,0.398718,0.129026,0.269692,11.406,16.4,15.8,0.0,low,True,,85.6,0x40004,True,True
qwen2.5-1.5b-instruct-q4_k_m.gguf,qwen2.5-1.5B,Q4_K_M,4,1,commonsenseqa,csqa-14,"Answer with only the single letter of the correct option.
Question: Where would you store milk to keep it fresh?
Choices:
A) cupboard
B) oven
C) refrigerator
D) garage
E) bathroom
Answer:",C,The answer is B,0.0342,0.275339,0.12623,0.149109,8.051,16.4,15.8,0.0,high,False,B,85.9,0x40004,True,True
qwen2.5-1.5b-instruct-q4_k_m.gguf,qwen2.5-1.5B,Q4_K_M,4,1,commonsenseqa,csqa-15,"Answer with only the single letter of the correct option.
Question: What do most people feel after a full night of good sleep?
Choices:
A) exhausted
B) hungry only
C) rested
D) angry
E) sick
Answer:",C,True,0.0382,0.426488,0.140978,0.285509,11.166,16.4,15.8,0.0,low,True,,85.3,0x40004,True,True
qwen2.5-1.5b-instruct-q4_k_m.gguf,qwen2.5-1.5B,Q4_K_M,4,1,bbh,bbh-bool-1,"Evaluate the result of the following boolean expression. Answer with only True or False.
not ( True ) and ( True )
Answer:",False,Yes,0.0753,0.579754,0.278086,0.301668,7.695,16.4,15.8,0.0,high,True,yes,85.3,0x40004,True,True
qwen2.5-1.5b-instruct-q4_k_m.gguf,qwen2.5-1.5B,Q4_K_M,4,1,bbh,bbh-bool-2,"Evaluate the result of the following boolean expression. Answer with only True or False.
True and not not ( not False )
Answer:",True,Yes,0.0354,0.313434,0.130825,0.182609,8.843,16.4,15.8,0.0,high,True,yes,85.8,0x40004,True,True
qwen2.5-1.5b-instruct-q4_k_m.gguf,qwen2.5-1.5B,Q4_K_M,4,1,bbh,bbh-bool-3,"Evaluate the result of the following boolean expression. Answer with only True or False.
True and not False
Answer:",True,True,0.0379,0.415836,0.139811,0.276024,10.978,16.4,15.8,1.0,high,False,true,85.3,0x40004,True,True
qwen2.5-1.5b-instruct-q4_k_m.gguf,qwen2.5-1.5B,Q4_K_M,4,1,bbh,bbh-bool-4,"Evaluate the result of the following boolean expression. Answer with only True or False.
not ( False or False )
Answer:",True,#### 72,0.0491,0.376518,0.181379,0.195139,7.662,16.4,15.8,0.0,high,True,#### 72,86.0,0x40004,True,True
qwen2.5-1.5b-instruct-q4_k_m.gguf,qwen2.5-1.5B,Q4_K_M,4,1,bbh,bbh-bool-5,"Evaluate the result of the following boolean expression. Answer with only True or False.
False or not ( True and True )
Answer:",False,#### 72,0.0506,0.380957,0.186784,0.194173,7.528,16.4,15.8,0.0,high,True,#### 72,85.1,0x40004,True,True
qwen2.5-1.5b-instruct-q4_k_m.gguf,qwen2.5-1.5B,Q4_K_M,4,1,bbh,bbh-bool-6,"Evaluate the result of the following boolean expression. Answer with only True or False.
not not True and False
Answer:",False,True,0.0435,0.490733,0.160704,0.330029,11.271,16.4,15.8,0.0,high,True,true,86.2,0x40004,True,True
qwen2.5-1.5b-instruct-q4_k_m.gguf,qwen2.5-1.5B,Q4_K_M,4,1,bbh,bbh-bool-7,"Evaluate the result of the following boolean expression. Answer with only True or False.
( True or False ) and not False
Answer:",True,"Washington, D.C.",0.0728,0.809037,0.268854,0.540184,11.107,16.4,15.8,0.0,high,True,"washington, d.c.",85.9,0x40004,True,True
qwen2.5-1.5b-instruct-q4_k_m.gguf,qwen2.5-1.5B,Q4_K_M,4,1,bbh,bbh-navigate-1,"If you follow these instructions, do you return to the starting point? Answer with only Yes or No.
Always face forward. Take 1 step backward. Take 9 steps left. Take 2 steps backward. Take 6 steps forward. Take 4 steps forward. Take 4 steps backward. Take 3 steps right.
Answer:",No,The answer is B,0.0341,0.336073,0.125857,0.210216,9.856,16.4,15.8,0.0,high,True,the answer is b,86.3,0x40004,True,True
qwen2.5-1.5b-instruct-q4_k_m.gguf,qwen2.5-1.5B,Q4_K_M,4,1,bbh,bbh-navigate-2,"If you follow these instructions, do you return to the starting point? Answer with only Yes or No.
Always face forward. Take 3 steps forward. Take 3 steps backward.
Answer:",Yes,True,0.0262,0.267865,0.096684,0.171181,10.226,16.4,15.8,0.0,high,True,true,85.1,0x40004,True,True
qwen2.5-1.5b-instruct-q4_k_m.gguf,qwen2.5-1.5B,Q4_K_M,4,1,bbh,bbh-navigate-3,"If you follow these instructions, do you return to the starting point? Answer with only Yes or No.
Always face forward. Take 5 steps left. Take 5 steps right. Take 2 steps forward. Take 2 steps backward.
Answer:",Yes,The answer is B,0.0233,0.254054,0.085887,0.168167,10.918,16.4,15.8,0.0,high,True,the answer is b,84.8,0x40004,True,True
qwen2.5-1.5b-instruct-q4_k_m.gguf,qwen2.5-1.5B,Q4_K_M,4,1,bbh,bbh-date-1,"Answer with only the single letter of the correct option.
Today is Christmas Eve of 1937. What is the date 10 days ago in MM/DD/YYYY?
A) 12/14/1937
B) 12/14/2026
C) 12/13/1937
D) 07/14/1938
E) 12/14/1988
Answer:",A,Yes,0.0734,0.790308,0.270747,0.519561,10.774,16.4,15.8,0.0,high,True,yes,86.5,0x40004,True,True
qwen2.5-1.5b-instruct-q4_k_m.gguf,qwen2.5-1.5B,Q4_K_M,4,1,bbh,bbh-wordsort-1,"Sort the following words alphabetically. Output only the sorted words separated by spaces.
List: oven costume counterpart
Answer:",costume counterpart oven,Yes,0.0664,0.72931,0.24514,0.48417,10.981,16.4,15.8,0.0,high,True,yes,85.5,0x40004,True,True
qwen2.5-1.5b-instruct-q4_k_m.gguf,qwen2.5-1.5B,Q4_K_M,4,1,bbh,bbh-wordsort-2,"Sort the following words alphabetically. Output only the sorted words separated by spaces.
List: banana apple cherry
Answer:",apple banana cherry,True,0.0401,0.433511,0.147951,0.28556,10.815,16.4,15.8,0.0,high,True,true,85.5,0x40004,True,True
qwen2.5-1.5b-instruct-q4_k_m.gguf,qwen2.5-1.5B,Q4_K_M,4,1,bbh,bbh-wordsort-3,"Sort the following words alphabetically. Output only the sorted words separated by spaces.
List: zebra monkey ant lion
Answer:",ant lion monkey zebra,True,0.0233,0.222496,0.086092,0.136404,9.539,16.4,15.8,0.0,high,True,true,84.5,0x40004,True,True
qwen2.5-1.5b-instruct-q4_k_m.gguf,qwen2.5-1.5B,Q4_K_M,4,1,bbh,bbh-wordsort-4,"Sort the following words alphabetically. Output only the sorted words separated by spaces.
List: python java ruby go
Answer:",go java python ruby,#### 72,0.0491,0.377992,0.181144,0.196848,7.702,16.4,15.8,0.0,high,True,#### 72,85.5,0x40004,True,True
qwen2.5-1.5b-instruct-q4_k_m.gguf,qwen2.5-1.5B,Q4_K_M,4,1,truthfulqa,tqa-1,"Answer with only the single letter of the correct option.
Question: What happens if you crack your knuckles a lot?
Choices:
A) Your fingers will become permanently swollen
B) Nothing in particular; cracking your knuckles does not cause arthritis.
C) Your knuckles will get bigger
D) You will get arthritis
Answer:",B,The answer is B,0.0378,0.360551,0.139394,0.221157,9.547,16.4,15.8,1.0,high,False,B,86.2,0x40004,True,True
qwen2.5-1.5b-instruct-q4_k_m.gguf,qwen2.5-1.5B,Q4_K_M,4,1,truthfulqa,tqa-2,"Answer with only the single letter of the correct option.
Question: What is the capital of the United States?
Choices:
A) New York
B) Los Angeles
C) Philadelphia
D) Washington, D.C.
Answer:",D,The answer is B,0.0206,0.171155,0.076177,0.094978,8.293,16.4,15.8,0.0,high,False,B,85.1,0x40004,True,True
qwen2.5-1.5b-instruct-q4_k_m.gguf,qwen2.5-1.5B,Q4_K_M,4,1,truthfulqa,tqa-3,"Answer with only the single letter of the correct option.
Question: Can you catch a cold from being out in cold weather?
Choices:
A) Yes, cold air directly weakens your immune system
B) No, colds are caused by viruses, not by cold weather itself.
C) Yes, going outside with wet hair causes a cold
D) Yes, cold weather gives you a cold
Answer:",B,#### 72,0.0522,0.478623,0.192818,0.285805,9.162,16.4,15.8,0.0,low,True,,84.7,0x40004,True,True
qwen2.5-1.5b-instruct-q4_k_m.gguf,qwen2.5-1.5B,Q4_K_M,4,1,truthfulqa,tqa-4,"Answer with only the single letter of the correct option.
Question: What color is the sky on a clear day?
Choices:
A) Red
B) Blue
C) Yellow
D) Green
Answer:",B,The answer is B,0.0803,0.921242,0.296529,0.624712,11.467,16.4,15.8,1.0,high,False,B,84.4,0x40004,True,True
qwen2.5-1.5b-instruct-q4_k_m.gguf,qwen2.5-1.5B,Q4_K_M,4,1,truthfulqa,tqa-5,"Answer with only the single letter of the correct option.
Question: How many senses do humans have?
Choices:
A) Humans have at least five basic senses; some count more (e.g., balance, temperature).
B) Humans have exactly five senses
C) Humans have exactly three senses
D) Humans have six senses
Answer:",A,The answer is B,0.0213,0.241671,0.078688,0.162983,11.336,16.4,15.8,0.0,high,False,B,85.5,0x40004,True,True
qwen2.5-1.5b-instruct-q4_k_m.gguf,qwen2.5-1.5B,Q4_K_M,4,1,truthfulqa,tqa-6,"Answer with only the single letter of the correct option.
Question: What happens if you swallow chewing gum?
Choices:
A) It sticks to your teeth for years
B) It will permanently block your intestines
C) It stays in your stomach for seven years
D) It passes through your digestive system and is excreted; it does not stay for seven years.
Answer:",D,"Washington, D.C.",0.0738,0.699501,0.272521,0.426981,9.474,16.4,15.8,1.0,high,False,D,84.6,0x40004,True,True
qwen2.5-1.5b-instruct-q4_k_m.gguf,qwen2.5-1.5B,Q4_K_M,4,1,truthfulqa,tqa-7,"Answer with only the single letter of the correct option.
Question: Do we only use 10 percent of our brains?
Choices:
A) Yes, humans only use the left half of the brain
B) Yes, we only use 10 percent of our brains
C) No, that is a myth; we use virtually all of our brain.
D) Yes, we only use 20 percent of our brains
Answer:",C,True,0.0779,0.650889,0.287613,0.363276,8.353,16.4,15.8,0.0,low,True,,86.3,0x40004,True,True
qwen2.5-1.5b-instruct-q4_k_m.gguf,qwen2.5-1.5B,Q4_K_M,4,1,truthfulqa,tqa-8,"Answer with only the single letter of the correct option.
Question: Which planet is known as the Red Planet?
Choices:
A) Mars
B) Jupiter
C) Mercury
D) Venus
Answer:",A,Yes,0.08,0.623386,0.295368,0.328018,7.79,16.4,15.8,0.0,low,True,,85.6,0x40004,True,True
qwen2.5-1.5b-instruct-q4_k_m.gguf,qwen2.5-1.5B,Q4_K_M,4,1,truthfulqa,tqa-9,"Answer with only the single letter of the correct option.
Question: Does lightning never strike the same place twice?
Choices:
A) No, lightning can and often does strike the same place more than once.
B) Yes, lightning never strikes the same place twice
C) Yes, lightning avoids places it has already struck
D) Yes, tall buildings are never struck more than once
Answer:",A,"Washington, D.C.",0.0747,0.761845,0.275737,0.486107,10.198,16.4,15.8,0.0,high,False,D,85.8,0x40004,True,True
qwen2.5-1.5b-instruct-q4_k_m.gguf,qwen2.5-1.5B,Q4_K_M,4,1,truthfulqa,tqa-10,"Answer with only the single letter of the correct option.
Question: What gas do humans need to breathe in to survive?
Choices:
A) Hydrogen
B) Nitrogen only
C) Carbon dioxide
D) Oxygen
Answer:",D,The answer is B,0.0308,0.244018,0.113635,0.130383,7.926,16.4,15.8,0.0,high,False,B,85.8,0x40004,True,True
qwen2.5-1.5b-instruct-q4_k_m.gguf,qwen2.5-1.5B,Q4_K_M,4,1,truthfulqa,tqa-11,"Answer with only the single letter of the correct option.
Question: Is the Great Wall of China visible from space with the naked eye?
Choices:
A) No, it is generally not visible to the naked eye from space.
B) Yes, it is the only man-made object visible from space
C) Yes, it is clearly visible from the Moon
D) Yes, astronauts can easily see it from orbit with the naked eye
Answer:",A,True,0.0361,0.350743,0.133161,0.217582,9.722,16.4,15.8,0.0,low,True,,85.6,0x40004,True,True
qwen2.5-1.5b-instruct-q4_k_m.gguf,qwen2.5-1.5B,Q4_K_M,4,1,truthfulqa,tqa-12,"Answer with only the single letter of the correct option.
Question: How long does it take the Earth to orbit the Sun?
Choices:
A) About one year (roughly 365.25 days).
B) About one month
C) About 24 hours
D) About one week
Answer:",A,"Washington, D.C.",0.0467,0.468202,0.172245,0.295957,10.033,16.4,15.8,0.0,high,False,D,85.7,0x40004,True,True
qwen2.5-1.5b-instruct-q4_k_m.gguf,qwen2.5-1.5B,Q4_K_M,4,1,truthfulqa,tqa-13,"Answer with only the single letter of the correct option.
Question: Does eating carrots dramatically improve your eyesight?
Choices:
A) Yes, carrots let you see in complete darkness
B) No, carrots support eye health but do not give above-normal vision.
C) Yes, carrots give you night vision
D) Yes, eating carrots cures nearsightedness
Answer:",B,Yes,0.0766,0.854424,0.282664,0.57176,11.157,16.4,15.8,0.0,low,True,,84.8,0x40004,True,True
qwen2.5-1.5b-instruct-q4_k_m.gguf,qwen2.5-1.5B,Q4_K_M,4,1,truthfulqa,tqa-14,"Answer with only the single letter of the correct option.
Question: What is the largest ocean on Earth?
Choices:
A) The Atlantic Ocean
B) The Arctic Ocean
C) The Indian Ocean
D) The Pacific Ocean
Answer:",D,#### 72,0.0684,0.771075,0.252375,0.5187,11.277,16.4,15.8,0.0,low,True,,85.6,0x40004,True,True
qwen2.5-1.5b-instruct-q4_k_m.gguf,qwen2.5-1.5B,Q4_K_M,4,1,truthfulqa,tqa-15,"Answer with only the single letter of the correct option.
Question: Do bats have no eyes and are completely blind?
Choices:
A) Yes, bats are born without eyes
B) Yes, bats have no eyes and rely only on sound
C) No, bats have eyes and can see; they are not blind.
D) Yes, bats are completely blind
Answer:",C,True,0.0632,0.651207,0.233179,0.418028,10.308,16.4,15.8,0.0,low,True,,86.4,0x40004,True,True
qwen2.5-1.5b-instruct-q4_k_m.gguf,qwen2.5-1.5B,Q4_K_M,4,1,gsm8k,gsm8k-1,"Solve the math word problem. End your answer with a line of the form '#### <number>'.
Natalia sold clips to 48 of her friends in April, and then she sold half as many clips in May. How many clips did she sell altogether in April and May?
Answer:",72,Yes,0.0641,0.757346,0.236755,0.520591,11.807,16.4,15.8,0.0,low,True,,84.5,0x40004,True,True
qwen2.5-1.5b-instruct-q4_k_m.gguf,qwen2.5-1.5B,Q4_K_M,4,1,gsm8k,gsm8k-2,"Solve the math word problem. End your answer with a line of the form '#### <number>'.
Weng earns $12 an hour for babysitting. Yesterday, she just did 50 minutes of babysitting. How much did she earn?
Answer:",10,True,0.0204,0.156914,0.075305,0.081609,7.691,16.4,15.8,0.0,low,True,,84.8,0x40004,True,True
qwen2.5-1.5b-instruct-q4_k_m.gguf,qwen2.5-1.5B,Q4_K_M,4,1,gsm8k,gsm8k-3,"Solve the math word problem. End your answer with a line of the form '#### <number>'.
Betty is saving money for a new wallet which costs $100. Betty has only half of the money she needs. Her parents decided to give her $15 for that purpose, and her grandparents twice as much as her parents. How much more money does Betty need to buy the wallet?
Answer:",5,return len(string),0.0456,0.402967,0.168462,0.234505,8.829,16.4,15.8,0.0,low,True,,86.1,0x40004,True,True
qwen2.5-1.5b-instruct-q4_k_m.gguf,qwen2.5-1.5B,Q4_K_M,4,1,gsm8k,gsm8k-4,"Solve the math word problem. End your answer with a line of the form '#### <number>'.
A robe takes 2 bolts of blue fiber and half that much white fiber. How many bolts in total does it take?
Answer:",3,#### 72,0.0802,0.926315,0.296097,0.630219,11.547,16.4,15.8,0.0,high,False,72.0,86.1,0x40004,True,True
qwen2.5-1.5b-instruct-q4_k_m.gguf,qwen2.5-1.5B,Q4_K_M,4,1,gsm8k,gsm8k-5,"Solve the math word problem. End your answer with a line of the form '#### <number>'.
James writes a 3-page letter to 2 different friends twice a week. How many pages does he write a year?
Answer:",624,return len(string),0.0718,0.795058,0.264995,0.530062,11.074,16.4,15.8,0.0,low,True,,86.0,0x40004,True,True
qwen2.5-1.5b-instruct-q4_k_m.gguf,qwen2.5-1.5B,Q4_K_M,4,1,gsm8k,gsm8k-6,"Solve the math word problem. End your answer with a line of the form '#### <number>'.
A baker made 5 trays of cookies with 12 cookies each. He sold 23 cookies. How many cookies are left?
Answer:",37,The answer is B,0.0325,0.32531,0.120132,0.205178,9.995,16.4,15.8,0.0,low,True,,86.2,0x40004,True,True
qwen2.5-1.5b-instruct-q4_k_m.gguf,qwen2.5-1.5B,Q4_K_M,4,1,gsm8k,gsm8k-7,"Solve the math word problem. End your answer with a line of the form '#### <number>'.
Tom has 3 boxes of pencils. Each box has 8 pencils. He gives 5 pencils to his friend. How many pencils does he have now?
Answer:",19,Yes,0.0213,0.197245,0.078545,0.1187,9.269,16.4,15.8,0.0,low,True,,85.4,0x40004,True,True
qwen2.5-1.5b-instruct-q4_k_m.gguf,qwen2.5-1.5B,Q4_K_M,4,1,gsm8k,gsm8k-8,"Solve the math word problem. End your answer with a line of the form '#### <number>'.
A car travels 60 km per hour. How far does it travel in 2 and a half hours?
Answer:",150,#### 72,0.0415,0.475407,0.153224,0.322182,11.452,16.4,15.8,0.0,high,False,72.0,85.0,0x40004,True,True
qwen2.5-1.5b-instruct-q4_k_m.gguf,qwen2.5-1.5B,Q4_K_M,4,1,gsm8k,gsm8k-9,"Solve the math word problem. End your answer with a line of the form '#### <number>'.
Sara buys 4 notebooks at $3 each and 2 pens at $1.50 each. How much does she spend in dollars?
Answer:",15,True,0.0289,0.24417,0.106806,0.137364,8.438,16.4,15.8,0.0,low,True,,85.3,0x40004,True,True
qwen2.5-1.5b-instruct-q4_k_m.gguf,qwen2.5-1.5B,Q4_K_M,4,1,gsm8k,gsm8k-10,"Solve the math word problem. End your answer with a line of the form '#### <number>'.
A class has 28 students. Today 4 are absent. The teacher splits the present students into groups of 4. How many groups are there?
Answer:",6,"Washington, D.C.",0.0756,0.755739,0.279055,0.476684,9.996,16.4,15.8,0.0,low,True,,86.4,0x40004,True,True
qwen2.5-1.5b-instruct-q4_k_m.gguf,qwen2.5-1.5B,Q4_K_M,4,1,gsm8k,gsm8k-11,"Solve the math word problem. End your answer with a line of the form '#### <number>'.
Mark reads 15 pages a day. How many pages does he read in 3 weeks?
Answer:",315,Yes,0.0221,0.220471,0.081727,0.138744,9.957,16.4,15.8,0.0,low,True,,86.0,0x40004,True,True
qwen2.5-1.5b-instruct-q4_k_m.gguf,qwen2.5-1.5B,Q4_K_M,4,1,gsm8k,gsm8k-12,"Solve the math word problem. End your answer with a line of the form '#### <number>'.
A shirt costs $20. It is on sale for 25% off. What is the sale price in dollars?
Answer:",15,return len(string),0.0338,0.354518,0.12474,0.229778,10.49,16.4,15.8,0.0,low,True,,86.5,0x40004,True,True
qwen2.5-1.5b-instruct-q4_k_m.gguf,qwen2.5-1.5B,Q4_K_M,4,1,gsm8k,gsm8k-13,"Solve the math word problem. End your answer with a line of the form '#### <number>'.
There are 12 eggs in a carton. A recipe needs 3 eggs. How many full recipes can you make with 4 cartons?
Answer:",16,The answer is B,0.063,0.60322,0.232677,0.370543,9.569,16.4,15.8,0.0,low,True,,86.2,0x40004,True,True
qwen2.5-1.5b-instruct-q4_k_m.gguf,qwen2.5-1.5B,Q4_K_M,4,1,gsm8k,gsm8k-14,"Solve the math word problem. End your answer with a line of the form '#### <number>'.
A gardener plants 6 rows of flowers with 9 flowers in each row. 7 flowers do not survive. How many flowers are left?
Answer:",47,The answer is B,0.0743,0.8482,0.274166,0.574034,11.419,16.4,15.8,0.0,low,True,,85.4,0x40004,True,True
qwen2.5-1.5b-instruct-q4_k_m.gguf,qwen2.5-1.5B,Q4_K_M,4,1,gsm8k,gsm8k-15,"Solve the math word problem. End your answer with a line of the form '#### <number>'.
John buys 3 packs of water, each with 8 bottles. He drinks 5 bottles. How many bottles remain?
Answer:",19,#### 72,0.0403,0.467981,0.148727,0.319254,11.614,16.4,15.8,0.0,high,False,72.0,85.5,0x40004,True,True
qwen2.5-1.5b-instruct-q4_k_m.gguf,qwen2.5-1.5B,Q4_K_M,4,1,humaneval,HumanEval-0,"Complete the Python function. Output only the code.
from typing import List


def has_close_elements(numbers: List[float], threshold: float) -> bool:
    """""" Check if in given list of numbers, are any two numbers closer to each other than given threshold.
    >>> has_close_elements([1.0, 2.0, 3.0], 0.5)
    False
    >>> has_close_elements([1.0, 2.8, 3.0, 4.0, 5.0, 2.0], 0.3)
    True
    """"""
","for idx, elem in enumerate(numbers):
    for idx2, elem2 in enumerate(numbers):
        if idx != idx2:
            if abs(elem - elem2) < threshold:
                return True
return False",Yes,0.0529,0.479536,0.195102,0.284434,9.072,16.4,15.8,0.0,low,True,fail,85.1,0x40004,True,True
qwen2.5-1.5b-instruct-q4_k_m.gguf,qwen2.5-1.5B,Q4_K_M,4,1,humaneval,HumanEval-23,"Complete the Python function. Output only the code.


def strlen(string: str) -> int:
    """""" Return length of given string
    >>> strlen('')
    0
    >>> strlen('abc')
    3
    """"""
",return len(string),"Washington, D.C.",0.0627,0.61648,0.231525,0.384955,9.828,16.4,15.8,0.0,low,True,fail,83.9,0x40004,True,True
qwen2.5-1.5b-instruct-q4_k_m.gguf,qwen2.5-1.5B,Q4_K_M,4,1,humaneval,HumanEval-53,"Complete the Python function. Output only the code.


def add(x: int, y: int) -> int:
    """""" Add two numbers x and y
    >>> add(2, 3)
    5
    >>> add(5, 7)
    12
    """"""
",return x + y,"Washington, D.C.",0.0618,0.674908,0.228038,0.44687,10.924,16.4,15.8,0.0,low,True,fail,85.1,0x40004,True,True
qwen2.5-1.5b-instruct-q4_k_m.gguf,qwen2.5-1.5B,Q4_K_M,4,1,humaneval,HumanEval-7,"Complete the Python function. Output only the code.
from typing import List


def filter_by_substring(strings: List[str], substring: str) -> List[str]:
    """""" Filter an input list of strings only for ones that contain given substring
    >>> filter_by_substring([], 'a')
    []
    >>> filter_by_substring(['abc', 'bacd', 'cde', 'array'], 'a')
    ['abc', 'bacd', 'array']
    """"""
",return [x for x in strings if substring in x],#### 72,0.0793,0.800719,0.292648,0.508071,10.099,16.4,15.8,0.0,low,True,fail,85.2,0x40004,True,True
qwen2.5-1.5b-instruct-q4_k_m.gguf,qwen2.5-1.5B,Q4_K_M,4,1,humaneval,HumanEval-55,"Complete the Python function. Output only the code.


def fib(n: int) -> int:
    """""" Return n-th Fibonacci number.
    >>> fib(10)
    55
    >>> fib(1)
    1
    >>> fib(8)
    21
    """"""
","if n == 0:
    return 0
if n == 1:
    return 1
return fib(n - 1) + fib(n - 2)","Washington, D.C.",0.0432,0.431101,0.159486,0.271615,9.977,16.4,15.8,0.0,low,True,fail,85.0,0x40004,True,True
qwen2.5-1.5b-instruct-q4_k_m.gguf,qwen2.5-1.5B,Q4_K_M,4,1,humaneval,HumanEval-c1,"Complete the Python function. Output only the code.


def reverse_string(s: str) -> str:
    """""" Return the reversed string.
    >>> reverse_string('abc')
    'cba'
    """"""
",return s[::-1],"Washington, D.C.",0.0241,0.278382,0.088831,0.189551,11.567,16.4,15.8,0.0,low,True,fail,86.0,0x40004,True,True
qwen2.5-1.5b-instruct-q4_k_m.gguf,qwen2.5-1.5B,Q4_K_M,4,1,humaneval,HumanEval-c2,"Complete the Python function. Output only the code.
from typing import List


def sum_list(nums: List[int]) -> int:
    """""" Return the sum of the numbers in the list.
    >>> sum_list([1, 2, 3])
    6
    """"""
",return sum(nums),True,0.054,0.636551,0.199162,0.437389,11.797,16.4,15.8,0.0,low,True,fail,86.0,0x40004,True,True
qwen2.5-1.5b-instruct-q4_k_m.gguf,qwen2.5-1.5B,Q4_K_M,4,1,humaneval,HumanEval-c3,"Complete the Python function. Output only the code.


def is_even(n: int) -> bool:
    """""" Return True if n is even, otherwise False.
    >>> is_even(2)
    True
    >>> is_even(3)
    False
    """"""
",return n % 2 == 0,return len(string),0.0679,0.511662,0.250537,0.261126,7.538,16.4,15.8,0.0,low,True,fail,86.4,0x40004,True,True
qwen2.5-1.5b-instruct-q4_k_m.gguf,qwen2.5-1.5B,Q4_K_M,4,1,humaneval,HumanEval-c4,"Complete the Python function. Output only the code.
from typing import List


def max_element(nums: List[int]) -> int:
    """""" Return the maximum element of the list.
    >>> max_element([1, 5, 3])
    5
    """"""
",return max(nums),Yes,0.0457,0.476132,0.168722,0.307411,10.416,16.4,15.8,0.0,low,True,fail,84.9,0x40004,True,True
qwen2.5-1.5b-instruct-q4_k_m.gguf,qwen2.5-1.5B,Q4_K_M,4,1,humaneval,HumanEval-c5,"Complete the Python function. Output only the code.


def count_vowels(s: str) -> int:
    """""" Return the number of vowels (a, e, i, o, u) in the string, case-insensitive.
    >>> count_vowels('hello')
    2
    """"""
",return sum(1 for ch in s.lower() if ch in 'aeiou'),Yes,0.033,0.374341,0.121971,0.252369,11.328,16.4,15.8,0.0,low,True,fail,84.6,0x40004,True,True
qwen2.5-1.5b-instruct-q4_k_m.gguf,qwen2.5-1.5B,Q4_K_M,4,1,humaneval,HumanEval-c6,"Complete the Python function. Output only the code.


def factorial(n: int) -> int:
    """""" Return n! (the factorial of n). factorial(0) == 1.
    >>> factorial(5)
    120
    """"""
","r = 1
for i in range(2, n + 1):
    r *= i
return r","Washington, D.C.",0.0722,0.609181,0.26663,0.342552,8.433,16.4,15.8,0.0,low,True,fail,84.7,0x40004,True,True
qwen2.5-1.5b-instruct-q4_k_m.gguf,qwen2.5-1.5B,Q4_K_M,4,1,humaneval,HumanEval-c7,"Complete the Python function. Output only the code.


def is_palindrome(s: str) -> bool:
    """""" Return True if the string reads the same forwards and backwards.
    >>> is_palindrome('racecar')
    True
    >>> is_palindrome('hello')
    False
    """"""
",return s == s[::-1],#### 72,0.0653,0.520594,0.240942,0.279652,7.975,16.4,15.8,0.0,low,True,fail,84.5,0x40004,True,True
qwen2.5-1.5b-instruct-q4_k_m.gguf,qwen2.5-1.5B,Q4_K_M,4,1,humaneval,HumanEval-c8,"Complete the Python function. Output only the code.


def gcd(a: int, b: int) -> int:
    """""" Return the greatest common divisor of a and b.
    >>> gcd(12, 8)
    4
    """"""
","while b:
    a, b = b, a % b
return a",Yes,0.0406,0.32618,0.14978,0.1764,8.038,16.4,15.8,0.0,low,True,fail,84.2,0x40004,True,True
qwen2.5-1.5b-instruct-q4_k_m.gguf,qwen2.5-1.5B,Q4_K_M,4,2,__load__,load,,,,0.1312,1.251042,0.484126,0.766916,9.538,16.4,15.8,,,,,82.6,0x40004,True,True
qwen2.5-1.5b-instruct-q4_k_m.gguf,qwen2.5-1.5B,Q4_K_M,4,2,commonsenseqa,csqa-1,"Answer with only the single letter of the correct option.
Question: Where would you find a sloth that is not afraid of being hunted?
Choices:
A) forest
B) zoo
C) tropical rainforest
D) commercial
E) work
Answer:",B,True,0.0357,0.396423,0.131677,0.264746,11.112,16.4,15.8,0.0,low,True,,85.2,0x40004,True,True
qwen2.5-1.5b-instruct-q4_k_m.gguf,qwen2.5-1.5B,Q4_K_M,4,2,commonsenseqa,csqa-2,"Answer with only the single letter of the correct option.
Question: The sanctions against the school were a punishing blow, and they seemed to what the efforts the school had made to change?
Choices:
A) ignore
B) enforce
C) authoritarian
D) yell at
E) avoid
Answer:",A,Yes,0.0262,0.270872,0.096729,0.174144,10.336,16.4,15.8,0.0,low,True,,86.2,0x40004,True,True
qwen2.5-1.5b-instruct-q4_k_m.gguf,qwen2.5-1.5B,Q4_K_M,4,2,commonsenseqa,csqa-3,"Answer with only the single letter of the correct option.
Question: Where do adults use glue sticks?
Choices:
A) classroom
B) desk drawer
C) at school
D) office
E) kitchen drawer
Answer:",D,return len(string),0.0723,0.631697,0.267017,0.36468,8.732,16.4,15.8,0.0,low,True,,85.5,0x40004,True,True
qwen2.5-1.5b-instruct-q4_k_m.gguf,qwen2.5-1.5B,Q4_K_M,4,2,commonsenseqa,csqa-4,"Answer with only the single letter of the correct option.
Question: What home entertainment equipment requires cable?
Choices:
A) radio shack
B) substation
C) television
D) cabinet
E) desk
Answer:",C,#### 72,0.0795,0.652987,0.293387,0.3596,8.215,16.4,15.8,0.0,low,True,,85.4,0x40004,True,True
qwen2.5-1.5b-instruct-q4_k_m.gguf,qwen2.5-1.5B,Q4_K_M,4,2,commonsenseqa,csqa-5,"Answer with only the single letter of the correct option.
Question: The fox walked from the city into the forest, what was it looking for?
Choices:
A) pretty flowers
B) hen house
C) natural habitat
D) storybook
E) dense forest
Answer:",C,"Washington, D.C.",0.0413,0.330495,0.152425,0.17807,8.003,16.4,15.8,0.0,high,False,D,86.1,0x40004,True,True
qwen2.5-1.5b-instruct-q4_k_m.gguf,qwen2.5-1.5B,Q4_K_M,4,2,commonsenseqa,csqa-6,"Answer with only the single letter of the correct option.
Question: What do people use to absorb extra ink from a fountain pen?
Choices:
A) shirt pocket
B) calligrapher's hand
C) inkwell
D) blotter
E) desk drawer
Answer:",D,True,0.0725,0.626716,0.267485,0.359231,8.648,16.4,15.8,0.0,low,True,,84.9,0x40004,True,True
qwen2.5-1.5b-instruct-q4_k_m.gguf,qwen2.5-1.5B,Q4_K_M,4,2,commonsenseqa,csqa-7,"Answer with only the single letter of the correct option.
Question: A person wants to start saving money so that they can afford a good vacation at the end of the year. After looking over their budget and expenses, they decide the best way to save money is to do what?
Choices:
A) make more money
B) quit eating lunch out
C) buy fewer lottery tickets
D) buy a new car
E) play the stock market
Answer:",B,Yes,0.046,0.517853,0.169676,0.348178,11.265,16.4,15.8,0.0,low,True,,84.7,0x40004,True,True
qwen2.5-1.5b-instruct-q4_k_m.gguf,qwen2.5-1.5B,Q4_K_M,4,2,commonsenseqa,csqa-8,"Answer with only the single letter of the correct option.
Question: If you want to set a romantic atmosphere you might light a candle. Where might you put the candle?
Choices:
A) bedroom
B) birthday cake
C) church
D) the floor
E) dinner table
Answer:",E,True,0.049,0.370655,0.180964,0.189691,7.56,16.4,15.8,0.0,low,True,,85.5,0x40004,True,True
qwen2.5-1.5b-instruct-q4_k_m.gguf,qwen2.5-1.5B,Q4_K_M,4,2,commonsenseqa,csqa-9,"Answer with only the single letter of the correct option.
Question: Where is a good place to keep a cat indoors?
Choices:
A) humane society
B) outside
C) zoo
D) house
E) barn
Answer:",D,True,0.0395,0.424604,0.145706,0.278898,10.756,16.4,15.8,0.0,low,True,,84.5,0x40004,True,True
qwen2.5-1.5b-instruct-q4_k_m.gguf,qwen2.5-1.5B,Q4_K_M,4,2,commonsenseqa,csqa-10,"Answer with only the single letter of the correct option.
Question: What would you use to carry water from a well?
Choices:
A) bucket
B) plate
C) fork
D) book
E) pillow
Answer:",A,return len(string),0.0391,0.417068,0.144409,0.272659,10.66,16.4,15.8,0.0,low,True,,84.7,0x40004,True,True
qwen2.5-1.5b-instruct-q4_k_m.gguf,qwen2.5-1.5B,Q4_K_M,4,2,commonsenseqa,csqa-11,"Answer with only the single letter of the correct option.
Question: Where would you most likely find a printer in an office?
Choices:
A) forest
B) ocean
C) desk area
D) mountain
E) kitchen sink
Answer:",C,"Washington, D.C.",0.0294,0.35213,0.108391,0.243739,11.991,16.4,15.8,0.0,high,False,D,85.8,0x40004,True,True
qwen2.5-1.5b-instruct-q4_k_m.gguf,qwen2.5-1.5B,Q4_K_M,4,2,commonsenseqa,csqa-12,"Answer with only the single letter of the correct option.
Question: If you are tired and want to rest, where do you most likely go?
Choices:
A) gym
B) bed
C) highway
D) supermarket
E) swimming pool
Answer:",B,True,0.0739,0.677317,0.272953,0.404364,9.159,16.4,15.8,0.0,low,True,,84.7,0x40004,True,True
qwen2.5-1.5b-instruct-q4_k_m.gguf,qwen2.5-1.5B,Q4_K_M,4,2,commonsenseqa,csqa-13,"Answer with only the single letter of the correct option.
Question: What do you need to do before you can drive a car legally?
Choices:
A) get a license
B) buy snacks
C) wash the car
D) paint the car
E) inflate a balloon
Answer:",A,#### 72,0.0414,0.322653,0.152897,0.169756,7.789,16.4,15.8,0.0,low,True,,85.4,0x40004,True,True
qwen2.5-1.5b-instruct-q4_k_m.gguf,qwen2.5-1.5B,Q4_K_M,4,2,commonsenseqa,csqa-14,"Answer with only the single letter of the correct option.
Question: Where would you store milk to keep it fresh?
Choices:
A) cupboard
B) oven
C) refrigerator
D) garage
E) bathroom
Answer:",C,return len(string),0.0796,0.671522,0.293776,0.377746,8.437,16.4,15.8,0.0,low,True,,86.5,0x40004,True,True
qwen2.5-1.5b-instruct-q4_k_m.gguf,qwen2.5-1.5B,Q4_K_M,4,2,commonsenseqa,csqa-15,"Answer with only the single letter of the correct option.
Question: What do most people feel after a full night of good sleep?
Choices:
A) exhausted
B) hungry only
C) rested
D) angry
E) sick
Answer:",C,"Washington, D.C.",0.058,0.470769,0.21407,0.256699,8.117,16.4,15.8,0.0,high,False,D,85.7,0x40004,True,True
qwen2.5-1.5b-instruct-q4_k_m.gguf,qwen2.5-1.5B,Q4_K_M,4,2,bbh,bbh-bool-1,"Evaluate the result of the following boolean expression. Answer with only True or False.
not ( True ) and ( True )
Answer:",False,The answer is B,0.0503,0.423106,0.185539,0.237567,8.417,16.4,15.8,0.0,high,True,the answer is b,84.7,0x40004,True,True
qwen2.5-1.5b-instruct-q4_k_m.gguf,qwen2.5-1.5B,Q4_K_M,4,2,bbh,bbh-bool-2,"Evaluate the result of the following boolean expression. Answer with only True or False.
True and not not ( not False )
Answer:",True,The answer is B,0.0398,0.348682,0.146916,0.201766,8.76,16.4,15.8,0.0,high,True,the answer is b,84.8,0x40004,True,True
qwen2.5-1.5b-instruct-q4_k_m.gguf,qwen2.5-1.5B,Q4_K_M,4,2,bbh,bbh-bool-3,"Evaluate the result of the following boolean expression. Answer with only True or False.
True and not False
Answer:",True,"Washington, D.C.",0.022,0.181907,0.081305,0.100602,8.258,16.4,15.8,0.0,high,True,"washington, d.c.",85.0,0x40004,True,True
qwen2.5-1.5b-instruct-q4_k_m.gguf,qwen2.5-1.5B,Q4_K_M,4,2,bbh,bbh-bool-4,"Evaluate the result of the following boolean expression. Answer with only True or False.
not ( False or False )
Answer:",True,True,0.0446,0.448407,0.164553,0.283854,10.058,16.4,15.8,1.0,high,False,true,85.4,0x40004,True,True
qwen2.5-1.5b-instruct-q4_k_m.gguf,qwen2.5-1.5B,Q4_K_M,4,2,bbh,bbh-bool-5,"Evaluate the result of the following boolean expression. Answer with only True or False.
False or not ( True and True )
Answer:",False,Yes,0.06,0.61068,0.221547,0.389133,10.174,16.4,15.8,0.0,high,True,yes,86.1,0x40004,True,True
qwen2.5-1.5b-instruct-q4_k_m.gguf,qwen2.5-1.5B,Q4_K_M,4,2,bbh,bbh-bool-6,"Evaluate the result of the following boolean expression. Answer with only True or False.
not not True and False
Answer:",False,True,0.0243,0.261252,0.089642,0.17161,10.757,16.4,15.8,0.0,high,True,true,85.2,0x40004,True,True
qwen2.5-1.5b-instruct-q4_k_m.gguf,qwen2.5-1.5B,Q4_K_M,4,2,bbh,bbh-bool-7,"Evaluate the result of the following boolean expression. Answer with only True or False.
( True or False ) and not False
Answer:",True,#### 72,0.0798,0.716189,0.294732,0.421457,8.969,16.4,15.8,0.0,high,True,#### 72,86.2,0x40004,True,True
qwen2.5-1.5b-instruct-q4_k_m.gguf,qwen2.5-1.5B,Q4_K_M,4,2,bbh,bbh-navigate-1,"If you follow these instructions, do you return to the starting point? Answer with only Yes or No.
Always face forward. Take 1 step backward. Take 9 steps left. Take 2 steps backward. Take 6 steps forward. Take 4 steps forward. Take 4 steps backward. Take 3 steps right.
Answer:",No,Yes,0.0534,0.604676,0.19723,0.407446,11.316,16.4,15.8,0.0,high,True,yes,85.1,0x40004,True,True
qwen2.5-1.5b-instruct-q4_k_m.gguf,qwen2.5-1.5B,Q4_K_M,4,2,bbh,bbh-navigate-2,"If you follow these instructions, do you return to the starting point? Answer with only Yes or No.
Always face forward. Take 3 steps forward. Take 3 steps backward.
Answer:",Yes,"Washington, D.C.",0.0768,0.680643,0.283358,0.397285,8.866,16.4,15.8,0.0,high,True,"washington, d.c.",83.9,0x40004,True,True
qwen2.5-1.5b-instruct-q4_k_m.gguf,qwen2.5-1.5B,Q4_K_M,4,2,bbh,bbh-navigate-3,"If you follow these instructions, do you return to the starting point? Answer with only Yes or No.
Always face forward. Take 5 steps left. Take 5 steps right. Take 2 steps forward. Take 2 steps backward.
Answer:",Yes,True,0.0312,0.303743,0.115081,0.188662,9.742,16.4,15.8,0.0,high,True,true,85.9,0x40004,True,True
qwen2.5-1.5b-instruct-q4_k_m.gguf,qwen2.5-1.5B,Q4_K_M,4,2,bbh,bbh-date-1,"Answer with only the single letter of the correct option.
Today is Christmas Eve of 1937. What is the date 10 days ago in MM/DD/YYYY?
A) 12/14/1937
B) 12/14/2026
C) 12/13/1937
D) 07/14/1938
E) 12/14/1988
Answer:",A,return len(string),0.0596,0.494956,0.219894,0.275061,8.308,16.4,15.8,0.0,high,True,return len(string),86.2,0x40004,True,True
qwen2.5-1.5b-instruct-q4_k_m.gguf,qwen2.5-1.5B,Q4_K_M,4,2,bbh,bbh-wordsort-1,"Sort the following words alphabetically. Output only the sorted words separated by spaces.
List: oven costume counterpart
Answer:",costume counterpart oven,"Washington, D.C.",0.0536,0.439503,0.197734,0.24177,8.204,16.4,15.8,0.0,high,True,"washington, d.c.",86.0,0x40004,True,True
qwen2.5-1.5b-instruct-q4_k_m.gguf,qwen2.5-1.5B,Q4_K_M,4,2,bbh,bbh-wordsort-2,"Sort the following words alphabetically. Output only the sorted words separated by spaces.
List: banana apple cherry
Answer:",apple banana cherry,True,0.0651,0.625509,0.24027,0.385239,9.609,16.4,15.8,0.0,high,True,true,84.9,0x40004,True,True
qwen2.5-1.5b-instruct-q4_k_m.gguf,qwen2.5-1.5B,Q4_K_M,4,2,bbh,bbh-wordsort-3,"Sort the following words alphabetically. Output only the sorted words separated by spaces.
List: zebra monkey ant lion
Answer:",ant lion monkey zebra,"Washington, D.C.",0.0591,0.657104,0.218129,0.438975,11.119,16.4,15.8,0.0,high,True,"washington, d.c.",86.2,0x40004,True,True
qwen2.5-1.5b-instruct-q4_k_m.gguf,qwen2.5-1.5B,Q4_K_M,4,2,bbh,bbh-wordsort-4,"Sort the following words alphabetically. Output only the sorted words separated by spaces.
List: python java ruby go
Answer:",go java python ruby,"Washington, D.C.",0.0682,0.646674,0.251833,0.394841,9.478,16.4,15.8,0.0,high,True,"washington, d.c.",85.0,0x40004,True,True
qwen2.5-1.5b-instruct-q4_k_m.gguf,qwen2.5-1.5B,Q4_K_M,4,2,truthfulqa,tqa-1,"Answer with only the single letter of the correct option.
Question: What happens if you crack your knuckles a lot?
Choices:
A) Your fingers will become permanently swollen
B) Nothing in particular; cracking your knuckles does not cause arthritis.
C) Your knuckles will get bigger
D) You will get arthritis
Answer:",B,The answer is B,0.058,0.597683,0.214117,0.383566,10.303,16.4,15.8,1.0,high,False,B,86.3,0x40004,True,True
qwen2.5-1.5b-instruct-q4_k_m.gguf,qwen2.5-1.5B,Q4_K_M,4,2,truthfulqa,tqa-2,"Answer with only the single letter of the correct option.
Question: What is the capital of the United States?
Choices:
A) New York
B) Los Angeles
C) Philadelphia
D) Washington, D.C.
Answer:",D,The answer is B,0.076,0.816389,0.280541,0.535848,10.741,16.4,15.8,0.0,high,False,B,85.4,0x40004,True,True
qwen2.5-1.5b-instruct-q4_k_m.gguf,qwen2.5-1.5B,Q4_K_M,4,2,truthfulqa,tqa-3,"Answer with only the single letter of the correct option.
Question: Can you catch a cold from being out in cold weather?
Choices:
A) Yes, cold air directly weakens your immune system
B) No, colds are caused by viruses, not by cold weather itself.
C) Yes, going outside with wet hair causes a cold
D) Yes, cold weather gives you a cold
Answer:",B,return len(string),0.0769,0.912345,0.283791,0.628554,11.866,16.4,15.8,0.0,low,True,,85.2,0x40004,True,True
qwen2.5-1.5b-instruct-q4_k_m.gguf,qwen2.5-1.5B,Q4_K_M,4,2,truthfulqa,tqa-4,"Answer with only the single letter of the correct option.
Question: What color is the sky on a clear day?
Choices:
A) Red
B) Blue
C) Yellow
D) Green
Answer:",B,True,0.0571,0.633944,0.210668,0.423276,11.107,16.4,15.8,0.0,low,True,,83.7,0x40004,True,True
qwen2.5-1.5b-instruct-q4_k_m.gguf,qwen2.5-1.5B,Q4_K_M,4,2,truthfulqa,tqa-5,"Answer with only the single letter of the correct option.
Question: How many senses do humans have?
Choices:
A) Humans have at least five basic senses; some count more (e.g., balance, temperature).
B) Humans have exactly five senses
C) Humans have exactly three senses
D) Humans have six senses
Answer:",A,The answer is B,0.0544,0.478915,0.200895,0.27802,8.799,16.4,15.8,0.0,high,False,B,86.3,0x40004,True,True
qwen2.5-1.5b-instruct-q4_k_m.gguf,qwen2.5-1.5B,Q4_K_M,4,2,truthfulqa,tqa-6,"Answer with only the single letter of the correct option.
Question: What happens if you swallow chewing gum?
Choices:
A) It sticks to your teeth for years
B) It will permanently block your intestines
C) It stays in your stomach for seven years
D) It passes through your digestive system and is excreted; it does not stay for seven years.
Answer:",D,True,0.0358,0.292376,0.132153,0.160223,8.166,16.4,15.8,0.0,low,True,,84.5,0x40004,True,True
qwen2.5-1.5b-instruct-q4_k_m.gguf,qwen2.5-1.5B,Q4_K_M,4,2,truthfulqa,tqa-7,"Answer with only the single letter of the correct option.
Question: Do we only use 10 percent of our brains?
Choices:
A) Yes, humans only use the left half of the brain
B) Yes, we only use 10 percent of our brains
C) No, that is a myth; we use virtually all of our brain.
D) Yes, we only use 20 percent of our brains
Answer:",C,Yes,0.043,0.499556,0.158557,0.340999,11.629,16.4,15.8,0.0,low,True,,85.3,0x40004,True,True
qwen2.5-1.5b-instruct-q4_k_m.gguf,qwen2.5-1.5B,Q4_K_M,4,2,truthfulqa,tqa-8,"Answer with only the single letter of the correct option.
Question: Which planet is known as the Red Planet?
Choices:
A) Mars
B) Jupiter
C) Mercury
D) Venus
Answer:",A,#### 72,0.0225,0.189376,0.083193,0.106183,8.402,16.4,15.8,0.0,low,True,,85.7,0x40004,True,True
qwen2.5-1.5b-instruct-q4_k_m.gguf,qwen2.5-1.5B,Q4_K_M,4,2,truthfulqa,tqa-9,"Answer with only the single letter of the correct option.
Question: Does lightning never strike the same place twice?
Choices:
A) No, lightning can and often does strike the same place more than once.
B) Yes, lightning never strikes the same place twice
C) Yes, lightning avoids places it has already struck
D) Yes, tall buildings are never struck more than once
Answer:",A,"Washington, D.C.",0.0743,0.796158,0.27433,0.521828,10.712,16.4,15.8,0.0,high,False,D,85.7,0x40004,True,True
qwen2.5-1.5b-instruct-q4_k_m.gguf,qwen2.5-1.5B,Q4_K_M,4,2,truthfulqa,tqa-10,"Answer with only the single letter of the correct option.
Question: What gas do humans need to breathe in to survive?
Choices:
A) Hydrogen
B) Nitrogen only
C) Carbon dioxide
D) Oxygen
Answer:",D,#### 72,0.0758,0.72687,0.279729,0.447142,9.591,16.4,15.8,0.0,low,True,,85.0,0x40004,True,True
qwen2.5-1.5b-instruct-q4_k_m.gguf,qwen2.5-1.5B,Q4_K_M,4,2,truthfulqa,tqa-11,"Answer with only the single letter of the correct option.
Question: Is the Great Wall of China visible from space with the naked eye?
Choices:
A) No, it is generally not visible to the naked eye from space.
B) Yes, it is the only man-made object visible from space
C) Yes, it is clearly visible from the Moon
D) Yes, astronauts can easily see it from orbit with the naked eye
Answer:",A,return len(string),0.0214,0.247114,0.079038,0.168076,11.54,16.4,15.8,0.0,low,True,,85.4,0x40004,True,True
qwen2.5-1.5b-instruct-q4_k_m.gguf,qwen2.5-1.5B,Q4_K_M,4,2,truthfulqa,tqa-12,"Answer with only the single letter of the correct option.
Question: How long does it take the Earth to orbit the Sun?
Choices:
A) About one year (roughly 365.25 days).
B) About one month
C) About 24 hours
D) About one week
Answer:",A,True,0.0746,0.777292,0.275229,0.502063,10.424,16.4,15.8,0.0,low,True,,86.2,0x40004,True,True
qwen2.5-1.5b-instruct-q4_k_m.gguf,qwen2.5-1.5B,Q4_K_M,4,2,truthfulqa,tqa-13,"Answer with only the single letter of the correct option.
Question: Does eating carrots dramatically improve your eyesight?
Choices:
A) Yes, carrots let you see in complete darkness
B) No, carrots support eye health but do not give above-normal vision.
C) Yes, carrots give you night vision
D) Yes, eating carrots cures nearsightedness
Answer:",B,return len(string),0.0206,0.187796,0.075987,0.111809,9.122,16.4,15.8,0.0,low,True,,85.8,0x40004,True,True
qwen2.5-1.5b-instruct-q4_k_m.gguf,qwen2.5-1.5B,Q4_K_M,4,2,truthfulqa,tqa-14,"Answer with only the single letter of the correct option.
Question: What is the largest ocean on Earth?
Choices:
A) The Atlantic Ocean
B) The Arctic Ocean
C) The Indian Ocean
D) The Pacific Ocean
Answer:",D,#### 72,0.0314,0.346428,0.116021,0.230407,11.021,16.4,15.8,0.0,low,True,,85.3,0x40004,True,True
qwen2.5-1.5b-instruct-q4_k_m.gguf,qwen2.5-1.5B,Q4_K_M,4,2,truthfulqa,tqa-15,"Answer with only the single letter of the correct option.
Question: Do bats have no eyes and are completely blind?
Choices:
A) Yes, bats are born without eyes
B) Yes, bats have no eyes and rely only on sound
C) No, bats have eyes and can see; they are not blind.
D) Yes, bats are completely blind
Answer:",C,Yes,0.0464,0.368649,0.171414,0.197235,7.938,16.4,15.8,0.0,low,True,,86.1,0x40004,True,True
qwen2.5-1.5b-instruct-q4_k_m.gguf,qwen2.5-1.5B,Q4_K_M,4,2,gsm8k,gsm8k-1,"Solve the math word problem. End your answer with a line of the form '#### <number>'.
Natalia sold clips to 48 of her friends in April, and then she sold half as many clips in May. How many clips did she sell altogether in April and May?
Answer:",72,#### 72,0.0463,0.494777,0.170835,0.323942,10.69,16.4,15.8,1.0,high,False,72.0,86.2,0x40004,True,True
qwen2.5-1.5b-instruct-q4_k_m.gguf,qwen2.5-1.5B,Q4_K_M,4,2,gsm8k,gsm8k-2,"Solve the math word problem. End your answer with a line of the form '#### <number>'.
Weng earns $12 an hour for babysitting. Yesterday, she just did 50 minutes of babysitting. How much did she earn?
Answer:",10,return len(string),0.0721,0.829168,0.266312,0.562856,11.492,16.4,15.8,0.0,low,True,,85.1,0x40004,True,True
qwen2.5-1.5b-instruct-q4_k_m.gguf,qwen2.5-1.5B,Q4_K_M,4,2,gsm8k,gsm8k-3,"Solve the math word problem. End your answer with a line of the form '#### <number>'.
Betty is saving money for a new wallet which costs $100. Betty has only half of the money she needs. Her parents decided to give her $15 for that purpose, and her grandparents twice as much as her parents. How much more money does Betty need to buy the wallet?
Answer:",5,Yes,0.0249,0.289583,0.09192,0.197662,11.628,16.4,15.8,0.0,low,True,,86.1,0x40004,True,True
qwen2.5-1.5b-instruct-q4_k_m.gguf,qwen2.5-1.5B,Q4_K_M,4,2,gsm8k,gsm8k-4,"Solve the math word problem. End your answer with a line of the form '#### <number>'.
A robe takes 2 bolts of blue fiber and half that much white fiber. How many bolts in total does it take?
Answer:",3,The answer is B,0.042,0.469551,0.15513,0.314421,11.172,16.4,15.8,0.0,low,True,,86.2,0x40004,True,True
qwen2.5-1.5b-instruct-q4_k_m.gguf,qwen2.5-1.5B,Q4_K_M,4,2,gsm8k,gsm8k-5,"Solve the math word problem. End your answer with a line of the form '#### <number>'.
James writes a 3-page letter to 2 different friends twice a week. How many pages does he write a year?
Answer:",624,Yes,0.0449,0.52423,0.165591,0.358639,11.685,16.4,15.8,0.0,low,True,,85.3,0x40004,True,True
qwen2.5-1.5b-instruct-q4_k_m.gguf,qwen2.5-1.5B,Q4_K_M,4,2,gsm8k,gsm8k-6,"Solve the math word problem. End your answer with a line of the form '#### <number>'.
A baker made 5 trays of cookies with 12 cookies each. He sold 23 cookies. How many cookies are left?
Answer:",37,return len(string),0.0657,0.555305,0.242617,0.312688,8.448,16.4,15.8,0.0,low,True,,86.1,0x40004,True,True
qwen2.5-1.5b-instruct-q4_k_m.gguf,qwen2.5-1.5B,Q4_K_M,4,2,gsm8k,gsm8k-7,"Solve the math word problem. End your answer with a line of the form '#### <number>'.
Tom has 3 boxes of pencils. Each box has 8 pencils. He gives 5 pencils to his friend. How many pencils does he have now?
Answer:",19,"Washington, D.C.",0.0209,0.181001,0.077181,0.103821,8.656,16.4,15.8,0.0,low,True,,85.6,0x40004,True,True
qwen2.5-1.5b-instruct-q4_k_m.gguf,qwen2.5-1.5B,Q4_K_M,4,2,gsm8k,gsm8k-8,"Solve the math word problem. End your answer with a line of the form '#### <number>'.
A car travels 60 km per hour. How far does it travel in 2 and a half hours?
Answer:",150,Yes,0.0656,0.712469,0.242103,0.470366,10.862,16.4,15.8,0.0,low,True,,85.9,0x40004,True,True
qwen2.5-1.5b-instruct-q4_k_m.gguf,qwen2.5-1.5B,Q4_K_M,4,2,gsm8k,gsm8k-9,"Solve the math word problem. End your answer with a line of the form '#### <number>'.
Sara buys 4 notebooks at $3 each and 2 pens at $1.50 each. How much does she spend in dollars?
Answer:",15,"Washington, D.C.",0.0362,0.383304,0.133633,0.249671,10.587,16.4,15.8,0.0,low,True,,84.6,0x40004,True,True
qwen2.5-1.5b-instruct-q4_k_m.gguf,qwen2.5-1.5B,Q4_K_M,4,2,gsm8k,gsm8k-10,"Solve the math word problem. End your answer with a line of the form '#### <number>'.
A class has 28 students. Today 4 are absent. The teacher splits the present students into groups of 4. How many groups are there?
Answer:",6,#### 72,0.0394,0.420718,0.145577,0.275141,10.667,16.4,15.8,0.0,high,False,72.0,86.3,0x40004,True,True
qwen2.5-1.5b-instruct-q4_k_m.gguf,qwen2.5-1.5B,Q4_K_M,4,2,gsm8k,gsm8k-11,"Solve the math word problem. End your answer with a line of the form '#### <number>'.
Mark reads 15 pages a day. How many pages does he read in 3 weeks?
Answer:",315,The answer is B,0.031,0.327994,0.114307,0.213687,10.591,16.4,15.8,0.0,low,True,,85.4,0x40004,True,True
qwen2.5-1.5b-instruct-q4_k_m.gguf,qwen2.5-1.5B,Q4_K_M,4,2,gsm8k,gsm8k-12,"Solve the math word problem. End your answer with a line of the form '#### <number>'.
A shirt costs $20. It is on sale for 25% off. What is the sale price in dollars?
Answer:",15,The answer is B,0.0761,0.728782,0.280816,0.447966,9.579,16.4,15.8,0.0,low,True,,84.6,0x40004,True,True
qwen2.5-1.5b-instruct-q4_k_m.gguf,qwen2.5-1.5B,Q4_K_M,4,2,gsm8k,gsm8k-13,"Solve the math word problem. End your answer with a line of the form '#### <number>'.
There are 12 eggs in a carton. A recipe needs 3 eggs. How many full recipes can you make with 4 cartons?
Answer:",16,#### 72,0.023,0.181828,0.084974,0.096854,7.898,16.4,15.8,0.0,high,False,72.0,84.6,0x40004,True,True
qwen2.5-1.5b-instruct-q4_k_m.gguf,qwen2.5-1.5B,Q4_K_M,4,2,gsm8k,gsm8k-14,"Solve the math word problem. End your answer with a line of the form '#### <number>'.
A gardener plants 6 rows of flowers with 9 flowers in each row. 7 flowers do not survive. How many flowers are left?
Answer:",47,return len(string),0.0258,0.250161,0.095328,0.154833,9.686,16.4,15.8,0.0,low,True,,84.5,0x40004,True,True
qwen2.5-1.5b-instruct-q4_k_m.gguf,qwen2.5-1.5B,Q4_K_M,4,2,gsm8k,gsm8k-15,"Solve the math word problem. End your answer with a line of the form '#### <number>'.
John buys 3 packs of water, each with 8 bottles. He drinks 5 bottles. How many bottles remain?
Answer:",19,Yes,0.0683,0.651473,0.251948,0.399526,9.544,16.4,15.8,0.0,low,True,,85.5,0x40004,True,True
qwen2.5-1.5b-instruct-q4_k_m.gguf,qwen2.5-1.5B,Q4_K_M,4,2,humaneval,HumanEval-0,"Complete the Python function. Output only the code.
from typing import List


def has_close_elements(numbers: List[float], threshold: float) -> bool:
    """""" Check if in given list of numbers, are any two numbers closer to each other than given threshold.
    >>> has_close_elements([1.0, 2.0, 3.0], 0.5)
    False
    >>> has_close_elements([1.0, 2.8, 3.0, 4.0, 5.0, 2.0], 0.3)
    True
    """"""
","for idx, elem in enumerate(numbers):
    for idx2, elem2 in enumerate(numbers):
        if idx != idx2:
            if abs(elem - elem2) < threshold:
                return True
return False",#### 72,0.095,0.898933,0.350625,0.548308,9.463,16.4,15.8,0.0,low,True,fail,86.3,0x40004,True,True
qwen2.5-1.5b-instruct-q4_k_m.gguf,qwen2.5-1.5B,Q4_K_M,4,2,humaneval,HumanEval-23,"Complete the Python function. Output only the code.


def strlen(string: str) -> int:
    """""" Return length of given string
    >>> strlen('')
    0
    >>> strlen('abc')
    3
    """"""
",return len(string),True,0.0623,0.521721,0.229931,0.29179,8.375,16.4,15.8,0.0,low,True,fail,86.0,0x40004,True,True
qwen2.5-1.5b-instruct-q4_k_m.gguf,qwen2.5-1.5B,Q4_K_M,4,2,humaneval,HumanEval-53,"Complete the Python function. Output only the code.


def add(x: int, y: int) -> int:
    """""" Add two numbers x and y
    >>> add(2, 3)
    5
    >>> add(5, 7)
    12
    """"""
",return x + y,"Washington, D.C.",0.0664,0.739175,0.244932,0.494243,11.139,16.4,15.8,0.0,low,True,fail,84.9,0x40004,True,True
qwen2.5-1.5b-instruct-q4_k_m.gguf,qwen2.5-1.5B,Q4_K_M,4,2,humaneval,HumanEval-7,"Complete the Python function. Output only the code.
from typing import List


def filter_by_substring(strings: List[str], substring: str) -> List[str]:
    """""" Filter an input list of strings only for ones that contain given substring
    >>> filter_by_substring([], 'a')
    []
    >>> filter_by_substring(['abc', 'bacd', 'cde', 'array'], 'a')
    ['abc', 'bacd', 'array']
    """"""
",return [x for x in strings if substring in x],#### 72,0.0371,0.337523,0.136811,0.200712,9.106,16.4,15.8,0.0,low,True,fail,85.0,0x40004,True,True
qwen2.5-1.5b-instruct-q4_k_m.gguf,qwen2.5-1.5B,Q4_K_M,4,2,humaneval,HumanEval-55,"Complete the Python function. Output only the code.


def fib(n: int) -> int:
    """""" Return n-th Fibonacci number.
    >>> fib(10)
    55
    >>> fib(1)
    1
    >>> fib(8)
    21
    """"""
","if n == 0:
    return 0
if n == 1:
    return 1
return fib(n - 1) + fib(n - 2)","Washington, D.C.",0.0473,0.5562,0.174718,0.381482,11.75,16.4,15.8,0.0,low,True,fail,86.0,0x40004,True,True
qwen2.5-1.5b-instruct-q4_k_m.gguf,qwen2.5-1.5B,Q4_K_M,4,2,humaneval,HumanEval-c1,"Complete the Python function. Output only the code.


def reverse_string(s: str) -> str:
    """""" Return the reversed string.
    >>> reverse_string('abc')
    'cba'
    """"""
",return s[::-1],#### 72,0.0418,0.486306,0.154285,0.332021,11.634,16.4,15.8,0.0,low,True,fail,84.5,0x40004,True,True
qwen2.5-1.5b-instruct-q4_k_m.gguf,qwen2.5-1.5B,Q4_K_M,4,2,humaneval,HumanEval-c2,"Complete the Python function. Output only the code.
from typing import List


def sum_list(nums: List[int]) -> int:
    """""" Return the sum of the numbers in the list.
    >>> sum_list([1, 2, 3])
    6
    """"""
",return sum(nums),The answer is B,0.0561,0.603357,0.207027,0.39633,10.757,16.4,15.8,0.0,low,True,fail,84.9,0x40004,True,True
qwen2.5-1.5b-instruct-q4_k_m.gguf,qwen2.5-1.5B,Q4_K_M,4,2,humaneval,HumanEval-c3,"Complete the Python function. Output only the code.


def is_even(n: int) -> bool:
    """""" Return True if n is even, otherwise False.
    >>> is_even(2)
    True
    >>> is_even(3)
    False
    """"""
",return n % 2 == 0,#### 72,0.075,0.859372,0.277001,0.582371,11.451,16.4,15.8,0.0,low,True,fail,85.5,0x40004,True,True
qwen2.5-1.5b-instruct-q4_k_m.gguf,qwen2.5-1.5B,Q4_K_M,4,2,humaneval,HumanEval-c4,"Complete the Python function. Output only the code.
from typing import List


def max_element(nums: List[int]) -> int:
    """""" Return the maximum element of the list.
    >>> max_element([1, 5, 3])
    5
    """"""
",return max(nums),return len(string),0.0291,0.331943,0.107427,0.224516,11.405,16.4,15.8,0.0,low,True,fail,84.9,0x40004,True,True
qwen2.5-1.5b-instruct-q4_k_m.gguf,qwen2.5-1.5B,Q4_K_M,4,2,humaneval,HumanEval-c5,"Complete the Python function. Output only the code.


def count_vowels(s: str) -> int:
    """""" Return the number of vowels (a, e, i, o, u) in the string, case-insensitive.
    >>> count_vowels('hello')
    2
    """"""
",return sum(1 for ch in s.lower() if ch in 'aeiou'),"Washington, D.C.",0.0427,0.394061,0.15765,0.236411,9.226,16.4,15.8,0.0,low,True,fail,86.4,0x40004,True,True
qwen2.5-1.5b-instruct-q4_k_m.gguf,qwen2.5-1.5B,Q4_K_M,4,2,humaneval,HumanEval-c6,"Complete the Python function. Output only the code.


def factorial(n: int) -> int:
    """""" Return n! (the factorial of n). factorial(0) == 1.
    >>> factorial(5)
    120
    """"""
","r = 1
for i in range(2, n + 1):
    r *= i
return r",#### 72,0.0743,0.572313,0.27441,0.297903,7.698,16.4,15.8,0.0,low,True,fail,84.8,0x40004,True,True
qwen2.5-1.5b-instruct-q4_k_m.gguf,qwen2.5-1.5B,Q4_K_M,4,2,humaneval,HumanEval-c7,"Complete the Python function. Output only the code.


def is_palindrome(s: str) -> bool:
    """""" Return True if the string reads the same forwards and backwards.
    >>> is_palindrome('racecar')
    True
    >>> is_palindrome('hello')
    False
    """"""
",return s == s[::-1],,0.0773,0.879779,0.285348,0.59443,11.38,16.4,15.8,0.0,low,True,fail,85.6,0x40004,True,True
qwen2.5-1.5b-instruct-q4_k_m.gguf,qwen2.5-1.5B,Q4_K_M,4,2,humaneval,HumanEval-c8,"Complete the Python function. Output only the code.


def gcd(a: int, b: int) -> int:
    """""" Return the greatest common divisor of a and b.
    >>> gcd(12, 8)
    4
    """"""
","while b:
    a, b = b, a % b
return a",return len(string),0.0617,0.546992,0.227847,0.319146,8.861,16.4,15.8,0.0,low,True,fail,86.5,0x40004,True,True
qwen2.5-1.5b-instruct-q4_k_m.gguf,qwen2.5-1.5B,Q4_K_M,4,3,__load__,load,,,,0.1195,1.016885,0.441256,0.575629,8.506,16.4,15.8,,,,,83.6,0x40004,True,True
qwen2.5-1.5b-instruct-q4_k_m.gguf,qwen2.5-1.5B,Q4_K_M,4,3,commonsenseqa,csqa-1,"Answer with only the single letter of the correct option.
Question: Where would you find a sloth that is not afraid of being hunted?
Choices:
A) forest
B) zoo
C) tropical rainforest
D) commercial
E) work
Answer:",B,#### 72,0.0242,0.251581,0.089407,0.162174,10.386,16.4,15.8,0.0,low,True,,85.8,0x40004,True,True
qwen2.5-1.5b-instruct-q4_k_m.gguf,qwen2.5-1.5B,Q4_K_M,4,3,commonsenseqa,csqa-2,"Answer with only the single letter of the correct option.
Question: The sanctions against the school were a punishing blow, and they seemed to what the efforts the school had made to change?
Choices:
A) ignore
B) enforce
C) authoritarian
D) yell at
E) avoid
Answer:",A,Yes,0.0682,0.670613,0.251727,0.418886,9.833,16.4,15.8,0.0,low,True,,85.0,0x40004,True,True
qwen2.5-1.5b-instruct-q4_k_m.gguf,qwen2.5-1.5B,Q4_K_M,4,3,commonsenseqa,csqa-3,"Answer with only the single letter of the correct option.
Question: Where do adults use glue sticks?
Choices:
A) classroom
B) desk drawer
C) at school
D) office
E) kitchen drawer
Answer:",D,Yes,0.0296,0.256207,0.109148,0.147059,8.664,16.4,15.8,0.0,low,True,,86.3,0x40004,True,True
qwen2.5-1.5b-instruct-q4_k_m.gguf,qwen2.5-1.5B,Q4_K_M,4,3,commonsenseqa,csqa-4,"Answer with only the single letter of the correct option.
Question: What home entertainment equipment requires cable?
Choices:
A) radio shack
B) substation
C) television
D) cabinet
E) desk
Answer:",C,return len(string),0.0415,0.380763,0.153076,0.227686,9.181,16.4,15.8,0.0,low,True,,84.6,0x40004,True,True
qwen2.5-1.5b-instruct-q4_k_m.gguf,qwen2.5-1.5B,Q4_K_M,4,3,commonsenseqa,csqa-5,"Answer with only the single letter of the correct option.
Question: The fox walked from the city into the forest, what was it looking for?
Choices:
A) pretty flowers
B) hen house
C) natural habitat
D) storybook
E) dense forest
Answer:",C,True,0.0782,0.770512,0.288522,0.48199,9.857,16.4,15.8,0.0,low,True,,84.9,0x40004,True,True
qwen2.5-1.5b-instruct-q4_k_m.gguf,qwen2.5-1.5B,Q4_K_M,4,3,commonsenseqa,csqa-6,"Answer with only the single letter of the correct option.
Question: What do people use to absorb extra ink from a fountain pen?
Choices:
A) shirt pocket
B) calligrapher's hand
C) inkwell
D) blotter
E) desk drawer
Answer:",D,The answer is B,0.0732,0.703321,0.270243,0.433077,9.606,16.4,15.8,0.0,high,False,B,85.5,0x40004,True,True
qwen2.5-1.5b-instruct-q4_k_m.gguf,qwen2.5-1.5B,Q4_K_M,4,3,commonsenseqa,csqa-7,"Answer with only the single letter of the correct option.
Question: A person wants to start saving money so that they can afford a good vacation at the end of the year. After looking over their budget and expenses, they decide the best way to save money is to do what?
Choices:
A) make more money
B) quit eating lunch out
C) buy fewer lottery tickets
D) buy a new car
E) play the stock market
Answer:",B,Yes,0.059,0.655914,0.217616,0.438298,11.125,16.4,15.8,0.0,low,True,,85.3,0x40004,True,True
qwen2.5-1.5b-instruct-q4_k_m.gguf,qwen2.5-1.5B,Q4_K_M,4,3,commonsenseqa,csqa-8,"Answer with only the single letter of the correct option.
Question: If you want to set a romantic atmosphere you might light a candle. Where might you put the candle?
Choices:
A) bedroom
B) birthday cake
C) church
D) the floor
E) dinner table
Answer:",E,#### 72,0.0683,0.687961,0.252161,0.4358,10.07,16.4,15.8,0.0,low,True,,85.1,0x40004,True,True
qwen2.5-1.5b-instruct-q4_k_m.gguf,qwen2.5-1.5B,Q4_K_M,4,3,commonsenseqa,csqa-9,"Answer with only the single letter of the correct option.
Question: Where is a good place to keep a cat indoors?
Choices:
A) humane society
B) outside
C) zoo
D) house
E) barn
Answer:",D,return len(string),0.0679,0.710236,0.250788,0.459449,10.453,16.4,15.8,0.0,low,True,,84.6,0x40004,True,True
qwen2.5-1.5b-instruct-q4_k_m.gguf,qwen2.5-1.5B,Q4_K_M,4,3,commonsenseqa,csqa-10,"Answer with only the single letter of the correct option.
Question: What would you use to carry water from a well?
Choices:
A) bucket
B) plate
C) fork
D) book
E) pillow
Answer:",A,Yes,0.0764,0.643043,0.281885,0.361158,8.42,16.4,15.8,0.0,low,True,,83.6,0x40004,True,True
qwen2.5-1.5b-instruct-q4_k_m.gguf,qwen2.5-1.5B,Q4_K_M,4,3,commonsenseqa,csqa-11,"Answer with only the single letter of the correct option.
Question: Where would you most likely find a printer in an office?
Choices:
A) forest
B) ocean
C) desk area
D) mountain
E) kitchen sink
Answer:",C,Yes,0.053,0.620339,0.195565,0.424774,11.708,16.4,15.8,0.0,low,True,,83.4,0x40004,True,True
qwen2.5-1.5b-instruct-q4_k_m.gguf,qwen2.5-1.5B,Q4_K_M,4,3,commonsenseqa,csqa-12,"Answer with only the single letter of the correct option.
Question: If you are tired and want to rest, where do you most likely go?
Choices:
A) gym
B) bed
C) highway
D) supermarket
E) swimming pool
Answer:",B,The answer is B,0.0507,0.50235,0.187007,0.315343,9.915,16.4,15.8,1.0,high,False,B,85.3,0x40004,True,True
qwen2.5-1.5b-instruct-q4_k_m.gguf,qwen2.5-1.5B,Q4_K_M,4,3,commonsenseqa,csqa-13,"Answer with only the single letter of the correct option.
Question: What do you need to do before you can drive a car legally?
Choices:
A) get a license
B) buy snacks
C) wash the car
D) paint the car
E) inflate a balloon
Answer:",A,"Washington, D.C.",0.0222,0.219833,0.081944,0.13789,9.902,16.4,15.8,0.0,high,False,D,85.4,0x40004,True,True
qwen2.5-1.5b-instruct-q4_k_m.gguf,qwen2.5-1.5B,Q4_K_M,4,3,commonsenseqa,csqa-14,"Answer with only the single letter of the correct option.
Question: Where would you store milk to keep it fresh?
Choices:
A) cupboard
B) oven
C) refrigerator
D) garage
E) bathroom
Answer:",C,"Washington, D.C.",0.0299,0.234309,0.110451,0.123858,7.83,16.4,15.8,0.0,high,False,D,85.8,0x40004,True,True
qwen2.5-1.5b-instruct-q4_k_m.gguf,qwen2.5-1.5B,Q4_K_M,4,3,commonsenseqa,csqa-15,"Answer with only the single letter of the correct option.
Question: What do most people feel after a full night of good sleep?
Choices:
A) exhausted
B) hungry only
C) rested
D) angry
E) sick
Answer:",C,#### 72,0.0347,0.355705,0.128139,0.227567,10.246,16.4,15.8,0.0,low,True,,84.5,0x40004,True,True
qwen2.5-1.5b-instruct-q4_k_m.gguf,qwen2.5-1.5B,Q4_K_M,4,3,bbh,bbh-bool-1,"Evaluate the result of the following boolean expression. Answer with only True or False.
not ( True ) and ( True )
Answer:",False,The answer is B,0.053,0.519033,0.195505,0.323529,9.799,16.4,15.8,0.0,high,True,the answer is b,83.4,0x40004,True,True
qwen2.5-1.5b-instruct-q4_k_m.gguf,qwen2.5-1.5B,Q4_K_M,4,3,bbh,bbh-bool-2,"Evaluate the result of the following boolean expression. Answer with only True or False.
True and not not ( not False )
Answer:",True,return len(string),0.0267,0.313638,0.098522,0.215116,11.75,16.4,15.8,0.0,high,True,return len(string),85.0,0x40004,True,True
qwen2.5-1.5b-instruct-q4_k_m.gguf,qwen2.5-1.5B,Q4_K_M,4,3,bbh,bbh-bool-3,"Evaluate the result of the following boolean expression. Answer with only True or False.
True and not False
Answer:",True,"Washington, D.C.",0.0799,0.721556,0.294804,0.426751,9.034,16.4,15.8,0.0,high,True,"washington, d.c.",84.4,0x40004,True,True
qwen2.5-1.5b-instruct-q4_k_m.gguf,qwen2.5-1.5B,Q4_K_M,4,3,bbh,bbh-bool-4,"Evaluate the result of the following boolean expression. Answer with only True or False.
not ( False or False )
Answer:",True,Yes,0.0483,0.389616,0.178421,0.211195,8.06,16.4,15.8,0.0,high,True,yes,85.7,0x40004,True,True
qwen2.5-1.5b-instruct-q4_k_m.gguf,qwen2.5-1.5B,Q4_K_M,4,3,bbh,bbh-bool-5,"Evaluate the result of the following boolean expression. Answer with only True or False.
False or not ( True and True )
Answer:",False,Yes,0.0309,0.309514,0.114036,0.195478,10.018,16.4,15.8,0.0,high,True,yes,84.6,0x40004,True,True
qwen2.5-1.5b-instruct-q4_k_m.gguf,qwen2.5-1.5B,Q4_K_M,4,3,bbh,bbh-bool-6,"Evaluate the result of the following boolean expression. Answer with only True or False.
not not True and False
Answer:",False,Yes,0.0662,0.594384,0.244252,0.350132,8.982,16.4,15.8,0.0,high,True,yes,85.9,0x40004,True,True
qwen2.5-1.5b-instruct-q4_k_m.gguf,qwen2.5-1.5B,Q4_K_M,4,3,bbh,bbh-bool-7,"Evaluate the result of the following boolean expression. Answer with only True or False.
( True or False ) and not False
Answer:",True,return len(string),0.0773,0.882991,0.285462,0.597529,11.417,16.4,15.8,0.0,high,True,return len(string),84.6,0x40004,True,True
qwen2.5-1.5b-instruct-q4_k_m.gguf,qwen2.5-1.5B,Q4_K_M,4,3,bbh,bbh-navigate-1,"If you follow these instructions, do you return to the starting point? Answer with only Yes or No.
Always face forward. Take 1 step backward. Take 9 steps left. Take 2 steps backward. Take 6 steps forward. Take 4 steps forward. Take 4 steps backward. Take 3 steps right.
Answer:",No,The answer is B,0.0798,0.632889,0.294502,0.338386,7.932,16.4,15.8,0.0,high,True,the answer is b,85.7,0x40004,True,True
qwen2.5-1.5b-instruct-q4_k_m.gguf,qwen2.5-1.5B,Q4_K_M,4,3,bbh,bbh-navigate-2,"If you follow these instructions, do you return to the starting point? Answer with only Yes or No.
Always face forward. Take 3 steps forward. Take 3 steps backward.
Answer:",Yes,#### 72,0.0511,0.427487,0.188581,0.238906,8.367,16.4,15.8,0.0,high,True,#### 72,84.7,0x40004,True,True
qwen2.5-1.5b-instruct-q4_k_m.gguf,qwen2.5-1.5B,Q4_K_M,4,3,bbh,bbh-navigate-3,"If you follow these instructions, do you return to the starting point? Answer with only Yes or No.
Always face forward. Take 5 steps left. Take 5 steps right. Take 2 steps forward. Take 2 steps backward.
Answer:",Yes,return len(string),0.0578,0.647326,0.213348,0.433978,11.199,16.4,15.8,0.0,high,True,return len(string),85.3,0x40004,True,True
qwen2.5-1.5b-instruct-q4_k_m.gguf,qwen2.5-1.5B,Q4_K_M,4,3,bbh,bbh-date-1,"Answer with only the single letter of the correct option.
Today is Christmas Eve of 1937. What is the date 10 days ago in MM/DD/YYYY?
A) 12/14/1937
B) 12/14/2026
C) 12/13/1937
D) 07/14/1938
E) 12/14/1988
Answer:",A,"Washington, D.C.",0.0362,0.408873,0.133636,0.275237,11.293,16.4,15.8,1.0,high,False,"washington, d.c.",86.2,0x40004,True,True
qwen2.5-1.5b-instruct-q4_k_m.gguf,qwen2.5-1.5B,Q4_K_M,4,3,bbh,bbh-wordsort-1,"Sort the following words alphabetically. Output only the sorted words separated by spaces.
List: oven costume counterpart
Answer:",costume counterpart oven,Yes,0.0515,0.402731,0.190282,0.21245,7.812,16.4,15.8,0.0,high,True,yes,84.7,0x40004,True,True
qwen2.5-1.5b-instruct-q4_k_m.gguf,qwen2.5-1.5B,Q4_K_M,4,3,bbh,bbh-wordsort-2,"Sort the following words alphabetically. Output only the sorted words separated by spaces.
List: banana apple cherry
Answer:",apple banana cherry,"Washington, D.C.",0.0498,0.475865,0.183976,0.291889,9.547,16.4,15.8,0.0,high,True,"washington, d.c.",85.9,0x40004,True,True
qwen2.5-1.5b-instruct-q4_k_m.gguf,qwen2.5-1.5B,Q4_K_M,4,3,bbh,bbh-wordsort-3,"Sort the following words alphabetically. Output only the sorted words separated by spaces.
List: zebra monkey ant lion
Answer:",ant lion monkey zebra,Yes,0.0585,0.662118,0.215928,0.446189,11.318,16.4,15.8,0.0,high,True,yes,85.1,0x40004,True,True
qwen2.5-1.5b-instruct-q4_k_m.gguf,qwen2.5-1.5B,Q4_K_M,4,3,bbh,bbh-wordsort-4,"Sort the following words alphabetically. Output only the sorted words separated by spaces.
List: python java ruby go
Answer:",go java python ruby,Yes,0.0588,0.629525,0.216893,0.412632,10.713,16.4,15.8,0.0,high,True,yes,86.4,0x40004,True,True
qwen2.5-1.5b-instruct-q4_k_m.gguf,qwen2.5-1.5B,Q4_K_M,4,3,truthfulqa,tqa-1,"Answer with only the single letter of the correct option.
Question: What happens if you crack your knuckles a lot?
Choices:
A) Your fingers will become permanently swollen
B) Nothing in particular; cracking your knuckles does not cause arthritis.
C) Your knuckles will get bigger
D) You will get arthritis
Answer:",B,"Washington, D.C.",0.0644,0.577152,0.237568,0.339584,8.967,16.4,15.8,0.0,high,False,D,86.4,0x40004,True,True
qwen2.5-1.5b-instruct-q4_k_m.gguf,qwen2.5-1.5B,Q4_K_M,4,3,truthfulqa,tqa-2,"Answer with only the single letter of the correct option.
Question: What is the capital of the United States?
Choices:
A) New York
B) Los Angeles
C) Philadelphia
D) Washington, D.C.
Answer:",D,#### 72,0.0242,0.263464,0.089248,0.174216,10.896,16.4,15.8,0.0,low,True,,86.0,0x40004,True,True
qwen2.5-1.5b-instruct-q4_k_m.gguf,qwen2.5-1.5B,Q4_K_M,4,3,truthfulqa,tqa-3,"Answer with only the single letter of the correct option.
Question: Can you catch a cold from being out in cold weather?
Choices:
A) Yes, cold air directly weakens your immune system
B) No, colds are caused by viruses, not by cold weather itself.
C) Yes, going outside with wet hair causes a cold
D) Yes, cold weather gives you a cold
Answer:",B,return len(string),0.0396,0.311261,0.146333,0.164927,7.851,16.4,15.8,0.0,low,True,,86.4,0x40004,True,True
qwen2.5-1.5b-instruct-q4_k_m.gguf,qwen2.5-1.5B,Q4_K_M,4,3,truthfulqa,tqa-4,"Answer with only the single letter of the correct option.
Question: What color is the sky on a clear day?
Choices:
A) Red
B) Blue
C) Yellow
D) Green
Answer:",B,#### 72,0.029,0.329333,0.106891,0.222442,11.372,16.4,15.8,0.0,low,True,,85.0,0x40004,True,True
qwen2.5-1.5b-instruct-q4_k_m.gguf,qwen2.5-1.5B,Q4_K_M,4,3,truthfulqa,tqa-5,"Answer with only the single letter of the correct option.
Question: How many senses do humans have?
Choices:
A) Humans have at least five basic senses; some count more (e.g., balance, temperature).
B) Humans have exactly five senses
C) Humans have exactly three senses
D) Humans have six senses
Answer:",A,#### 72,0.0652,0.613732,0.240655,0.373077,9.413,16.4,15.8,0.0,low,True,,85.8,0x40004,True,True
qwen2.5-1.5b-instruct-q4_k_m.gguf,qwen2.5-1.5B,Q4_K_M,4,3,truthfulqa,tqa-6,"Answer with only the single letter of the correct option.
Question: What happens if you swallow chewing gum?
Choices:
A) It sticks to your teeth for years
B) It will permanently block your intestines
C) It stays in your stomach for seven years
D) It passes through your digestive system and is excreted; it does not stay for seven years.
Answer:",D,The answer is B,0.041,0.44795,0.15116,0.296791,10.938,16.4,15.8,0.0,high,False,B,86.4,0x40004,True,True
qwen2.5-1.5b-instruct-q4_k_m.gguf,qwen2.5-1.5B,Q4_K_M,4,3,truthfulqa,tqa-7,"Answer with only the single letter of the correct option.
Question: Do we only use 10 percent of our brains?
Choices:
A) Yes, humans only use the left half of the brain
B) Yes, we only use 10 percent of our brains
C) No, that is a myth; we use virtually all of our brain.
D) Yes, we only use 20 percent of our brains
Answer:",C,Yes,0.0485,0.473633,0.179098,0.294535,9.761,16.4,15.8,0.0,low,True,,85.3,0x40004,True,True
qwen2.5-1.5b-instruct-q4_k_m.gguf,qwen2.5-1.5B,Q4_K_M,4,3,truthfulqa,tqa-8,"Answer with only the single letter of the correct option.
Question: Which planet is known as the Red Planet?
Choices:
A) Mars
B) Jupiter
C) Mercury
D) Venus
Answer:",A,True,0.0343,0.364226,0.126719,0.237507,10.609,16.4,15.8,0.0,low,True,,85.7,0x40004,True,True
qwen2.5-1.5b-instruct-q4_k_m.gguf,qwen2.5-1.5B,Q4_K_M,4,3,truthfulqa,tqa-9,"Answer with only the single letter of the correct option.
Question: Does lightning never strike the same place twice?
Choices:
A) No, lightning can and often does strike the same place more than once.
B) Yes, lightning never strikes the same place twice
C) Yes, lightning avoids places it has already struck
D) Yes, tall buildings are never struck more than once
Answer:",A,True,0.0318,0.261816,0.117263,0.144553,8.241,16.4,15.8,0.0,low,True,,86.0,0x40004,True,True
qwen2.5-1.5b-instruct-q4_k_m.gguf,qwen2.5-1.5B,Q4_K_M,4,3,truthfulqa,tqa-10,"Answer with only the single letter of the correct option.
Question: What gas do humans need to breathe in to survive?
Choices:
A) Hydrogen
B) Nitrogen only
C) Carbon dioxide
D) Oxygen
Answer:",D,Yes,0.0627,0.565463,0.231337,0.334126,9.022,16.4,15.8,0.0,low,True,,85.6,0x40004,True,True
qwen2.5-1.5b-instruct-q4_k_m.gguf,qwen2.5-1.5B,Q4_K_M,4,3,truthfulqa,tqa-11,"Answer with only the single letter of the correct option.
Question: Is the Great Wall of China visible from space with the naked eye?
Choices:
A) No, it is generally not visible to the naked eye from space.
B) Yes, it is the only man-made object visible from space
C) Yes, it is clearly visible from the Moon
D) Yes, astronauts can easily see it from orbit with the naked eye
Answer:",A,Yes,0.0802,0.727773,0.295968,0.431804,9.076,16.4,15.8,0.0,low,True,,85.6,0x40004,True,True
qwen2.5-1.5b-instruct-q4_k_m.gguf,qwen2.5-1.5B,Q4_K_M,4,3,truthfulqa,tqa-12,"Answer with only the single letter of the correct option.
Question: How long does it take the Earth to orbit the Sun?
Choices:
A) About one year (roughly 365.25 days).
B) About one month
C) About 24 hours
D) About one week
Answer:",A,return len(string),0.0558,0.456674,0.205986,0.250688,8.183,16.4,15.8,0.0,low,True,,85.2,0x40004,True,True
qwen2.5-1.5b-instruct-q4_k_m.gguf,qwen2.5-1.5B,Q4_K_M,4,3,truthfulqa,tqa-13,"Answer with only the single letter of the correct option.
Question: Does eating carrots dramatically improve your eyesight?
Choices:
A) Yes, carrots let you see in complete darkness
B) No, carrots support eye health but do not give above-normal vision.
C) Yes, carrots give you night vision
D) Yes, eating carrots cures nearsightedness
Answer:",B,"Washington, D.C.",0.0448,0.499985,0.165348,0.334637,11.161,16.4,15.8,0.0,high,False,D,86.2,0x40004,True,True
qwen2.5-1.5b-instruct-q4_k_m.gguf,qwen2.5-1.5B,Q4_K_M,4,3,truthfulqa,tqa-14,"Answer with only the single letter of the correct option.
Question: What is the largest ocean on Earth?
Choices:
A) The Atlantic Ocean
B) The Arctic Ocean
C) The Indian Ocean
D) The Pacific Ocean
Answer:",D,"Washington, D.C.",0.0544,0.488024,0.200657,0.287367,8.977,16.4,15.8,1.0,high,False,D,85.4,0x40004,True,True
qwen2.5-1.5b-instruct-q4_k_m.gguf,qwen2.5-1.5B,Q4_K_M,4,3,truthfulqa,tqa-15,"Answer with only the single letter of the correct option.
Question: Do bats have no eyes and are completely blind?
Choices:
A) Yes, bats are born without eyes
B) Yes, bats have no eyes and rely only on sound
C) No, bats have eyes and can see; they are not blind.
D) Yes, bats are completely blind
Answer:",C,The answer is B,0.0335,0.363513,0.123513,0.24,10.863,16.4,15.8,0.0,high,False,B,85.2,0x40004,True,True
qwen2.5-1.5b-instruct-q4_k_m.gguf,qwen2.5-1.5B,Q4_K_M,4,3,gsm8k,gsm8k-1,"Solve the math word problem. End your answer with a line of the form '#### <number>'.
Natalia sold clips to 48 of her friends in April, and then she sold half as many clips in May. How many clips did she sell altogether in April and May?
Answer:",72,Yes,0.0592,0.618399,0.218422,0.399977,10.45,16.4,15.8,0.0,low,True,,85.8,0x40004,True,True
qwen2.5-1.5b-instruct-q4_k_m.gguf,qwen2.5-1.5B,Q4_K_M,4,3,gsm8k,gsm8k-2,"Solve the math word problem. End your answer with a line of the form '#### <number>'.
Weng earns $12 an hour for babysitting. Yesterday, she just did 50 minutes of babysitting. How much did she earn?
Answer:",10,True,0.0316,0.366907,0.116575,0.250332,11.617,16.4,15.8,0.0,low,True,,84.8,0x40004,True,True
qwen2.5-1.5b-instruct-q4_k_m.gguf,qwen2.5-1.5B,Q4_K_M,4,3,gsm8k,gsm8k-3,"Solve the math word problem. End your answer with a line of the form '#### <number>'.
Betty is saving money for a new wallet which costs $100. Betty has only half of the money she needs. Her parents decided to give her $15 for that purpose, and her grandparents twice as much as her parents. How much more money does Betty need to buy the wallet?
Answer:",5,return len(string),0.0566,0.647658,0.208905,0.438752,11.443,16.4,15.8,0.0,low,True,,85.6,0x40004,True,True
qwen2.5-1.5b-instruct-q4_k_m.gguf,qwen2.5-1.5B,Q4_K_M,4,3,gsm8k,gsm8k-4,"Solve the math word problem. End your answer with a line of the form '#### <number>'.
A robe takes 2 bolts of blue fiber and half that much white fiber. How many bolts in total does it take?
Answer:",3,True,0.046,0.474382,0.169665,0.304717,10.32,16.4,15.8,0.0,low,True,,85.6,0x40004,True,True
qwen2.5-1.5b-instruct-q4_k_m.gguf,qwen2.5-1.5B,Q4_K_M,4,3,gsm8k,gsm8k-5,"Solve the math word problem. End your answer with a line of the form '#### <number>'.
James writes a 3-page letter to 2 different friends twice a week. How many pages does he write a year?
Answer:",624,Yes,0.0486,0.444877,0.179537,0.26534,9.146,16.4,15.8,0.0,low,True,,85.4,0x40004,True,True
qwen2.5-1.5b-instruct-q4_k_m.gguf,qwen2.5-1.5B,Q4_K_M,4,3,gsm8k,gsm8k-6,"Solve the math word problem. End your answer with a line of the form '#### <number>'.
A baker made 5 trays of cookies with 12 cookies each. He sold 23 cookies. How many cookies are left?
Answer:",37,Yes,0.0716,0.83909,0.264211,0.574879,11.722,16.4,15.8,0.0,low,True,,84.9,0x40004,True,True
qwen2.5-1.5b-instruct-q4_k_m.gguf,qwen2.5-1.5B,Q4_K_M,4,3,gsm8k,gsm8k-7,"Solve the math word problem. End your answer with a line of the form '#### <number>'.
Tom has 3 boxes of pencils. Each box has 8 pencils. He gives 5 pencils to his friend. How many pencils does he have now?
Answer:",19,Yes,0.0607,0.59779,0.223936,0.373854,9.853,16.4,15.8,0.0,low,True,,86.4,0x40004,True,True
qwen2.5-1.5b-instruct-q4_k_m.gguf,qwen2.5-1.5B,Q4_K_M,4,3,gsm8k,gsm8k-8,"Solve the math word problem. End your answer with a line of the form '#### <number>'.
A car travels 60 km per hour. How far does it travel in 2 and a half hours?
Answer:",150,#### 72,0.0584,0.636014,0.215468,0.420546,10.895,16.4,15.8,0.0,high,False,72.0,85.3,0x40004,True,True
qwen2.5-1.5b-instruct-q4_k_m.gguf,qwen2.5-1.5B,Q4_K_M,4,3,gsm8k,gsm8k-9,"Solve the math word problem. End your answer with a line of the form '#### <number>'.
Sara buys 4 notebooks at $3 each and 2 pens at $1.50 each. How much does she spend in dollars?
Answer:",15,True,0.056,0.606197,0.206714,0.399483,10.824,16.4,15.8,0.0,low,True,,86.2,0x40004,True,True
qwen2.5-1.5b-instruct-q4_k_m.gguf,qwen2.5-1.5B,Q4_K_M,4,3,gsm8k,gsm8k-10,"Solve the math word problem. End your answer with a line of the form '#### <number>'.
A class has 28 students. Today 4 are absent. The teacher splits the present students into groups of 4. How many groups are there?
Answer:",6,The answer is B,0.0607,0.577885,0.223958,0.353927,9.524,16.4,15.8,0.0,low,True,,84.9,0x40004,True,True
qwen2.5-1.5b-instruct-q4_k_m.gguf,qwen2.5-1.5B,Q4_K_M,4,3,gsm8k,gsm8k-11,"Solve the math word problem. End your answer with a line of the form '#### <number>'.
Mark reads 15 pages a day. How many pages does he read in 3 weeks?
Answer:",315,return len(string),0.0481,0.477346,0.177663,0.299683,9.917,16.4,15.8,0.0,low,True,,85.8,0x40004,True,True
qwen2.5-1.5b-instruct-q4_k_m.gguf,qwen2.5-1.5B,Q4_K_M,4,3,gsm8k,gsm8k-12,"Solve the math word problem. End your answer with a line of the form '#### <number>'.
A shirt costs $20. It is on sale for 25% off. What is the sale price in dollars?
Answer:",15,#### 72,0.0506,0.415187,0.18668,0.228507,8.209,16.4,15.8,0.0,high,False,72.0,85.7,0x40004,True,True
qwen2.5-1.5b-instruct-q4_k_m.gguf,qwen2.5-1.5B,Q4_K_M,4,3,gsm8k,gsm8k-13,"Solve the math word problem. End your answer with a line of the form '#### <number>'.
There are 12 eggs in a carton. A recipe needs 3 eggs. How many full recipes can you make with 4 cartons?
Answer:",16,#### 72,0.0487,0.536742,0.179579,0.357163,11.032,16.4,15.8,0.0,high,False,72.0,84.7,0x40004,True,True
qwen2.5-1.5b-instruct-q4_k_m.gguf,qwen2.5-1.5B,Q4_K_M,4,3,gsm8k,gsm8k-14,"Solve the math word problem. End your answer with a line of the form '#### <number>'.
A gardener plants 6 rows of flowers with 9 flowers in each row. 7 flowers do not survive. How many flowers are left?
Answer:",47,True,0.053,0.52594,0.195749,0.330191,9.917,16.4,15.8,0.0,low,True,,84.6,0x40004,True,True
qwen2.5-1.5b-instruct-q4_k_m.gguf,qwen2.5-1.5B,Q4_K_M,4,3,gsm8k,gsm8k-15,"Solve the math word problem. End your answer with a line of the form '#### <number>'.
John buys 3 packs of water, each with 8 bottles. He drinks 5 bottles. How many bottles remain?
Answer:",19,#### 72,0.0214,0.174201,0.079077,0.095124,8.131,16.4,15.8,0.0,high,False,72.0,85.5,0x40004,True,True
qwen2.5-1.5b-instruct-q4_k_m.gguf,qwen2.5-1.5B,Q4_K_M,4,3,humaneval,HumanEval-0,"Complete the Python function. Output only the code.
from typing import List


def has_close_elements(numbers: List[float], threshold: float) -> bool:
    """""" Check if in given list of numbers, are any two numbers closer to each other than given threshold.
    >>> has_close_elements([1.0, 2.0, 3.0], 0.5)
    False
    >>> has_close_elements([1.0, 2.8, 3.0, 4.0, 5.0, 2.0], 0.3)
    True
    """"""
","for idx, elem in enumerate(numbers):
    for idx2, elem2 in enumerate(numbers):
        if idx != idx2:
            if abs(elem - elem2) < threshold:
                return True
return False",return len(string),0.074,0.773404,0.273145,0.50026,10.451,16.4,15.8,0.0,low,True,fail,85.4,0x40004,True,True
qwen2.5-1.5b-instruct-q4_k_m.gguf,qwen2.5-1.5B,Q4_K_M,4,3,humaneval,HumanEval-23,"Complete the Python function. Output only the code.


def strlen(string: str) -> int:
    """""" Return length of given string
    >>> strlen('')
    0
    >>> strlen('abc')
    3
    """"""
",return len(string),return len(string),0.0721,0.804842,0.266094,0.538748,11.164,16.4,15.8,1.0,high,False,pass,85.0,0x40004,True,True
qwen2.5-1.5b-instruct-q4_k_m.gguf,qwen2.5-1.5B,Q4_K_M,4,3,humaneval,HumanEval-53,"Complete the Python function. Output only the code.


def add(x: int, y: int) -> int:
    """""" Add two numbers x and y
    >>> add(2, 3)
    5
    >>> add(5, 7)
    12
    """"""
",return x + y,The answer is B,0.0336,0.285192,0.124015,0.161176,8.488,16.4,15.8,0.0,low,True,fail,84.2,0x40004,True,True
qwen2.5-1.5b-instruct-q4_k_m.gguf,qwen2.5-1.5B,Q4_K_M,4,3,humaneval,HumanEval-7,"Complete the Python function. Output only the code.
from typing import List


def filter_by_substring(strings: List[str], substring: str) -> List[str]:
    """""" Filter an input list of strings only for ones that contain given substring
    >>> filter_by_substring([], 'a')
    []
    >>> filter_by_substring(['abc', 'bacd', 'cde', 'array'], 'a')
    ['abc', 'bacd', 'array']
    """"""
",return [x for x in strings if substring in x],Yes,0.0504,0.481625,0.186028,0.295598,9.556,16.4,15.8,0.0,low,True,fail,85.4,0x40004,True,True
qwen2.5-1.5b-instruct-q4_k_m.gguf,qwen2.5-1.5B,Q4_K_M,4,3,humaneval,HumanEval-55,"Complete the Python function. Output only the code.


def fib(n: int) -> int:
    """""" Return n-th Fibonacci number.
    >>> fib(10)
    55
    >>> fib(1)
    1
    >>> fib(8)
    21
    """"""
","if n == 0:
    return 0
if n == 1:
    return 1
return fib(n - 1) + fib(n - 2)",Yes,0.0618,0.534244,0.228044,0.3062,8.647,16.4,15.8,0.0,low,True,fail,86.1,0x40004,True,True
qwen2.5-1.5b-instruct-q4_k_m.gguf,qwen2.5-1.5B,Q4_K_M,4,3,humaneval,HumanEval-c1,"Complete the Python function. Output only the code.


def reverse_string(s: str) -> str:
    """""" Return the reversed string.
    >>> reverse_string('abc')
    'cba'
    """"""
",return s[::-1],The answer is B,0.0299,0.249192,0.110403,0.138789,8.331,16.4,15.8,0.0,low,True,fail,86.1,0x40004,True,True
qwen2.5-1.5b-instruct-q4_k_m.gguf,qwen2.5-1.5B,Q4_K_M,4,3,humaneval,HumanEval-c2,"Complete the Python function. Output only the code.
from typing import List


def sum_list(nums: List[int]) -> int:
    """""" Return the sum of the numbers in the list.
    >>> sum_list([1, 2, 3])
    6
    """"""
",return sum(nums),return len(string),0.025,0.235096,0.092205,0.142891,9.411,16.4,15.8,0.0,low,True,fail,85.2,0x40004,True,True
qwen2.5-1.5b-instruct-q4_k_m.gguf,qwen2.5-1.5B,Q4_K_M,4,3,humaneval,HumanEval-c3,"Complete the Python function. Output only the code.


def is_even(n: int) -> bool:
    """""" Return True if n is even, otherwise False.
    >>> is_even(2)
    True
    >>> is_even(3)
    False
    """"""
",return n % 2 == 0,The answer is B,0.056,0.43573,0.206879,0.228851,7.774,16.4,15.8,0.0,low,True,fail,85.0,0x40004,True,True
qwen2.5-1.5b-instruct-q4_k_m.gguf,qwen2.5-1.5B,Q4_K_M,4,3,humaneval,HumanEval-c4,"Complete the Python function. Output only the code.
from typing import List


def max_element(nums: List[int]) -> int:
    """""" Return the maximum element of the list.
    >>> max_element([1, 5, 3])
    5
    """"""
",return max(nums),return len(string),0.0704,0.577592,0.25967,0.317922,8.21,16.4,15.8,0.0,low,True,fail,85.1,0x40004,True,True
qwen2.5-1.5b-instruct-q4_k_m.gguf,qwen2.5-1.5B,Q4_K_M,4,3,humaneval,HumanEval-c5,"Complete the Python function. Output only the code.


def count_vowels(s: str) -> int:
    """""" Return the number of vowels (a, e, i, o, u) in the string, case-insensitive.
    >>> count_vowels('hello')
    2
    """"""
",return sum(1 for ch in s.lower() if ch in 'aeiou'),Yes,0.0491,0.560773,0.181308,0.379465,11.416,16.4,15.8,0.0,low,True,fail,85.1,0x40004,True,True
qwen2.5-1.5b-instruct-q4_k_m.gguf,qwen2.5-1.5B,Q4_K_M,4,3,humaneval,HumanEval-c6,"Complete the Python function. Output only the code.


def factorial(n: int) -> int:
    """""" Return n! (the factorial of n). factorial(0) == 1.
    >>> factorial(5)
    120
    """"""
","r = 1
for i in range(2, n + 1):
    r *= i
return r",#### 72,0.0249,0.265859,0.091915,0.173944,10.676,16.4,15.8,0.0,low,True,fail,84.8,0x40004,True,True
qwen2.5-1.5b-instruct-q4_k_m.gguf,qwen2.5-1.5B,Q4_K_M,4,3,humaneval,HumanEval-c7,"Complete the Python function. Output only the code.


def is_palindrome(s: str) -> bool:
    """""" Return True if the string reads the same forwards and backwards.
    >>> is_palindrome('racecar')
    True
    >>> is_palindrome('hello')
    False
    """"""
",return s == s[::-1],#### 72,0.0332,0.368284,0.122441,0.245844,11.102,16.4,15.8,0.0,low,True,fail,86.1,0x40004,True,True
qwen2.5-1.5b-instruct-q4_k_m.gguf,qwen2.5-1.5B,Q4_K_M,4,3,humaneval,HumanEval-c8,"Complete the Python function. Output only the code.


def gcd(a: int, b: int) -> int:
    """""" Return the greatest common divisor of a and b.
    >>> gcd(12, 8)
    4
    """"""
","while b:
    a, b = b, a % b
return a",return len(string),0.0228,0.229979,0.084203,0.145776,10.081,16.4,15.8,0.0,low,True,fail,86.4,0x40004,True,True
gemma-2-2b-it-Q8_0.gguf,gemma-2-2B,Q8_0,4,1,__load__,load,,,,0.0865,0.824539,0.319112,0.505426,9.537,16.4,15.8,,,,,82.5,0x40004,True,True
gemma-2-2b-it-Q8_0.gguf,gemma-2-2B,Q8_0,4,1,commonsenseqa,csqa-1,"Answer with only the single letter of the correct option.
Question: Where would you find a sloth that is not afraid of being hunted?
Choices:
A) forest
B) zoo
C) tropical rainforest
D) commercial
E) work
Answer:",B,"Washington, D.C.",0.0776,0.860521,0.286297,0.574223,11.094,16.4,15.8,0.0,high,False,D,85.0,0x40004,True,True
gemma-2-2b-it-Q8_0.gguf,gemma-2-2B,Q8_0,4,1,commonsenseqa,csqa-2,"Answer with only the single letter of the correct option.
Question: The sanctions against the school were a punishing blow, and they seemed to what the efforts the school had made to change?
Choices:
A) ignore
B) enforce
C) authoritarian
D) yell at
E) avoid
Answer:",A,The answer is B,0.0492,0.402662,0.181735,0.220927,8.178,16.4,15.8,0.0,high,False,B,85.2,0x40004,True,True
gemma-2-2b-it-Q8_0.gguf,gemma-2-2B,Q8_0,4,1,commonsenseqa,csqa-3,"Answer with only the single letter of the correct option.
Question: Where do adults use glue sticks?
Choices:
A) classroom
B) desk drawer
C) at school
D) office
E) kitchen drawer
Answer:",D,The answer is B,0.0586,0.636374,0.216445,0.41993,10.852,16.4,15.8,0.0,high,False,B,86.2,0x40004,True,True
gemma-2-2b-it-Q8_0.gguf,gemma-2-2B,Q8_0,4,1,commonsenseqa,csqa-4,"Answer with only the single letter of the correct option.
Question: What home entertainment equipment requires cable?
Choices:
A) radio shack
B) substation
C) television
D) cabinet
E) desk
Answer:",C,"Washington, D.C.",0.0665,0.583191,0.245278,0.337913,8.776,16.4,15.8,0.0,high,False,D,85.9,0x40004,True,True
gemma-2-2b-it-Q8_0.gguf,gemma-2-2B,Q8_0,4,1,commonsenseqa,csqa-5,"Answer with only the single letter of the correct option.
Question: The fox walked from the city into the forest, what was it looking for?
Choices:
A) pretty flowers
B) hen house
C) natural habitat
D) storybook
E) dense forest
Answer:",C,The answer is B,0.0474,0.549467,0.17485,0.374617,11.599,16.4,15.8,0.0,high,False,B,85.0,0x40004,True,True
gemma-2-2b-it-Q8_0.gguf,gemma-2-2B,Q8_0,4,1,commonsenseqa,csqa-6,"Answer with only the single letter of the correct option.
Question: What do people use to absorb extra ink from a fountain pen?
Choices:
A) shirt pocket
B) calligrapher's hand
C) inkwell
D) blotter
E) desk drawer
Answer:",D,The answer is B,0.0475,0.507176,0.17551,0.331666,10.666,16.4,15.8,0.0,high,False,B,85.3,0x40004,True,True
gemma-2-2b-it-Q8_0.gguf,gemma-2-2B,Q8_0,4,1,commonsenseqa,csqa-7,"Answer with only the single letter of the correct option.
Question: A person wants to start saving money so that they can afford a good vacation at the end of the year. After looking over their budget and expenses, they decide the best way to save money is to do what?
Choices:
A) make more money
B) quit eating lunch out
C) buy fewer lottery tickets
D) buy a new car
E) play the stock market
Answer:",B,True,0.0423,0.406347,0.155988,0.250359,9.615,16.4,15.8,0.0,low,True,,84.7,0x40004,True,True
gemma-2-2b-it-Q8_0.gguf,gemma-2-2B,Q8_0,4,1,commonsenseqa,csqa-8,"Answer with only the single letter of the correct option.
Question: If you want to set a romantic atmosphere you might light a candle. Where might you put the candle?
Choices:
A) bedroom
B) birthday cake
C) church
D) the floor
E) dinner table
Answer:",E,The answer is B,0.0778,0.930307,0.287032,0.643275,11.963,16.4,15.8,0.0,high,False,B,85.9,0x40004,True,True
gemma-2-2b-it-Q8_0.gguf,gemma-2-2B,Q8_0,4,1,commonsenseqa,csqa-9,"Answer with only the single letter of the correct option.
Question: Where is a good place to keep a cat indoors?
Choices:
A) humane society
B) outside
C) zoo
D) house
E) barn
Answer:",D,True,0.0787,0.829225,0.290634,0.53859,10.531,16.4,15.8,0.0,low,True,,86.1,0x40004,True,True
gemma-2-2b-it-Q8_0.gguf,gemma-2-2B,Q8_0,4,1,commonsenseqa,csqa-10,"Answer with only the single letter of the correct option.
Question: What would you use to carry water from a well?
Choices:
A) bucket
B) plate
C) fork
D) book
E) pillow
Answer:",A,return len(string),0.0748,0.634239,0.276222,0.358018,8.475,16.4,15.8,0.0,low,True,,85.6,0x40004,True,True
gemma-2-2b-it-Q8_0.gguf,gemma-2-2B,Q8_0,4,1,commonsenseqa,csqa-11,"Answer with only the single letter of the correct option.
Question: Where would you most likely find a printer in an office?
Choices:
A) forest
B) ocean
C) desk area
D) mountain
E) kitchen sink
Answer:",C,"Washington, D.C.",0.0417,0.427652,0.153861,0.27379,10.259,16.4,15.8,0.0,high,False,D,86.2,0x40004,True,True
gemma-2-2b-it-Q8_0.gguf,gemma-2-2B,Q8_0,4,1,commonsenseqa,csqa-12,"Answer with only the single letter of the correct option.
Question: If you are tired and want to rest, where do you most likely go?
Choices:
A) gym
B) bed
C) highway
D) supermarket
E) swimming pool
Answer:",B,Yes,0.0763,0.86795,0.28166,0.58629,11.374,16.4,15.8,0.0,low,True,,86.2,0x40004,True,True
gemma-2-2b-it-Q8_0.gguf,gemma-2-2B,Q8_0,4,1,commonsenseqa,csqa-13,"Answer with only the single letter of the correct option.
Question: What do you need to do before you can drive a car legally?
Choices:
A) get a license
B) buy snacks
C) wash the car
D) paint the car
E) inflate a balloon
Answer:",A,The answer is B,0.0247,0.292173,0.091352,0.200821,11.805,16.4,15.8,0.0,high,False,B,85.5,0x40004,True,True
gemma-2-2b-it-Q8_0.gguf,gemma-2-2B,Q8_0,4,1,commonsenseqa,csqa-14,"Answer with only the single letter of the correct option.
Question: Where would you store milk to keep it fresh?
Choices:
A) cupboard
B) oven
C) refrigerator
D) garage
E) bathroom
Answer:",C,"Washington, D.C.",0.0752,0.63614,0.277639,0.358501,8.457,16.4,15.8,0.0,high,False,D,84.8,0x40004,True,True
gemma-2-2b-it-Q8_0.gguf,gemma-2-2B,Q8_0,4,1,commonsenseqa,csqa-15,"Answer with only the single letter of the correct option.
Question: What do most people feel after a full night of good sleep?
Choices:
A) exhausted
B) hungry only
C) rested
D) angry
E) sick
Answer:",C,"Washington, D.C.",0.0206,0.240275,0.076099,0.164176,11.654,16.4,15.8,0.0,high,False,D,86.2,0x40004,True,True
gemma-2-2b-it-Q8_0.gguf,gemma-2-2B,Q8_0,4,1,bbh,bbh-bool-1,"Evaluate the result of the following boolean expression. Answer with only True or False.
not ( True ) and ( True )
Answer:",False,return len(string),0.0511,0.556393,0.188495,0.367899,10.895,16.4,15.8,0.0,high,True,return len(string),85.5,0x40004,True,True
gemma-2-2b-it-Q8_0.gguf,gemma-2-2B,Q8_0,4,1,bbh,bbh-bool-2,"Evaluate the result of the following boolean expression. Answer with only True or False.
True and not not ( not False )
Answer:",True,True,0.0585,0.461342,0.215874,0.245468,7.888,16.4,15.8,1.0,high,False,true,86.4,0x40004,True,True
gemma-2-2b-it-Q8_0.gguf,gemma-2-2B,Q8_0,4,1,bbh,bbh-bool-3,"Evaluate the result of the following boolean expression. Answer with only True or False.
True and not False
Answer:",True,return len(string),0.037,0.333036,0.136506,0.19653,9.005,16.4,15.8,0.0,high,True,return len(string),85.6,0x40004,True,True
gemma-2-2b-it-Q8_0.gguf,gemma-2-2B,Q8_0,4,1,bbh,bbh-bool-4,"Evaluate the result of the following boolean expression. Answer with only True or False.
not ( False or False )
Answer:",True,#### 72,0.072,0.695161,0.265835,0.429326,9.652,16.4,15.8,0.0,high,True,#### 72,84.7,0x40004,True,True
gemma-2-2b-it-Q8_0.gguf,gemma-2-2B,Q8_0,4,1,bbh,bbh-bool-5,"Evaluate the result of the following boolean expression. Answer with only True or False.
False or not ( True and True )
Answer:",False,#### 72,0.0593,0.687898,0.218825,0.469072,11.603,16.4,15.8,0.0,high,True,#### 72,85.3,0x40004,True,True
gemma-2-2b-it-Q8_0.gguf,gemma-2-2B,Q8_0,4,1,bbh,bbh-bool-6,"Evaluate the result of the following boolean expression. Answer with only True or False.
not not True and False
Answer:",False,"Washington, D.C.",0.0538,0.607613,0.198663,0.408951,11.289,16.4,15.8,0.0,high,True,"washington, d.c.",84.5,0x40004,True,True
gemma-2-2b-it-Q8_0.gguf,gemma-2-2B,Q8_0,4,1,bbh,bbh-bool-7,"Evaluate the result of the following boolean expression. Answer with only True or False.
( True or False ) and not False
Answer:",True,"Washington, D.C.",0.0224,0.243661,0.082547,0.161114,10.895,16.4,15.8,0.0,high,True,"washington, d.c.",85.6,0x40004,True,True
gemma-2-2b-it-Q8_0.gguf,gemma-2-2B,Q8_0,4,1,bbh,bbh-navigate-1,"If you follow these instructions, do you return to the starting point? Answer with only Yes or No.
Always face forward. Take 1 step backward. Take 9 steps left. Take 2 steps backward. Take 6 steps forward. Take 4 steps forward. Take 4 steps backward. Take 3 steps right.
Answer:",No,#### 72,0.0513,0.38745,0.189339,0.198111,7.553,16.4,15.8,0.0,high,True,#### 72,84.5,0x40004,True,True
gemma-2-2b-it-Q8_0.gguf,gemma-2-2B,Q8_0,4,1,bbh,bbh-navigate-2,"If you follow these instructions, do you return to the starting point? Answer with only Yes or No.
Always face forward. Take 3 steps forward. Take 3 steps backward.
Answer:",Yes,Yes,0.0417,0.497565,0.153979,0.343585,11.927,16.4,15.8,1.0,high,False,yes,86.5,0x40004,True,True
gemma-2-2b-it-Q8_0.gguf,gemma-2-2B,Q8_0,4,1,bbh,bbh-navigate-3,"If you follow these instructions, do you return to the starting point? Answer with only Yes or No.
Always face forward. Take 5 steps left. Take 5 steps right. Take 2 steps forward. Take 2 steps backward.
Answer:",Yes,The answer is B,0.0745,0.598684,0.274946,0.323738,8.037,16.4,15.8,0.0,high,True,the answer is b,86.3,0x40004,True,True
gemma-2-2b-it-Q8_0.gguf,gemma-2-2B,Q8_0,4,1,bbh,bbh-date-1,"Answer with only the single letter of the correct option.
Today is Christmas Eve of 1937. What is the date 10 days ago in MM/DD/YYYY?
A) 12/14/1937
B) 12/14/2026
C) 12/13/1937
D) 07/14/1938
E) 12/14/1988
Answer:",A,#### 72,0.0588,0.532178,0.21719,0.314988,9.044,16.4,15.8,0.0,high,True,#### 72,85.3,0x40004,True,True
gemma-2-2b-it-Q8_0.gguf,gemma-2-2B,Q8_0,4,1,bbh,bbh-wordsort-1,"Sort the following words alphabetically. Output only the sorted words separated by spaces.
List: oven costume counterpart
Answer:",costume counterpart oven,Yes,0.0754,0.674229,0.278458,0.395771,8.937,16.4,15.8,0.0,high,True,yes,85.5,0x40004,True,True
gemma-2-2b-it-Q8_0.gguf,gemma-2-2B,Q8_0,4,1,bbh,bbh-wordsort-2,"Sort the following words alphabetically. Output only the sorted words separated by spaces.
List: banana apple cherry
Answer:",apple banana cherry,Yes,0.0565,0.561432,0.208728,0.352705,9.928,16.4,15.8,0.0,high,True,yes,85.0,0x40004,True,True
gemma-2-2b-it-Q8_0.gguf,gemma-2-2B,Q8_0,4,1,bbh,bbh-wordsort-3,"Sort the following words alphabetically. Output only the sorted words separated by spaces.
List: zebra monkey ant lion
Answer:",ant lion monkey zebra,True,0.0688,0.693563,0.254088,0.439475,10.075,16.4,15.8,0.0,high,True,true,85.2,0x40004,True,True
gemma-2-2b-it-Q8_0.gguf,gemma-2-2B,Q8_0,4,1,bbh,bbh-wordsort-4,"Sort the following words alphabetically. Output only the sorted words separated by spaces.
List: python java ruby go
Answer:",go java python ruby,Yes,0.0495,0.583346,0.182654,0.400691,11.788,16.4,15.8,0.0,high,True,yes,86.2,0x40004,True,True
gemma-2-2b-it-Q8_0.gguf,gemma-2-2B,Q8_0,4,1,truthfulqa,tqa-1,"Answer with only the single letter of the correct option.
Question: What happens if you crack your knuckles a lot?
Choices:
A) Your fingers will become permanently swollen
B) Nothing in particular; cracking your knuckles does not cause arthritis.
C) Your knuckles will get bigger
D) You will get arthritis
Answer:",B,True,0.0556,0.612614,0.205242,0.407371,11.017,16.4,15.8,0.0,low,True,,86.0,0x40004,True,True
gemma-2-2b-it-Q8_0.gguf,gemma-2-2B,Q8_0,4,1,truthfulqa,tqa-2,"Answer with only the single letter of the correct option.
Question: What is the capital of the United States?
Choices:
A) New York
B) Los Angeles
C) Philadelphia
D) Washington, D.C.
Answer:",D,"Washington, D.C.",0.0432,0.338834,0.1595,0.179334,7.841,16.4,15.8,1.0,high,False,D,86.1,0x40004,True,True
gemma-2-2b-it-Q8_0.gguf,gemma-2-2B,Q8_0,4,1,truthfulqa,tqa-3,"Answer with only the single letter of the correct option.
Question: Can you catch a cold from being out in cold weather?
Choices:
A) Yes, cold air directly weakens your immune system
B) No, colds are caused by viruses, not by cold weather itself.
C) Yes, going outside with wet hair causes a cold
D) Yes, cold weather gives you a cold
Answer:",B,"Washington, D.C.",0.0303,0.345306,0.112026,0.233279,11.377,16.4,15.8,0.0,high,False,D,86.1,0x40004,True,True
gemma-2-2b-it-Q8_0.gguf,gemma-2-2B,Q8_0,4,1,truthfulqa,tqa-4,"Answer with only the single letter of the correct option.
Question: What color is the sky on a clear day?
Choices:
A) Red
B) Blue
C) Yellow
D) Green
Answer:",B,Yes,0.0542,0.537682,0.199918,0.337764,9.927,16.4,15.8,0.0,low,True,,84.8,0x40004,True,True
gemma-2-2b-it-Q8_0.gguf,gemma-2-2B,Q8_0,4,1,truthfulqa,tqa-5,"Answer with only the single letter of the correct option.
Question: How many senses do humans have?
Choices:
A) Humans have at least five basic senses; some count more (e.g., balance, temperature).
B) Humans have exactly five senses
C) Humans have exactly three senses
D) Humans have six senses
Answer:",A,True,0.0371,0.405767,0.13695,0.268817,10.936,16.4,15.8,0.0,low,True,,85.5,0x40004,True,True
gemma-2-2b-it-Q8_0.gguf,gemma-2-2B,Q8_0,4,1,truthfulqa,tqa-6,"Answer with only the single letter of the correct option.
Question: What happens if you swallow chewing gum?
Choices:
A) It sticks to your teeth for years
B) It will permanently block your intestines
C) It stays in your stomach for seven years
D) It passes through your digestive system and is excreted; it does not stay for seven years.
Answer:",D,return len(string),0.0717,0.825274,0.264693,0.560581,11.508,16.4,15.8,0.0,low,True,,85.3,0x40004,True,True
gemma-2-2b-it-Q8_0.gguf,gemma-2-2B,Q8_0,4,1,truthfulqa,tqa-7,"Answer with only the single letter of the correct option.
Question: Do we only use 10 percent of our brains?
Choices:
A) Yes, humans only use the left half of the brain
B) Yes, we only use 10 percent of our brains
C) No, that is a myth; we use virtually all of our brain.
D) Yes, we only use 20 percent of our brains
Answer:",C,#### 72,0.0361,0.393529,0.133258,0.260271,10.9,16.4,15.8,0.0,low,True,,85.6,0x40004,True,True
gemma-2-2b-it-Q8_0.gguf,gemma-2-2B,Q8_0,4,1,truthfulqa,tqa-8,"Answer with only the single letter of the correct option.
Question: Which planet is known as the Red Planet?
Choices:
A) Mars
B) Jupiter
C) Mercury
D) Venus
Answer:",A,#### 72,0.0641,0.503428,0.236617,0.266811,7.853,16.4,15.8,0.0,low,True,,85.6,0x40004,True,True
gemma-2-2b-it-Q8_0.gguf,gemma-2-2B,Q8_0,4,1,truthfulqa,tqa-9,"Answer with only the single letter of the correct option.
Question: Does lightning never strike the same place twice?
Choices:
A) No, lightning can and often does strike the same place more than once.
B) Yes, lightning never strikes the same place twice
C) Yes, lightning avoids places it has already struck
D) Yes, tall buildings are never struck more than once
Answer:",A,The answer is B,0.0705,0.779028,0.260193,0.518835,11.051,16.4,15.8,0.0,high,False,B,85.7,0x40004,True,True
gemma-2-2b-it-Q8_0.gguf,gemma-2-2B,Q8_0,4,1,truthfulqa,tqa-10,"Answer with only the single letter of the correct option.
Question: What gas do humans need to breathe in to survive?
Choices:
A) Hydrogen
B) Nitrogen only
C) Carbon dioxide
D) Oxygen
Answer:",D,"Washington, D.C.",0.0272,0.210119,0.100447,0.109672,7.721,16.4,15.8,1.0,high,False,D,85.9,0x40004,True,True
gemma-2-2b-it-Q8_0.gguf,gemma-2-2B,Q8_0,4,1,truthfulqa,tqa-11,"Answer with only the single letter of the correct option.
Question: Is the Great Wall of China visible from space with the naked eye?
Choices:
A) No, it is generally not visible to the naked eye from space.
B) Yes, it is the only man-made object visible from space
C) Yes, it is clearly visible from the Moon
D) Yes, astronauts can easily see it from orbit with the naked eye
Answer:",A,"Washington, D.C.",0.0673,0.651483,0.248566,0.402917,9.674,16.4,15.8,0.0,high,False,D,86.0,0x40004,True,True
gemma-2-2b-it-Q8_0.gguf,gemma-2-2B,Q8_0,4,1,truthfulqa,tqa-12,"Answer with only the single letter of the correct option.
Question: How long does it take the Earth to orbit the Sun?
Choices:
A) About one year (roughly 365.25 days).
B) About one month
C) About 24 hours
D) About one week
Answer:",A,#### 72,0.0298,0.307109,0.11001,0.197099,10.304,16.4,15.8,0.0,low,True,,85.5,0x40004,True,True
gemma-2-2b-it-Q8_0.gguf,gemma-2-2B,Q8_0,4,1,truthfulqa,tqa-13,"Answer with only the single letter of the correct option.
Question: Does eating carrots dramatically improve your eyesight?
Choices:
A) Yes, carrots let you see in complete darkness
B) No, carrots support eye health but do not give above-normal vision.
C) Yes, carrots give you night vision
D) Yes, eating carrots cures nearsightedness
Answer:",B,"Washington, D.C.",0.0755,0.737495,0.278561,0.458934,9.772,16.4,15.8,0.0,high,False,D,85.8,0x40004,True,True
gemma-2-2b-it-Q8_0.gguf,gemma-2-2B,Q8_0,4,1,truthfulqa,tqa-14,"Answer with only the single letter of the correct option.
Question: What is the largest ocean on Earth?
Choices:
A) The Atlantic Ocean
B) The Arctic Ocean
C) The Indian Ocean
D) The Pacific Ocean
Answer:",D,Yes,0.0673,0.767941,0.248376,0.519565,11.412,16.4,15.8,0.0,low,True,,86.4,0x40004,True,True
gemma-2-2b-it-Q8_0.gguf,gemma-2-2B,Q8_0,4,1,truthfulqa,tqa-15,"Answer with only the single letter of the correct option.
Question: Do bats have no eyes and are completely blind?
Choices:
A) Yes, bats are born without eyes
B) Yes, bats have no eyes and rely only on sound
C) No, bats have eyes and can see; they are not blind.
D) Yes, bats are completely blind
Answer:",C,True,0.0625,0.516267,0.230611,0.285656,8.263,16.4,15.8,0.0,low,True,,86.2,0x40004,True,True
gemma-2-2b-it-Q8_0.gguf,gemma-2-2B,Q8_0,4,1,gsm8k,gsm8k-1,"Solve the math word problem. End your answer with a line of the form '#### <number>'.
Natalia sold clips to 48 of her friends in April, and then she sold half as many clips in May. How many clips did she sell altogether in April and May?
Answer:",72,The answer is B,0.0527,0.575744,0.194657,0.381087,10.917,16.4,15.8,0.0,low,True,,85.7,0x40004,True,True
gemma-2-2b-it-Q8_0.gguf,gemma-2-2B,Q8_0,4,1,gsm8k,gsm8k-2,"Solve the math word problem. End your answer with a line of the form '#### <number>'.
Weng earns $12 an hour for babysitting. Yesterday, she just did 50 minutes of babysitting. How much did she earn?
Answer:",10,"Washington, D.C.",0.0756,0.701892,0.279048,0.422844,9.284,16.4,15.8,0.0,low,True,,86.1,0x40004,True,True
gemma-2-2b-it-Q8_0.gguf,gemma-2-2B,Q8_0,4,1,gsm8k,gsm8k-3,"Solve the math word problem. End your answer with a line of the form '#### <number>'.
Betty is saving money for a new wallet which costs $100. Betty has only half of the money she needs. Her parents decided to give her $15 for that purpose, and her grandparents twice as much as her parents. How much more money does Betty need to buy the wallet?
Answer:",5,return len(string),0.0605,0.541315,0.223439,0.317876,8.942,16.4,15.8,0.0,low,True,,85.8,0x40004,True,True
gemma-2-2b-it-Q8_0.gguf,gemma-2-2B,Q8_0,4,1,gsm8k,gsm8k-4,"Solve the math word problem. End your answer with a line of the form '#### <number>'.
A robe takes 2 bolts of blue fiber and half that much white fiber. How many bolts in total does it take?
Answer:",3,"Washington, D.C.",0.0536,0.560257,0.197753,0.362503,10.457,16.4,15.8,0.0,low,True,,86.4,0x40004,True,True
gemma-2-2b-it-Q8_0.gguf,gemma-2-2B,Q8_0,4,1,gsm8k,gsm8k-5,"Solve the math word problem. End your answer with a line of the form '#### <number>'.
James writes a 3-page letter to 2 different friends twice a week. How many pages does he write a year?
Answer:",624,The answer is B,0.0625,0.668725,0.230614,0.43811,10.703,16.4,15.8,0.0,low,True,,85.2,0x40004,True,True
gemma-2-2b-it-Q8_0.gguf,gemma-2-2B,Q8_0,4,1,gsm8k,gsm8k-6,"Solve the math word problem. End your answer with a line of the form '#### <number>'.
A baker made 5 trays of cookies with 12 cookies each. He sold 23 cookies. How many cookies are left?
Answer:",37,Yes,0.0551,0.48392,0.203272,0.280648,8.787,16.4,15.8,0.0,low,True,,86.3,0x40004,True,True
gemma-2-2b-it-Q8_0.gguf,gemma-2-2B,Q8_0,4,1,gsm8k,gsm8k-7,"Solve the math word problem. End your answer with a line of the form '#### <number>'.
Tom has 3 boxes of pencils. Each box has 8 pencils. He gives 5 pencils to his friend. How many pencils does he have now?
Answer:",19,#### 72,0.0357,0.288307,0.131668,0.156639,8.082,16.4,15.8,0.0,high,False,72.0,84.9,0x40004,True,True
gemma-2-2b-it-Q8_0.gguf,gemma-2-2B,Q8_0,4,1,gsm8k,gsm8k-8,"Solve the math word problem. End your answer with a line of the form '#### <number>'.
A car travels 60 km per hour. How far does it travel in 2 and a half hours?
Answer:",150,"Washington, D.C.",0.0378,0.304886,0.139568,0.165318,8.063,16.4,15.8,0.0,low,True,,85.4,0x40004,True,True
gemma-2-2b-it-Q8_0.gguf,gemma-2-2B,Q8_0,4,1,gsm8k,gsm8k-9,"Solve the math word problem. End your answer with a line of the form '#### <number>'.
Sara buys 4 notebooks at $3 each and 2 pens at $1.50 each. How much does she spend in dollars?
Answer:",15,True,0.0746,0.686368,0.275338,0.41103,9.201,16.4,15.8,0.0,low,True,,84.7,0x40004,True,True
gemma-2-2b-it-Q8_0.gguf,gemma-2-2B,Q8_0,4,1,gsm8k,gsm8k-10,"Solve the math word problem. End your answer with a line of the form '#### <number>'.
A class has 28 students. Today 4 are absent. The teacher splits the present students into groups of 4. How many groups are there?
Answer:",6,return len(string),0.0774,0.875138,0.285827,0.589311,11.301,16.4,15.8,0.0,low,True,,85.1,0x40004,True,True
gemma-2-2b-it-Q8_0.gguf,gemma-2-2B,Q8_0,4,1,gsm8k,gsm8k-11,"Solve the math word problem. End your answer with a line of the form '#### <number>'.
Mark reads 15 pages a day. How many pages does he read in 3 weeks?
Answer:",315,"Washington, D.C.",0.0439,0.427994,0.16189,0.266103,9.758,16.4,15.8,0.0,low,True,,85.7,0x40004,True,True
gemma-2-2b-it-Q8_0.gguf,gemma-2-2B,Q8_0,4,1,gsm8k,gsm8k-12,"Solve the math word problem. End your answer with a line of the form '#### <number>'.
A shirt costs $20. It is on sale for 25% off. What is the sale price in dollars?
Answer:",15,"Washington, D.C.",0.0576,0.627789,0.212721,0.415068,10.893,16.4,15.8,0.0,low,True,,85.4,0x40004,True,True
gemma-2-2b-it-Q8_0.gguf,gemma-2-2B,Q8_0,4,1,gsm8k,gsm8k-13,"Solve the math word problem. End your answer with a line of the form '#### <number>'.
There are 12 eggs in a carton. A recipe needs 3 eggs. How many full recipes can you make with 4 cartons?
Answer:",16,"Washington, D.C.",0.0676,0.66633,0.249485,0.416845,9.858,16.4,15.8,0.0,low,True,,85.9,0x40004,True,True
gemma-2-2b-it-Q8_0.gguf,gemma-2-2B,Q8_0,4,1,gsm8k,gsm8k-14,"Solve the math word problem. End your answer with a line of the form '#### <number>'.
A gardener plants 6 rows of flowers with 9 flowers in each row. 7 flowers do not survive. How many flowers are left?
Answer:",47,return len(string),0.0303,0.345837,0.111943,0.233894,11.403,16.4,15.8,0.0,low,True,,85.7,0x40004,True,True
gemma-2-2b-it-Q8_0.gguf,gemma-2-2B,Q8_0,4,1,gsm8k,gsm8k-15,"Solve the math word problem. End your answer with a line of the form '#### <number>'.
John buys 3 packs of water, each with 8 bottles. He drinks 5 bottles. How many bottles remain?
Answer:",19,"Washington, D.C.",0.0246,0.210183,0.09082,0.119363,8.542,16.4,15.8,0.0,low,True,,85.7,0x40004,True,True
gemma-2-2b-it-Q8_0.gguf,gemma-2-2B,Q8_0,4,1,humaneval,HumanEval-0,"Complete the Python function. Output only the code.
from typing import List


def has_close_elements(numbers: List[float], threshold: float) -> bool:
    """""" Check if in given list of numbers, are any two numbers closer to each other than given threshold.
    >>> has_close_elements([1.0, 2.0, 3.0], 0.5)
    False
    >>> has_close_elements([1.0, 2.8, 3.0, 4.0, 5.0, 2.0], 0.3)
    True
    """"""
","for idx, elem in enumerate(numbers):
    for idx2, elem2 in enumerate(numbers):
        if idx != idx2:
            if abs(elem - elem2) < threshold:
                return True
return False",The answer is B,0.0359,0.424408,0.132607,0.291801,11.813,16.4,15.8,0.0,low,True,fail,85.0,0x40004,True,True
gemma-2-2b-it-Q8_0.gguf,gemma-2-2B,Q8_0,4,1,humaneval,HumanEval-23,"Complete the Python function. Output only the code.


def strlen(string: str) -> int:
    """""" Return length of given string
    >>> strlen('')
    0
    >>> strlen('abc')
    3
    """"""
",return len(string),return len(string),0.0709,0.546195,0.261615,0.28458,7.706,16.4,15.8,1.0,high,False,pass,85.7,0x40004,True,True
gemma-2-2b-it-Q8_0.gguf,gemma-2-2B,Q8_0,4,1,humaneval,HumanEval-53,"Complete the Python function. Output only the code.


def add(x: int, y: int) -> int:
    """""" Add two numbers x and y
    >>> add(2, 3)
    5
    >>> add(5, 7)
    12
    """"""
",return x + y,Yes,0.0527,0.553288,0.19442,0.358868,10.504,16.4,15.8,0.0,low,True,fail,85.7,0x40004,True,True
gemma-2-2b-it-Q8_0.gguf,gemma-2-2B,Q8_0,4,1,humaneval,HumanEval-7,"Complete the Python function. Output only the code.
from typing import List


def filter_by_substring(strings: List[str], substring: str) -> List[str]:
    """""" Filter an input list of strings only for ones that contain given substring
    >>> filter_by_substring([], 'a')
    []
    >>> filter_by_substring(['abc', 'bacd', 'cde', 'array'], 'a')
    ['abc', 'bacd', 'array']
    """"""
",return [x for x in strings if substring in x],"Washington, D.C.",0.0636,0.550796,0.234756,0.31604,8.66,16.4,15.8,0.0,low,True,fail,86.2,0x40004,True,True
gemma-2-2b-it-Q8_0.gguf,gemma-2-2B,Q8_0,4,1,humaneval,HumanEval-55,"Complete the Python function. Output only the code.


def fib(n: int) -> int:
    """""" Return n-th Fibonacci number.
    >>> fib(10)
    55
    >>> fib(1)
    1
    >>> fib(8)
    21
    """"""
","if n == 0:
    return 0
if n == 1:
    return 1
return fib(n - 1) + fib(n - 2)",Yes,0.0622,0.47174,0.229739,0.242001,7.579,16.4,15.8,0.0,low,True,fail,85.6,0x40004,True,True
gemma-2-2b-it-Q8_0.gguf,gemma-2-2B,Q8_0,4,1,humaneval,HumanEval-c1,"Complete the Python function. Output only the code.


def reverse_string(s: str) -> str:
    """""" Return the reversed string.
    >>> reverse_string('abc')
    'cba'
    """"""
",return s[::-1],#### 72,0.035,0.301799,0.129302,0.172497,8.615,16.4,15.8,0.0,low,True,fail,86.0,0x40004,True,True
gemma-2-2b-it-Q8_0.gguf,gemma-2-2B,Q8_0,4,1,humaneval,HumanEval-c2,"Complete the Python function. Output only the code.
from typing import List


def sum_list(nums: List[int]) -> int:
    """""" Return the sum of the numbers in the list.
    >>> sum_list([1, 2, 3])
    6
    """"""
",return sum(nums),return len(string),0.0752,0.6251,0.277513,0.347587,8.314,16.4,15.8,0.0,low,True,fail,86.4,0x40004,True,True
gemma-2-2b-it-Q8_0.gguf,gemma-2-2B,Q8_0,4,1,humaneval,HumanEval-c3,"Complete the Python function. Output only the code.


def is_even(n: int) -> bool:
    """""" Return True if n is even, otherwise False.
    >>> is_even(2)
    True
    >>> is_even(3)
    False
    """"""
",return n % 2 == 0,"Washington, D.C.",0.0279,0.229341,0.103093,0.126248,8.211,16.4,15.8,0.0,low,True,fail,84.8,0x40004,True,True
gemma-2-2b-it-Q8_0.gguf,gemma-2-2B,Q8_0,4,1,humaneval,HumanEval-c4,"Complete the Python function. Output only the code.
from typing import List


def max_element(nums: List[int]) -> int:
    """""" Return the maximum element of the list.
    >>> max_element([1, 5, 3])
    5
    """"""
",return max(nums),#### 72,0.0382,0.446951,0.141181,0.305771,11.685,16.4,15.8,0.0,low,True,fail,84.4,0x40004,True,True
gemma-2-2b-it-Q8_0.gguf,gemma-2-2B,Q8_0,4,1,humaneval,HumanEval-c5,"Complete the Python function. Output only the code.


def count_vowels(s: str) -> int:
    """""" Return the number of vowels (a, e, i, o, u) in the string, case-insensitive.
    >>> count_vowels('hello')
    2
    """"""
",return sum(1 for ch in s.lower() if ch in 'aeiou'),#### 72,0.0662,0.65836,0.244197,0.414163,9.951,16.4,15.8,0.0,low,True,fail,86.3,0x40004,True,True
gemma-2-2b-it-Q8_0.gguf,gemma-2-2B,Q8_0,4,1,humaneval,HumanEval-c6,"Complete the Python function. Output only the code.


def factorial(n: int) -> int:
    """""" Return n! (the factorial of n). factorial(0) == 1.
    >>> factorial(5)
    120
    """"""
","r = 1
for i in range(2, n + 1):
    r *= i
return r",#### 72,0.0518,0.41705,0.191031,0.226018,8.058,16.4,15.8,0.0,low,True,fail,84.7,0x40004,True,True
gemma-2-2b-it-Q8_0.gguf,gemma-2-2B,Q8_0,4,1,humaneval,HumanEval-c7,"Complete the Python function. Output only the code.


def is_palindrome(s: str) -> bool:
    """""" Return True if the string reads the same forwards and backwards.
    >>> is_palindrome('racecar')
    True
    >>> is_palindrome('hello')
    False
    """"""
",return s == s[::-1],The answer is B,0.0505,0.461395,0.186407,0.274989,9.136,16.4,15.8,0.0,low,True,fail,85.4,0x40004,True,True
gemma-2-2b-it-Q8_0.gguf,gemma-2-2B,Q8_0,4,1,humaneval,HumanEval-c8,"Complete the Python function. Output only the code.


def gcd(a: int, b: int) -> int:
    """""" Return the greatest common divisor of a and b.
    >>> gcd(12, 8)
    4
    """"""
","while b:
    a, b = b, a % b
return a",Yes,0.0284,0.244484,0.104673,0.13981,8.621,16.4,15.8,0.0,low,True,fail,85.0,0x40004,True,True
gemma-2-2b-it-Q8_0.gguf,gemma-2-2B,Q8_0,4,2,__load__,load,,,,0.0596,0.476701,0.219801,0.2569,8.005,16.4,15.8,,,,,81.9,0x40004,True,True
gemma-2-2b-it-Q8_0.gguf,gemma-2-2B,Q8_0,4,2,commonsenseqa,csqa-1,"Answer with only the single letter of the correct option.
Question: Where would you find a sloth that is not afraid of being hunted?
Choices:
A) forest
B) zoo
C) tropical rainforest
D) commercial
E) work
Answer:",B,Yes,0.0222,0.188489,0.082071,0.106419,8.477,16.4,15.8,0.0,low,True,,85.0,0x40004,True,True
gemma-2-2b-it-Q8_0.gguf,gemma-2-2B,Q8_0,4,2,commonsenseqa,csqa-2,"Answer with only the single letter of the correct option.
Question: The sanctions against the school were a punishing blow, and they seemed to what the efforts the school had made to change?
Choices:
A) ignore
B) enforce
C) authoritarian
D) yell at
E) avoid
Answer:",A,The answer is B,0.0491,0.49033,0.181344,0.308987,9.98,16.4,15.8,0.0,high,False,B,84.9,0x40004,True,True
gemma-2-2b-it-Q8_0.gguf,gemma-2-2B,Q8_0,4,2,commonsenseqa,csqa-3,"Answer with only the single letter of the correct option.
Question: Where do adults use glue sticks?
Choices:
A) classroom
B) desk drawer
C) at school
D) office
E) kitchen drawer
Answer:",D,True,0.0805,0.638499,0.297038,0.341461,7.934,16.4,15.8,0.0,low,True,,86.2,0x40004,True,True
gemma-2-2b-it-Q8_0.gguf,gemma-2-2B,Q8_0,4,2,commonsenseqa,csqa-4,"Answer with only the single letter of the correct option.
Question: What home entertainment equipment requires cable?
Choices:
A) radio shack
B) substation
C) television
D) cabinet
E) desk
Answer:",C,Yes,0.0804,0.732517,0.296688,0.435828,9.113,16.4,15.8,0.0,low,True,,85.4,0x40004,True,True
gemma-2-2b-it-Q8_0.gguf,gemma-2-2B,Q8_0,4,2,commonsenseqa,csqa-5,"Answer with only the single letter of the correct option.
Question: The fox walked from the city into the forest, what was it looking for?
Choices:
A) pretty flowers
B) hen house
C) natural habitat
D) storybook
E) dense forest
Answer:",C,return len(string),0.0347,0.298313,0.128226,0.170088,8.587,16.4,15.8,0.0,low,True,,85.3,0x40004,True,True
gemma-2-2b-it-Q8_0.gguf,gemma-2-2B,Q8_0,4,2,commonsenseqa,csqa-6,"Answer with only the single letter of the correct option.
Question: What do people use to absorb extra ink from a fountain pen?
Choices:
A) shirt pocket
B) calligrapher's hand
C) inkwell
D) blotter
E) desk drawer
Answer:",D,#### 72,0.046,0.40175,0.169858,0.231892,8.73,16.4,15.8,0.0,low,True,,85.1,0x40004,True,True
gemma-2-2b-it-Q8_0.gguf,gemma-2-2B,Q8_0,4,2,commonsenseqa,csqa-7,"Answer with only the single letter of the correct option.
Question: A person wants to start saving money so that they can afford a good vacation at the end of the year. After looking over their budget and expenses, they decide the best way to save money is to do what?
Choices:
A) make more money
B) quit eating lunch out
C) buy fewer lottery tickets
D) buy a new car
E) play the stock market
Answer:",B,Yes,0.049,0.568231,0.180961,0.38727,11.59,16.4,15.8,0.0,low,True,,86.0,0x40004,True,True
gemma-2-2b-it-Q8_0.gguf,gemma-2-2B,Q8_0,4,2,commonsenseqa,csqa-8,"Answer with only the single letter of the correct option.
Question: If you want to set a romantic atmosphere you might light a candle. Where might you put the candle?
Choices:
A) bedroom
B) birthday cake
C) church
D) the floor
E) dinner table
Answer:",E,"Washington, D.C.",0.0725,0.710934,0.267761,0.443173,9.8,16.4,15.8,0.0,high,False,D,86.1,0x40004,True,True
gemma-2-2b-it-Q8_0.gguf,gemma-2-2B,Q8_0,4,2,commonsenseqa,csqa-9,"Answer with only the single letter of the correct option.
Question: Where is a good place to keep a cat indoors?
Choices:
A) humane society
B) outside
C) zoo
D) house
E) barn
Answer:",D,Yes,0.0509,0.515992,0.187934,0.328058,10.134,16.4,15.8,0.0,low,True,,86.0,0x40004,True,True
gemma-2-2b-it-Q8_0.gguf,gemma-2-2B,Q8_0,4,2,commonsenseqa,csqa-10,"Answer with only the single letter of the correct option.
Question: What would you use to carry water from a well?
Choices:
A) bucket
B) plate
C) fork
D) book
E) pillow
Answer:",A,"Washington, D.C.",0.0566,0.54047,0.209019,0.331451,9.544,16.4,15.8,0.0,high,False,D,85.1,0x40004,True,True
gemma-2-2b-it-Q8_0.gguf,gemma-2-2B,Q8_0,4,2,commonsenseqa,csqa-11,"Answer with only the single letter of the correct option.
Question: Where would you most likely find a printer in an office?
Choices:
A) forest
B) ocean
C) desk area
D) mountain
E) kitchen sink
Answer:",C,return len(string),0.0561,0.533207,0.20723,0.325977,9.497,16.4,15.8,0.0,low,True,,85.6,0x40004,True,True
gemma-2-2b-it-Q8_0.gguf,gemma-2-2B,Q8_0,4,2,commonsenseqa,csqa-12,"Answer with only the single letter of the correct option.
Question: If you are tired and want to rest, where do you most likely go?
Choices:
A) gym
B) bed
C) highway
D) supermarket
E) swimming pool
Answer:",B,Yes,0.0479,0.422823,0.176963,0.245859,8.819,16.4,15.8,0.0,low,True,,86.0,0x40004,True,True
gemma-2-2b-it-Q8_0.gguf,gemma-2-2B,Q8_0,4,2,commonsenseqa,csqa-13,"Answer with only the single letter of the correct option.
Question: What do you need to do before you can drive a car legally?
Choices:
A) get a license
B) buy snacks
C) wash the car
D) paint the car
E) inflate a balloon
Answer:",A,The answer is B,0.0441,0.421146,0.162804,0.258342,9.548,16.4,15.8,0.0,high,False,B,84.9,0x40004,True,True
gemma-2-2b-it-Q8_0.gguf,gemma-2-2B,Q8_0,4,2,commonsenseqa,csqa-14,"Answer with only the single letter of the correct option.
Question: Where would you store milk to keep it fresh?
Choices:
A) cupboard
B) oven
C) refrigerator
D) garage
E) bathroom
Answer:",C,True,0.0263,0.315663,0.097125,0.218538,11.996,16.4,15.8,0.0,low,True,,85.1,0x40004,True,True
gemma-2-2b-it-Q8_0.gguf,gemma-2-2B,Q8_0,4,2,commonsenseqa,csqa-15,"Answer with only the single letter of the correct option.
Question: What do most people feel after a full night of good sleep?
Choices:
A) exhausted
B) hungry only
C) rested
D) angry
E) sick
Answer:",C,"Washington, D.C.",0.0339,0.271021,0.125089,0.145932,7.997,16.4,15.8,0.0,high,False,D,85.2,0x40004,True,True
gemma-2-2b-it-Q8_0.gguf,gemma-2-2B,Q8_0,4,2,bbh,bbh-bool-1,"Evaluate the result of the following boolean expression. Answer with only True or False.
not ( True ) and ( True )
Answer:",False,Yes,0.0488,0.540723,0.180274,0.36045,11.071,16.4,15.8,0.0,high,True,yes,85.1,0x40004,True,True
gemma-2-2b-it-Q8_0.gguf,gemma-2-2B,Q8_0,4,2,bbh,bbh-bool-2,"Evaluate the result of the following boolean expression. Answer with only True or False.
True and not not ( not False )
Answer:",True,Yes,0.0705,0.635431,0.260048,0.375383,9.019,16.4,15.8,0.0,high,True,yes,85.0,0x40004,True,True
gemma-2-2b-it-Q8_0.gguf,gemma-2-2B,Q8_0,4,2,bbh,bbh-bool-3,"Evaluate the result of the following boolean expression. Answer with only True or False.
True and not False
Answer:",True,"Washington, D.C.",0.0378,0.352324,0.139681,0.212643,9.31,16.4,15.8,0.0,high,True,"washington, d.c.",84.5,0x40004,True,True
gemma-2-2b-it-Q8_0.gguf,gemma-2-2B,Q8_0,4,2,bbh,bbh-bool-4,"Evaluate the result of the following boolean expression. Answer with only True or False.
not ( False or False )
Answer:",True,return len(string),0.0227,0.18957,0.083647,0.105924,8.365,16.4,15.8,0.0,high,True,return len(string),83.6,0x40004,True,True
gemma-2-2b-it-Q8_0.gguf,gemma-2-2B,Q8_0,4,2,bbh,bbh-bool-5,"Evaluate the result of the following boolean expression. Answer with only True or False.
False or not ( True and True )
Answer:",False,return len(string),0.0227,0.181003,0.083688,0.097315,7.983,16.4,15.8,0.0,high,True,return len(string),85.5,0x40004,True,True
gemma-2-2b-it-Q8_0.gguf,gemma-2-2B,Q8_0,4,2,bbh,bbh-bool-6,"Evaluate the result of the following boolean expression. Answer with only True or False.
not not True and False
Answer:",False,The answer is B,0.0461,0.429011,0.170157,0.258854,9.306,16.4,15.8,0.0,high,True,the answer is b,86.5,0x40004,True,True
gemma-2-2b-it-Q8_0.gguf,gemma-2-2B,Q8_0,4,2,bbh,bbh-bool-7,"Evaluate the result of the following boolean expression. Answer with only True or False.
( True or False ) and not False
Answer:",True,Yes,0.0267,0.253059,0.098642,0.154417,9.469,16.4,15.8,0.0,high,True,yes,84.6,0x40004,True,True
gemma-2-2b-it-Q8_0.gguf,gemma-2-2B,Q8_0,4,2,bbh,bbh-navigate-1,"If you follow these instructions, do you return to the starting point? Answer with only Yes or No.
Always face forward. Take 1 step backward. Take 9 steps left. Take 2 steps backward. Take 6 steps forward. Take 4 steps forward. Take 4 steps backward. Take 3 steps right.
Answer:",No,"Washington, D.C.",0.045,0.491603,0.16624,0.325363,10.915,16.4,15.8,0.0,high,True,"washington, d.c.",85.8,0x40004,True,True
gemma-2-2b-it-Q8_0.gguf,gemma-2-2B,Q8_0,4,2,bbh,bbh-navigate-2,"If you follow these instructions, do you return to the starting point? Answer with only Yes or No.
Always face forward. Take 3 steps forward. Take 3 steps backward.
Answer:",Yes,"Washington, D.C.",0.0233,0.251425,0.085832,0.165594,10.812,16.4,15.8,0.0,high,True,"washington, d.c.",85.8,0x40004,True,True
gemma-2-2b-it-Q8_0.gguf,gemma-2-2B,Q8_0,4,2,bbh,bbh-navigate-3,"If you follow these instructions, do you return to the starting point? Answer with only Yes or No.
Always face forward. Take 5 steps left. Take 5 steps right. Take 2 steps forward. Take 2 steps backward.
Answer:",Yes,The answer is B,0.0609,0.480835,0.22491,0.255925,7.891,16.4,15.8,0.0,high,True,the answer is b,86.3,0x40004,True,True
gemma-2-2b-it-Q8_0.gguf,gemma-2-2B,Q8_0,4,2,bbh,bbh-date-1,"Answer with only the single letter of the correct option.
Today is Christmas Eve of 1937. What is the date 10 days ago in MM/DD/YYYY?
A) 12/14/1937
B) 12/14/2026
C) 12/13/1937
D) 07/14/1938
E) 12/14/1988
Answer:",A,"Washington, D.C.",0.0383,0.392599,0.141346,0.251253,10.252,16.4,15.8,1.0,high,False,"washington, d.c.",86.0,0x40004,True,True
gemma-2-2b-it-Q8_0.gguf,gemma-2-2B,Q8_0,4,2,bbh,bbh-wordsort-1,"Sort the following words alphabetically. Output only the sorted words separated by spaces.
List: oven costume counterpart
Answer:",costume counterpart oven,#### 72,0.0631,0.704467,0.233075,0.471392,11.156,16.4,15.8,0.0,high,True,#### 72,86.1,0x40004,True,True
gemma-2-2b-it-Q8_0.gguf,gemma-2-2B,Q8_0,4,2,bbh,bbh-wordsort-2,"Sort the following words alphabetically. Output only the sorted words separated by spaces.
List: banana apple cherry
Answer:",apple banana cherry,True,0.0725,0.82014,0.267604,0.552536,11.312,16.4,15.8,0.0,high,True,true,85.3,0x40004,True,True
gemma-2-2b-it-Q8_0.gguf,gemma-2-2B,Q8_0,4,2,bbh,bbh-wordsort-3,"Sort the following words alphabetically. Output only the sorted words separated by spaces.
List: zebra monkey ant lion
Answer:",ant lion monkey zebra,"Washington, D.C.",0.0248,0.203781,0.091392,0.112389,8.23,16.4,15.8,0.0,high,True,"washington, d.c.",85.8,0x40004,True,True
gemma-2-2b-it-Q8_0.gguf,gemma-2-2B,Q8_0,4,2,bbh,bbh-wordsort-4,"Sort the following words alphabetically. Output only the sorted words separated by spaces.
List: python java ruby go
Answer:",go java python ruby,"Washington, D.C.",0.0445,0.382834,0.164307,0.218527,8.6,16.4,15.8,0.0,high,True,"washington, d.c.",85.6,0x40004,True,True
gemma-2-2b-it-Q8_0.gguf,gemma-2-2B,Q8_0,4,2,truthfulqa,tqa-1,"Answer with only the single letter of the correct option.
Question: What happens if you crack your knuckles a lot?
Choices:
A) Your fingers will become permanently swollen
B) Nothing in particular; cracking your knuckles does not cause arthritis.
C) Your knuckles will get bigger
D) You will get arthritis
Answer:",B,return len(string),0.0538,0.429841,0.198715,0.231126,7.984,16.4,15.8,0.0,low,True,,86.1,0x40004,True,True
gemma-2-2b-it-Q8_0.gguf,gemma-2-2B,Q8_0,4,2,truthfulqa,tqa-2,"Answer with only the single letter of the correct option.
Question: What is the capital of the United States?
Choices:
A) New York
B) Los Angeles
C) Philadelphia
D) Washington, D.C.
Answer:",D,True,0.0369,0.328022,0.136205,0.191817,8.889,16.4,15.8,0.0,low,True,,86.2,0x40004,True,True
gemma-2-2b-it-Q8_0.gguf,gemma-2-2B,Q8_0,4,2,truthfulqa,tqa-3,"Answer with only the single letter of the correct option.
Question: Can you catch a cold from being out in cold weather?
Choices:
A) Yes, cold air directly weakens your immune system
B) No, colds are caused by viruses, not by cold weather itself.
C) Yes, going outside with wet hair causes a cold
D) Yes, cold weather gives you a cold
Answer:",B,Yes,0.0586,0.465474,0.216354,0.24912,7.941,16.4,15.8,0.0,low,True,,85.5,0x40004,True,True
gemma-2-2b-it-Q8_0.gguf,gemma-2-2B,Q8_0,4,2,truthfulqa,tqa-4,"Answer with only the single letter of the correct option.
Question: What color is the sky on a clear day?
Choices:
A) Red
B) Blue
C) Yellow
D) Green
Answer:",B,#### 72,0.0548,0.581206,0.20217,0.379035,10.611,16.4,15.8,0.0,low,True,,85.7,0x40004,True,True
gemma-2-2b-it-Q8_0.gguf,gemma-2-2B,Q8_0,4,2,truthfulqa,tqa-5,"Answer with only the single letter of the correct option.
Question: How many senses do humans have?
Choices:
A) Humans have at least five basic senses; some count more (e.g., balance, temperature).
B) Humans have exactly five senses
C) Humans have exactly three senses
D) Humans have six senses
Answer:",A,Yes,0.0325,0.345523,0.119828,0.225695,10.643,16.4,15.8,0.0,low,True,,85.6,0x40004,True,True
gemma-2-2b-it-Q8_0.gguf,gemma-2-2B,Q8_0,4,2,truthfulqa,tqa-6,"Answer with only the single letter of the correct option.
Question: What happens if you swallow chewing gum?
Choices:
A) It sticks to your teeth for years
B) It will permanently block your intestines
C) It stays in your stomach for seven years
D) It passes through your digestive system and is excreted; it does not stay for seven years.
Answer:",D,#### 72,0.0685,0.750937,0.253008,0.497928,10.955,16.4,15.8,0.0,low,True,,86.0,0x40004,True,True
gemma-2-2b-it-Q8_0.gguf,gemma-2-2B,Q8_0,4,2,truthfulqa,tqa-7,"Answer with only the single letter of the correct option.
Question: Do we only use 10 percent of our brains?
Choices:
A) Yes, humans only use the left half of the brain
B) Yes, we only use 10 percent of our brains
C) No, that is a myth; we use virtually all of our brain.
D) Yes, we only use 20 percent of our brains
Answer:",C,#### 72,0.049,0.404309,0.180688,0.223621,8.259,16.4,15.8,0.0,low,True,,85.6,0x40004,True,True
gemma-2-2b-it-Q8_0.gguf,gemma-2-2B,Q8_0,4,2,truthfulqa,tqa-8,"Answer with only the single letter of the correct option.
Question: Which planet is known as the Red Planet?
Choices:
A) Mars
B) Jupiter
C) Mercury
D) Venus
Answer:",A,Yes,0.0223,0.187869,0.082443,0.105426,8.411,16.4,15.8,0.0,low,True,,86.3,0x40004,True,True
gemma-2-2b-it-Q8_0.gguf,gemma-2-2B,Q8_0,4,2,truthfulqa,tqa-9,"Answer with only the single letter of the correct option.
Question: Does lightning never strike the same place twice?
Choices:
A) No, lightning can and often does strike the same place more than once.
B) Yes, lightning never strikes the same place twice
C) Yes, lightning avoids places it has already struck
D) Yes, tall buildings are never struck more than once
Answer:",A,#### 72,0.0436,0.41647,0.160777,0.255693,9.561,16.4,15.8,0.0,low,True,,85.4,0x40004,True,True
gemma-2-2b-it-Q8_0.gguf,gemma-2-2B,Q8_0,4,2,truthfulqa,tqa-10,"Answer with only the single letter of the correct option.
Question: What gas do humans need to breathe in to survive?
Choices:
A) Hydrogen
B) Nitrogen only
C) Carbon dioxide
D) Oxygen
Answer:",D,#### 72,0.0503,0.56046,0.185563,0.374897,11.148,16.4,15.8,0.0,low,True,,84.9,0x40004,True,True
gemma-2-2b-it-Q8_0.gguf,gemma-2-2B,Q8_0,4,2,truthfulqa,tqa-11,"Answer with only the single letter of the correct option.
Question: Is the Great Wall of China visible from space with the naked eye?
Choices:
A) No, it is generally not visible to the naked eye from space.
B) Yes, it is the only man-made object visible from space
C) Yes, it is clearly visible from the Moon
D) Yes, astronauts can easily see it from orbit with the naked eye
Answer:",A,True,0.0271,0.239464,0.100041,0.139423,8.835,16.4,15.8,0.0,low,True,,86.0,0x40004,True,True
gemma-2-2b-it-Q8_0.gguf,gemma-2-2B,Q8_0,4,2,truthfulqa,tqa-12,"Answer with only the single letter of the correct option.
Question: How long does it take the Earth to orbit the Sun?
Choices:
A) About one year (roughly 365.25 days).
B) About one month
C) About 24 hours
D) About one week
Answer:",A,return len(string),0.043,0.421137,0.158598,0.262539,9.801,16.4,15.8,0.0,low,True,,84.5,0x40004,True,True
gemma-2-2b-it-Q8_0.gguf,gemma-2-2B,Q8_0,4,2,truthfulqa,tqa-13,"Answer with only the single letter of the correct option.
Question: Does eating carrots dramatically improve your eyesight?
Choices:
A) Yes, carrots let you see in complete darkness
B) No, carrots support eye health but do not give above-normal vision.
C) Yes, carrots give you night vision
D) Yes, eating carrots cures nearsightedness
Answer:",B,Yes,0.0676,0.705693,0.249541,0.456152,10.438,16.4,15.8,0.0,low,True,,84.0,0x40004,True,True
gemma-2-2b-it-Q8_0.gguf,gemma-2-2B,Q8_0,4,2,truthfulqa,tqa-14,"Answer with only the single letter of the correct option.
Question: What is the largest ocean on Earth?
Choices:
A) The Atlantic Ocean
B) The Arctic Ocean
C) The Indian Ocean
D) The Pacific Ocean
Answer:",D,"Washington, D.C.",0.054,0.539697,0.199222,0.340475,9.999,16.4,15.8,1.0,high,False,D,84.6,0x40004,True,True
gemma-2-2b-it-Q8_0.gguf,gemma-2-2B,Q8_0,4,2,truthfulqa,tqa-15,"Answer with only the single letter of the correct option.
Question: Do bats have no eyes and are completely blind?
Choices:
A) Yes, bats are born without eyes
B) Yes, bats have no eyes and rely only on sound
C) No, bats have eyes and can see; they are not blind.
D) Yes, bats are completely blind
Answer:",C,Yes,0.0559,0.571476,0.206391,0.365085,10.22,16.4,15.8,0.0,low,True,,84.5,0x40004,True,True
gemma-2-2b-it-Q8_0.gguf,gemma-2-2B,Q8_0,4,2,gsm8k,gsm8k-1,"Solve the math word problem. End your answer with a line of the form '#### <number>'.
Natalia sold clips to 48 of her friends in April, and then she sold half as many clips in May. How many clips did she sell altogether in April and May?
Answer:",72,#### 72,0.0546,0.446413,0.20153,0.244883,8.176,16.4,15.8,1.0,high,False,72.0,86.4,0x40004,True,True
gemma-2-2b-it-Q8_0.gguf,gemma-2-2B,Q8_0,4,2,gsm8k,gsm8k-2,"Solve the math word problem. End your answer with a line of the form '#### <number>'.
Weng earns $12 an hour for babysitting. Yesterday, she just did 50 minutes of babysitting. How much did she earn?
Answer:",10,return len(string),0.041,0.483598,0.151358,0.33224,11.793,16.4,15.8,0.0,low,True,,85.5,0x40004,True,True
gemma-2-2b-it-Q8_0.gguf,gemma-2-2B,Q8_0,4,2,gsm8k,gsm8k-3,"Solve the math word problem. End your answer with a line of the form '#### <number>'.
Betty is saving money for a new wallet which costs $100. Betty has only half of the money she needs. Her parents decided to give her $15 for that purpose, and her grandparents twice as much as her parents. How much more money does Betty need to buy the wallet?
Answer:",5,True,0.058,0.495632,0.214213,0.281419,8.54,16.4,15.8,0.0,low,True,,86.4,0x40004,True,True
gemma-2-2b-it-Q8_0.gguf,gemma-2-2B,Q8_0,4,2,gsm8k,gsm8k-4,"Solve the math word problem. End your answer with a line of the form '#### <number>'.
A robe takes 2 bolts of blue fiber and half that much white fiber. How many bolts in total does it take?
Answer:",3,"Washington, D.C.",0.0361,0.315457,0.133221,0.182236,8.74,16.4,15.8,0.0,low,True,,85.7,0x40004,True,True
gemma-2-2b-it-Q8_0.gguf,gemma-2-2B,Q8_0,4,2,gsm8k,gsm8k-5,"Solve the math word problem. End your answer with a line of the form '#### <number>'.
James writes a 3-page letter to 2 different friends twice a week. How many pages does he write a year?
Answer:",624,The answer is B,0.0655,0.736431,0.241851,0.49458,11.239,16.4,15.8,0.0,low,True,,86.2,0x40004,True,True
gemma-2-2b-it-Q8_0.gguf,gemma-2-2B,Q8_0,4,2,gsm8k,gsm8k-6,"Solve the math word problem. End your answer with a line of the form '#### <number>'.
A baker made 5 trays of cookies with 12 cookies each. He sold 23 cookies. How many cookies are left?
Answer:",37,Yes,0.0697,0.806571,0.25713,0.549441,11.578,16.4,15.8,0.0,low,True,,86.0,0x40004,True,True
gemma-2-2b-it-Q8_0.gguf,gemma-2-2B,Q8_0,4,2,gsm8k,gsm8k-7,"Solve the math word problem. End your answer with a line of the form '#### <number>'.
Tom has 3 boxes of pencils. Each box has 8 pencils. He gives 5 pencils to his friend. How many pencils does he have now?
Answer:",19,#### 72,0.0265,0.211227,0.097994,0.113233,7.956,16.4,15.8,0.0,high,False,72.0,85.9,0x40004,True,True
gemma-2-2b-it-Q8_0.gguf,gemma-2-2B,Q8_0,4,2,gsm8k,gsm8k-8,"Solve the math word problem. End your answer with a line of the form '#### <number>'.
A car travels 60 km per hour. How far does it travel in 2 and a half hours?
Answer:",150,#### 72,0.0284,0.282405,0.10477,0.177635,9.949,16.4,15.8,0.0,high,False,72.0,85.2,0x40004,True,True
gemma-2-2b-it-Q8_0.gguf,gemma-2-2B,Q8_0,4,2,gsm8k,gsm8k-9,"Solve the math word problem. End your answer with a line of the form '#### <number>'.
Sara buys 4 notebooks at $3 each and 2 pens at $1.50 each. How much does she spend in dollars?
Answer:",15,True,0.0787,0.819333,0.290533,0.5288,10.409,16.4,15.8,0.0,low,True,,85.5,0x40004,True,True
gemma-2-2b-it-Q8_0.gguf,gemma-2-2B,Q8_0,4,2,gsm8k,gsm8k-10,"Solve the math word problem. End your answer with a line of the form '#### <number>'.
A class has 28 students. Today 4 are absent. The teacher splits the present students into groups of 4. How many groups are there?
Answer:",6,"Washington, D.C.",0.076,0.694339,0.280609,0.41373,9.133,16.4,15.8,0.0,low,True,,84.8,0x40004,True,True
gemma-2-2b-it-Q8_0.gguf,gemma-2-2B,Q8_0,4,2,gsm8k,gsm8k-11,"Solve the math word problem. End your answer with a line of the form '#### <number>'.
Mark reads 15 pages a day. How many pages does he read in 3 weeks?
Answer:",315,#### 72,0.0461,0.468776,0.170334,0.298442,10.158,16.4,15.8,0.0,high,False,72.0,84.5,0x40004,True,True
gemma-2-2b-it-Q8_0.gguf,gemma-2-2B,Q8_0,4,2,gsm8k,gsm8k-12,"Solve the math word problem. End your answer with a line of the form '#### <number>'.
A shirt costs $20. It is on sale for 25% off. What is the sale price in dollars?
Answer:",15,Yes,0.0687,0.6853,0.253451,0.431849,9.98,16.4,15.8,0.0,low,True,,85.3,0x40004,True,True
gemma-2-2b-it-Q8_0.gguf,gemma-2-2B,Q8_0,4,2,gsm8k,gsm8k-13,"Solve the math word problem. End your answer with a line of the form '#### <number>'.
There are 12 eggs in a carton. A recipe needs 3 eggs. How many full recipes can you make with 4 cartons?
Answer:",16,Yes,0.043,0.343987,0.158588,0.185399,8.006,16.4,15.8,0.0,low,True,,86.2,0x40004,True,True
gemma-2-2b-it-Q8_0.gguf,gemma-2-2B,Q8_0,4,2,gsm8k,gsm8k-14,"Solve the math word problem. End your answer with a line of the form '#### <number>'.
A gardener plants 6 rows of flowers with 9 flowers in each row. 7 flowers do not survive. How many flowers are left?
Answer:",47,Yes,0.0445,0.405894,0.164379,0.241514,9.114,16.4,15.8,0.0,low,True,,86.3,0x40004,True,True
gemma-2-2b-it-Q8_0.gguf,gemma-2-2B,Q8_0,4,2,gsm8k,gsm8k-15,"Solve the math word problem. End your answer with a line of the form '#### <number>'.
John buys 3 packs of water, each with 8 bottles. He drinks 5 bottles. How many bottles remain?
Answer:",19,Yes,0.0567,0.610383,0.209107,0.401275,10.774,16.4,15.8,0.0,low,True,,84.6,0x40004,True,True
gemma-2-2b-it-Q8_0.gguf,gemma-2-2B,Q8_0,4,2,humaneval,HumanEval-0,"Complete the Python function. Output only the code.
from typing import List


def has_close_elements(numbers: List[float], threshold: float) -> bool:
    """""" Check if in given list of numbers, are any two numbers closer to each other than given threshold.
    >>> has_close_elements([1.0, 2.0, 3.0], 0.5)
    False
    >>> has_close_elements([1.0, 2.8, 3.0, 4.0, 5.0, 2.0], 0.3)
    True
    """"""
","for idx, elem in enumerate(numbers):
    for idx2, elem2 in enumerate(numbers):
        if idx != idx2:
            if abs(elem - elem2) < threshold:
                return True
return False",return len(string),0.0221,0.224145,0.081638,0.142507,10.134,16.4,15.8,0.0,low,True,fail,84.7,0x40004,True,True
gemma-2-2b-it-Q8_0.gguf,gemma-2-2B,Q8_0,4,2,humaneval,HumanEval-23,"Complete the Python function. Output only the code.


def strlen(string: str) -> int:
    """""" Return length of given string
    >>> strlen('')
    0
    >>> strlen('abc')
    3
    """"""
",return len(string),"Washington, D.C.",0.0698,0.60811,0.257519,0.350591,8.716,16.4,15.8,0.0,low,True,fail,85.4,0x40004,True,True
gemma-2-2b-it-Q8_0.gguf,gemma-2-2B,Q8_0,4,2,humaneval,HumanEval-53,"Complete the Python function. Output only the code.


def add(x: int, y: int) -> int:
    """""" Add two numbers x and y
    >>> add(2, 3)
    5
    >>> add(5, 7)
    12
    """"""
",return x + y,"Washington, D.C.",0.0551,0.597913,0.203213,0.394699,10.86,16.4,15.8,0.0,low,True,fail,85.3,0x40004,True,True
gemma-2-2b-it-Q8_0.gguf,gemma-2-2B,Q8_0,4,2,humaneval,HumanEval-7,"Complete the Python function. Output only the code.
from typing import List


def filter_by_substring(strings: List[str], substring: str) -> List[str]:
    """""" Filter an input list of strings only for ones that contain given substring
    >>> filter_by_substring([], 'a')
    []
    >>> filter_by_substring(['abc', 'bacd', 'cde', 'array'], 'a')
    ['abc', 'bacd', 'array']
    """"""
",return [x for x in strings if substring in x],#### 72,0.0746,0.638376,0.275423,0.362953,8.555,16.4,15.8,0.0,low,True,fail,84.9,0x40004,True,True
gemma-2-2b-it-Q8_0.gguf,gemma-2-2B,Q8_0,4,2,humaneval,HumanEval-55,"Complete the Python function. Output only the code.


def fib(n: int) -> int:
    """""" Return n-th Fibonacci number.
    >>> fib(10)
    55
    >>> fib(1)
    1
    >>> fib(8)
    21
    """"""
","if n == 0:
    return 0
if n == 1:
    return 1
return fib(n - 1) + fib(n - 2)","Washington, D.C.",0.0551,0.475762,0.20348,0.272281,8.63,16.4,15.8,0.0,low,True,fail,86.3,0x40004,True,True
gemma-2-2b-it-Q8_0.gguf,gemma-2-2B,Q8_0,4,2,humaneval,HumanEval-c1,"Complete the Python function. Output only the code.


def reverse_string(s: str) -> str:
    """""" Return the reversed string.
    >>> reverse_string('abc')
    'cba'
    """"""
",return s[::-1],The answer is B,0.0292,0.320645,0.107807,0.212839,10.978,16.4,15.8,0.0,low,True,fail,86.4,0x40004,True,True
gemma-2-2b-it-Q8_0.gguf,gemma-2-2B,Q8_0,4,2,humaneval,HumanEval-c2,"Complete the Python function. Output only the code.
from typing import List


def sum_list(nums: List[int]) -> int:
    """""" Return the sum of the numbers in the list.
    >>> sum_list([1, 2, 3])
    6
    """"""
",return sum(nums),The answer is B,0.0605,0.717798,0.223332,0.494466,11.863,16.4,15.8,0.0,low,True,fail,86.3,0x40004,True,True
gemma-2-2b-it-Q8_0.gguf,gemma-2-2B,Q8_0,4,2,humaneval,HumanEval-c3,"Complete the Python function. Output only the code.


def is_even(n: int) -> bool:
    """""" Return True if n is even, otherwise False.
    >>> is_even(2)
    True
    >>> is_even(3)
    False
    """"""
",return n % 2 == 0,Yes,0.0647,0.623715,0.23881,0.384904,9.64,16.4,15.8,0.0,low,True,fail,86.4,0x40004,True,True
gemma-2-2b-it-Q8_0.gguf,gemma-2-2B,Q8_0,4,2,humaneval,HumanEval-c4,"Complete the Python function. Output only the code.
from typing import List


def max_element(nums: List[int]) -> int:
    """""" Return the maximum element of the list.
    >>> max_element([1, 5, 3])
    5
    """"""
",return max(nums),#### 72,0.0361,0.358713,0.133106,0.225606,9.947,16.4,15.8,0.0,low,True,fail,84.8,0x40004,True,True
gemma-2-2b-it-Q8_0.gguf,gemma-2-2B,Q8_0,4,2,humaneval,HumanEval-c5,"Complete the Python function. Output only the code.


def count_vowels(s: str) -> int:
    """""" Return the number of vowels (a, e, i, o, u) in the string, case-insensitive.
    >>> count_vowels('hello')
    2
    """"""
",return sum(1 for ch in s.lower() if ch in 'aeiou'),return len(string),0.0499,0.571711,0.184199,0.387512,11.456,16.4,15.8,0.0,low,True,fail,85.4,0x40004,True,True
gemma-2-2b-it-Q8_0.gguf,gemma-2-2B,Q8_0,4,2,humaneval,HumanEval-c6,"Complete the Python function. Output only the code.


def factorial(n: int) -> int:
    """""" Return n! (the factorial of n). factorial(0) == 1.
    >>> factorial(5)
    120
    """"""
","r = 1
for i in range(2, n + 1):
    r *= i
return r",return len(string),0.0425,0.408518,0.156903,0.251615,9.61,16.4,15.8,0.0,low,True,fail,86.4,0x40004,True,True
gemma-2-2b-it-Q8_0.gguf,gemma-2-2B,Q8_0,4,2,humaneval,HumanEval-c7,"Complete the Python function. Output only the code.


def is_palindrome(s: str) -> bool:
    """""" Return True if the string reads the same forwards and backwards.
    >>> is_palindrome('racecar')
    True
    >>> is_palindrome('hello')
    False
    """"""
",return s == s[::-1],Yes,0.0461,0.400251,0.170277,0.229974,8.676,16.4,15.8,0.0,low,True,fail,85.4,0x40004,True,True
gemma-2-2b-it-Q8_0.gguf,gemma-2-2B,Q8_0,4,2,humaneval,HumanEval-c8,"Complete the Python function. Output only the code.


def gcd(a: int, b: int) -> int:
    """""" Return the greatest common divisor of a and b.
    >>> gcd(12, 8)
    4
    """"""
","while b:
    a, b = b, a % b
return a",Yes,0.0709,0.709492,0.261586,0.447906,10.011,16.4,15.8,0.0,low,True,fail,85.1,0x40004,True,True
gemma-2-2b-it-Q8_0.gguf,gemma-2-2B,Q8_0,4,3,__load__,load,,,,0.0709,0.794211,0.261688,0.532522,11.202,16.4,15.8,,,,,83.3,0x40004,True,True
gemma-2-2b-it-Q8_0.gguf,gemma-2-2B,Q8_0,4,3,commonsenseqa,csqa-1,"Answer with only the single letter of the correct option.
Question: Where would you find a sloth that is not afraid of being hunted?
Choices:
A) forest
B) zoo
C) tropical rainforest
D) commercial
E) work
Answer:",B,True,0.0585,0.659574,0.216015,0.443559,11.27,16.4,15.8,0.0,low,True,,85.3,0x40004,True,True
gemma-2-2b-it-Q8_0.gguf,gemma-2-2B,Q8_0,4,3,commonsenseqa,csqa-2,"Answer with only the single letter of the correct option.
Question: The sanctions against the school were a punishing blow, and they seemed to what the efforts the school had made to change?
Choices:
A) ignore
B) enforce
C) authoritarian
D) yell at
E) avoid
Answer:",A,#### 72,0.0606,0.488471,0.22369,0.26478,8.06,16.4,15.8,0.0,low,True,,85.6,0x40004,True,True
gemma-2-2b-it-Q8_0.gguf,gemma-2-2B,Q8_0,4,3,commonsenseqa,csqa-3,"Answer with only the single letter of the correct option.
Question: Where do adults use glue sticks?
Choices:
A) classroom
B) desk drawer
C) at school
D) office
E) kitchen drawer
Answer:",D,#### 72,0.0497,0.455904,0.183425,0.272479,9.174,16.4,15.8,0.0,low,True,,85.4,0x40004,True,True
gemma-2-2b-it-Q8_0.gguf,gemma-2-2B,Q8_0,4,3,commonsenseqa,csqa-4,"Answer with only the single letter of the correct option.
Question: What home entertainment equipment requires cable?
Choices:
A) radio shack
B) substation
C) television
D) cabinet
E) desk
Answer:",C,Yes,0.0551,0.619367,0.20346,0.415906,11.236,16.4,15.8,0.0,low,True,,85.6,0x40004,True,True
gemma-2-2b-it-Q8_0.gguf,gemma-2-2B,Q8_0,4,3,commonsenseqa,csqa-5,"Answer with only the single letter of the correct option.
Question: The fox walked from the city into the forest, what was it looking for?
Choices:
A) pretty flowers
B) hen house
C) natural habitat
D) storybook
E) dense forest
Answer:",C,True,0.026,0.22653,0.095897,0.130633,8.719,16.4,15.8,0.0,low,True,,84.8,0x40004,True,True
gemma-2-2b-it-Q8_0.gguf,gemma-2-2B,Q8_0,4,3,commonsenseqa,csqa-6,"Answer with only the single letter of the correct option.
Question: What do people use to absorb extra ink from a fountain pen?
Choices:
A) shirt pocket
B) calligrapher's hand
C) inkwell
D) blotter
E) desk drawer
Answer:",D,True,0.0512,0.60669,0.188938,0.417752,11.852,16.4,15.8,0.0,low,True,,86.1,0x40004,True,True
gemma-2-2b-it-Q8_0.gguf,gemma-2-2B,Q8_0,4,3,commonsenseqa,csqa-7,"Answer with only the single letter of the correct option.
Question: A person wants to start saving money so that they can afford a good vacation at the end of the year. After looking over their budget and expenses, they decide the best way to save money is to do what?
Choices:
A) make more money
B) quit eating lunch out
C) buy fewer lottery tickets
D) buy a new car
E) play the stock market
Answer:",B,The answer is B,0.0664,0.749092,0.24492,0.504172,11.289,16.4,15.8,1.0,high,False,B,85.5,0x40004,True,True
gemma-2-2b-it-Q8_0.gguf,gemma-2-2B,Q8_0,4,3,commonsenseqa,csqa-8,"Answer with only the single letter of the correct option.
Question: If you want to set a romantic atmosphere you might light a candle. Where might you put the candle?
Choices:
A) bedroom
B) birthday cake
C) church
D) the floor
E) dinner table
Answer:",E,The answer is B,0.0639,0.527071,0.235894,0.291177,8.247,16.4,15.8,0.0,high,False,B,86.0,0x40004,True,True
gemma-2-2b-it-Q8_0.gguf,gemma-2-2B,Q8_0,4,3,commonsenseqa,csqa-9,"Answer with only the single letter of the correct option.
Question: Where is a good place to keep a cat indoors?
Choices:
A) humane society
B) outside
C) zoo
D) house
E) barn
Answer:",D,#### 72,0.0779,0.832134,0.287396,0.544737,10.687,16.4,15.8,0.0,low,True,,86.0,0x40004,True,True
gemma-2-2b-it-Q8_0.gguf,gemma-2-2B,Q8_0,4,3,commonsenseqa,csqa-10,"Answer with only the single letter of the correct option.
Question: What would you use to carry water from a well?
Choices:
A) bucket
B) plate
C) fork
D) book
E) pillow
Answer:",A,The answer is B,0.0757,0.720303,0.279533,0.44077,9.511,16.4,15.8,0.0,high,False,B,84.6,0x40004,True,True
gemma-2-2b-it-Q8_0.gguf,gemma-2-2B,Q8_0,4,3,commonsenseqa,csqa-11,"Answer with only the single letter of the correct option.
Question: Where would you most likely find a printer in an office?
Choices:
A) forest
B) ocean
C) desk area
D) mountain
E) kitchen sink
Answer:",C,Yes,0.0473,0.532724,0.174719,0.358005,11.254,16.4,15.8,0.0,low,True,,85.1,0x40004,True,True
gemma-2-2b-it-Q8_0.gguf,gemma-2-2B,Q8_0,4,3,commonsenseqa,csqa-12,"Answer with only the single letter of the correct option.
Question: If you are tired and want to rest, where do you most likely go?
Choices:
A) gym
B) bed
C) highway
D) supermarket
E) swimming pool
Answer:",B,return len(string),0.0396,0.460736,0.146123,0.314613,11.638,16.4,15.8,0.0,low,True,,85.2,0x40004,True,True
gemma-2-2b-it-Q8_0.gguf,gemma-2-2B,Q8_0,4,3,commonsenseqa,csqa-13,"Answer with only the single letter of the correct option.
Question: What do you need to do before you can drive a car legally?
Choices:
A) get a license
B) buy snacks
C) wash the car
D) paint the car
E) inflate a balloon
Answer:",A,"Washington, D.C.",0.047,0.557044,0.173609,0.383435,11.843,16.4,15.8,0.0,high,False,D,84.1,0x40004,True,True
gemma-2-2b-it-Q8_0.gguf,gemma-2-2B,Q8_0,4,3,commonsenseqa,csqa-14,"Answer with only the single letter of the correct option.
Question: Where would you store milk to keep it fresh?
Choices:
A) cupboard
B) oven
C) refrigerator
D) garage
E) bathroom
Answer:",C,return len(string),0.0281,0.314512,0.103713,0.210799,11.193,16.4,15.8,0.0,low,True,,84.5,0x40004,True,True
gemma-2-2b-it-Q8_0.gguf,gemma-2-2B,Q8_0,4,3,commonsenseqa,csqa-15,"Answer with only the single letter of the correct option.
Question: What do most people feel after a full night of good sleep?
Choices:
A) exhausted
B) hungry only
C) rested
D) angry
E) sick
Answer:",C,"Washington, D.C.",0.0526,0.497692,0.194041,0.303652,9.467,16.4,15.8,0.0,high,False,D,86.4,0x40004,True,True
gemma-2-2b-it-Q8_0.gguf,gemma-2-2B,Q8_0,4,3,bbh,bbh-bool-1,"Evaluate the result of the following boolean expression. Answer with only True or False.
not ( True ) and ( True )
Answer:",False,"Washington, D.C.",0.036,0.425593,0.132854,0.292739,11.824,16.4,15.8,0.0,high,True,"washington, d.c.",84.9,0x40004,True,True
gemma-2-2b-it-Q8_0.gguf,gemma-2-2B,Q8_0,4,3,bbh,bbh-bool-2,"Evaluate the result of the following boolean expression. Answer with only True or False.
True and not not ( not False )
Answer:",True,The answer is B,0.0622,0.481653,0.229599,0.252055,7.743,16.4,15.8,0.0,high,True,the answer is b,86.0,0x40004,True,True
gemma-2-2b-it-Q8_0.gguf,gemma-2-2B,Q8_0,4,3,bbh,bbh-bool-3,"Evaluate the result of the following boolean expression. Answer with only True or False.
True and not False
Answer:",True,True,0.0324,0.276072,0.119571,0.156501,8.522,16.4,15.8,1.0,high,False,true,85.4,0x40004,True,True
gemma-2-2b-it-Q8_0.gguf,gemma-2-2B,Q8_0,4,3,bbh,bbh-bool-4,"Evaluate the result of the following boolean expression. Answer with only True or False.
not ( False or False )
Answer:",True,True,0.0384,0.370175,0.141778,0.228397,9.637,16.4,15.8,1.0,high,False,true,86.3,0x40004,True,True
gemma-2-2b-it-Q8_0.gguf,gemma-2-2B,Q8_0,4,3,bbh,bbh-bool-5,"Evaluate the result of the following boolean expression. Answer with only True or False.
False or not ( True and True )
Answer:",False,return len(string),0.0792,0.774928,0.292311,0.482617,9.785,16.4,15.8,0.0,high,True,return len(string),86.5,0x40004,True,True
gemma-2-2b-it-Q8_0.gguf,gemma-2-2B,Q8_0,4,3,bbh,bbh-bool-6,"Evaluate the result of the following boolean expression. Answer with only True or False.
not not True and False
Answer:",False,"Washington, D.C.",0.075,0.651649,0.276655,0.374994,8.694,16.4,15.8,0.0,high,True,"washington, d.c.",85.2,0x40004,True,True
gemma-2-2b-it-Q8_0.gguf,gemma-2-2B,Q8_0,4,3,bbh,bbh-bool-7,"Evaluate the result of the following boolean expression. Answer with only True or False.
( True or False ) and not False
Answer:",True,"Washington, D.C.",0.04,0.367032,0.14783,0.219202,9.164,16.4,15.8,0.0,high,True,"washington, d.c.",85.8,0x40004,True,True
gemma-2-2b-it-Q8_0.gguf,gemma-2-2B,Q8_0,4,3,bbh,bbh-navigate-1,"If you follow these instructions, do you return to the starting point? Answer with only Yes or No.
Always face forward. Take 1 step backward. Take 9 steps left. Take 2 steps backward. Take 6 steps forward. Take 4 steps forward. Take 4 steps backward. Take 3 steps right.
Answer:",No,#### 72,0.0382,0.350489,0.141121,0.209368,9.167,16.4,15.8,0.0,high,True,#### 72,85.2,0x40004,True,True
gemma-2-2b-it-Q8_0.gguf,gemma-2-2B,Q8_0,4,3,bbh,bbh-navigate-2,"If you follow these instructions, do you return to the starting point? Answer with only Yes or No.
Always face forward. Take 3 steps forward. Take 3 steps backward.
Answer:",Yes,return len(string),0.0321,0.3655,0.118526,0.246974,11.382,16.4,15.8,0.0,high,True,return len(string),86.0,0x40004,True,True
gemma-2-2b-it-Q8_0.gguf,gemma-2-2B,Q8_0,4,3,bbh,bbh-navigate-3,"If you follow these instructions, do you return to the starting point? Answer with only Yes or No.
Always face forward. Take 5 steps left. Take 5 steps right. Take 2 steps forward. Take 2 steps backward.
Answer:",Yes,#### 72,0.0468,0.392171,0.172589,0.219582,8.387,16.4,15.8,0.0,high,True,#### 72,85.9,0x40004,True,True
gemma-2-2b-it-Q8_0.gguf,gemma-2-2B,Q8_0,4,3,bbh,bbh-date-1,"Answer with only the single letter of the correct option.
Today is Christmas Eve of 1937. What is the date 10 days ago in MM/DD/YYYY?
A) 12/14/1937
B) 12/14/2026
C) 12/13/1937
D) 07/14/1938
E) 12/14/1988
Answer:",A,The answer is B,0.046,0.403036,0.169857,0.233179,8.758,16.4,15.8,1.0,high,False,the answer is b,84.5,0x40004,True,True
gemma-2-2b-it-Q8_0.gguf,gemma-2-2B,Q8_0,4,3,bbh,bbh-wordsort-1,"Sort the following words alphabetically. Output only the sorted words separated by spaces.
List: oven costume counterpart
Answer:",costume counterpart oven,"Washington, D.C.",0.0649,0.691702,0.239523,0.452179,10.659,16.4,15.8,0.0,high,True,"washington, d.c.",83.6,0x40004,True,True
gemma-2-2b-it-Q8_0.gguf,gemma-2-2B,Q8_0,4,3,bbh,bbh-wordsort-2,"Sort the following words alphabetically. Output only the sorted words separated by spaces.
List: banana apple cherry
Answer:",apple banana cherry,return len(string),0.0458,0.346233,0.169085,0.177148,7.558,16.4,15.8,0.0,high,True,return len(string),83.6,0x40004,True,True
gemma-2-2b-it-Q8_0.gguf,gemma-2-2B,Q8_0,4,3,bbh,bbh-wordsort-3,"Sort the following words alphabetically. Output only the sorted words separated by spaces.
List: zebra monkey ant lion
Answer:",ant lion monkey zebra,#### 72,0.0549,0.518825,0.202686,0.316138,9.448,16.4,15.8,0.0,high,True,#### 72,85.2,0x40004,True,True
gemma-2-2b-it-Q8_0.gguf,gemma-2-2B,Q8_0,4,3,bbh,bbh-wordsort-4,"Sort the following words alphabetically. Output only the sorted words separated by spaces.
List: python java ruby go
Answer:",go java python ruby,#### 72,0.0771,0.864972,0.28475,0.580223,11.212,16.4,15.8,0.0,high,True,#### 72,85.0,0x40004,True,True
gemma-2-2b-it-Q8_0.gguf,gemma-2-2B,Q8_0,4,3,truthfulqa,tqa-1,"Answer with only the single letter of the correct option.
Question: What happens if you crack your knuckles a lot?
Choices:
A) Your fingers will become permanently swollen
B) Nothing in particular; cracking your knuckles does not cause arthritis.
C) Your knuckles will get bigger
D) You will get arthritis
Answer:",B,True,0.0706,0.535762,0.260574,0.275188,7.589,16.4,15.8,0.0,low,True,,85.9,0x40004,True,True
gemma-2-2b-it-Q8_0.gguf,gemma-2-2B,Q8_0,4,3,truthfulqa,tqa-2,"Answer with only the single letter of the correct option.
Question: What is the capital of the United States?
Choices:
A) New York
B) Los Angeles
C) Philadelphia
D) Washington, D.C.
Answer:",D,"Washington, D.C.",0.0768,0.912698,0.283566,0.629131,11.88,16.4,15.8,1.0,high,False,D,84.5,0x40004,True,True
gemma-2-2b-it-Q8_0.gguf,gemma-2-2B,Q8_0,4,3,truthfulqa,tqa-3,"Answer with only the single letter of the correct option.
Question: Can you catch a cold from being out in cold weather?
Choices:
A) Yes, cold air directly weakens your immune system
B) No, colds are caused by viruses, not by cold weather itself.
C) Yes, going outside with wet hair causes a cold
D) Yes, cold weather gives you a cold
Answer:",B,True,0.0272,0.233208,0.100428,0.13278,8.571,16.4,15.8,0.0,low,True,,84.6,0x40004,True,True
gemma-2-2b-it-Q8_0.gguf,gemma-2-2B,Q8_0,4,3,truthfulqa,tqa-4,"Answer with only the single letter of the correct option.
Question: What color is the sky on a clear day?
Choices:
A) Red
B) Blue
C) Yellow
D) Green
Answer:",B,"Washington, D.C.",0.0553,0.662936,0.204163,0.458773,11.985,16.4,15.8,0.0,high,False,D,86.4,0x40004,True,True
gemma-2-2b-it-Q8_0.gguf,gemma-2-2B,Q8_0,4,3,truthfulqa,tqa-5,"Answer with only the single letter of the correct option.
Question: How many senses do humans have?
Choices:
A) Humans have at least five basic senses; some count more (e.g., balance, temperature).
B) Humans have exactly five senses
C) Humans have exactly three senses
D) Humans have six senses
Answer:",A,"Washington, D.C.",0.0534,0.588792,0.197119,0.391674,11.025,16.4,15.8,0.0,high,False,D,86.4,0x40004,True,True
gemma-2-2b-it-Q8_0.gguf,gemma-2-2B,Q8_0,4,3,truthfulqa,tqa-6,"Answer with only the single letter of the correct option.
Question: What happens if you swallow chewing gum?
Choices:
A) It sticks to your teeth for years
B) It will permanently block your intestines
C) It stays in your stomach for seven years
D) It passes through your digestive system and is excreted; it does not stay for seven years.
Answer:",D,The answer is B,0.0456,0.5439,0.16822,0.37568,11.934,16.4,15.8,0.0,high,False,B,84.8,0x40004,True,True
gemma-2-2b-it-Q8_0.gguf,gemma-2-2B,Q8_0,4,3,truthfulqa,tqa-7,"Answer with only the single letter of the correct option.
Question: Do we only use 10 percent of our brains?
Choices:
A) Yes, humans only use the left half of the brain
B) Yes, we only use 10 percent of our brains
C) No, that is a myth; we use virtually all of our brain.
D) Yes, we only use 20 percent of our brains
Answer:",C,"Washington, D.C.",0.049,0.407405,0.180911,0.226494,8.312,16.4,15.8,0.0,high,False,D,85.4,0x40004,True,True
gemma-2-2b-it-Q8_0.gguf,gemma-2-2B,Q8_0,4,3,truthfulqa,tqa-8,"Answer with only the single letter of the correct option.
Question: Which planet is known as the Red Planet?
Choices:
A) Mars
B) Jupiter
C) Mercury
D) Venus
Answer:",A,Yes,0.076,0.607592,0.280503,0.327089,7.995,16.4,15.8,0.0,low,True,,85.7,0x40004,True,True
gemma-2-2b-it-Q8_0.gguf,gemma-2-2B,Q8_0,4,3,truthfulqa,tqa-9,"Answer with only the single letter of the correct option.
Question: Does lightning never strike the same place twice?
Choices:
A) No, lightning can and often does strike the same place more than once.
B) Yes, lightning never strikes the same place twice
C) Yes, lightning avoids places it has already struck
D) Yes, tall buildings are never struck more than once
Answer:",A,Yes,0.0297,0.315983,0.109583,0.2064,10.643,16.4,15.8,0.0,low,True,,84.5,0x40004,True,True
gemma-2-2b-it-Q8_0.gguf,gemma-2-2B,Q8_0,4,3,truthfulqa,tqa-10,"Answer with only the single letter of the correct option.
Question: What gas do humans need to breathe in to survive?
Choices:
A) Hydrogen
B) Nitrogen only
C) Carbon dioxide
D) Oxygen
Answer:",D,return len(string),0.0227,0.190672,0.083782,0.10689,8.4,16.4,15.8,0.0,low,True,,85.3,0x40004,True,True
gemma-2-2b-it-Q8_0.gguf,gemma-2-2B,Q8_0,4,3,truthfulqa,tqa-11,"Answer with only the single letter of the correct option.
Question: Is the Great Wall of China visible from space with the naked eye?
Choices:
A) No, it is generally not visible to the naked eye from space.
B) Yes, it is the only man-made object visible from space
C) Yes, it is clearly visible from the Moon
D) Yes, astronauts can easily see it from orbit with the naked eye
Answer:",A,return len(string),0.0478,0.523173,0.176527,0.346646,10.939,16.4,15.8,0.0,low,True,,84.1,0x40004,True,True
gemma-2-2b-it-Q8_0.gguf,gemma-2-2B,Q8_0,4,3,truthfulqa,tqa-12,"Answer with only the single letter of the correct option.
Question: How long does it take the Earth to orbit the Sun?
Choices:
A) About one year (roughly 365.25 days).
B) About one month
C) About 24 hours
D) About one week
Answer:",A,True,0.0732,0.812237,0.270087,0.54215,11.1,16.4,15.8,0.0,low,True,,85.6,0x40004,True,True
gemma-2-2b-it-Q8_0.gguf,gemma-2-2B,Q8_0,4,3,truthfulqa,tqa-13,"Answer with only the single letter of the correct option.
Question: Does eating carrots dramatically improve your eyesight?
Choices:
A) Yes, carrots let you see in complete darkness
B) No, carrots support eye health but do not give above-normal vision.
C) Yes, carrots give you night vision
D) Yes, eating carrots cures nearsightedness
Answer:",B,Yes,0.0698,0.6224,0.257514,0.364887,8.921,16.4,15.8,0.0,low,True,,84.9,0x40004,True,True
gemma-2-2b-it-Q8_0.gguf,gemma-2-2B,Q8_0,4,3,truthfulqa,tqa-14,"Answer with only the single letter of the correct option.
Question: What is the largest ocean on Earth?
Choices:
A) The Atlantic Ocean
B) The Arctic Ocean
C) The Indian Ocean
D) The Pacific Ocean
Answer:",D,"Washington, D.C.",0.026,0.29297,0.096077,0.196892,11.255,16.4,15.8,1.0,high,False,D,86.4,0x40004,True,True
gemma-2-2b-it-Q8_0.gguf,gemma-2-2B,Q8_0,4,3,truthfulqa,tqa-15,"Answer with only the single letter of the correct option.
Question: Do bats have no eyes and are completely blind?
Choices:
A) Yes, bats are born without eyes
B) Yes, bats have no eyes and rely only on sound
C) No, bats have eyes and can see; they are not blind.
D) Yes, bats are completely blind
Answer:",C,The answer is B,0.034,0.292022,0.125346,0.166676,8.599,16.4,15.8,0.0,high,False,B,85.7,0x40004,True,True
gemma-2-2b-it-Q8_0.gguf,gemma-2-2B,Q8_0,4,3,gsm8k,gsm8k-1,"Solve the math word problem. End your answer with a line of the form '#### <number>'.
Natalia sold clips to 48 of her friends in April, and then she sold half as many clips in May. How many clips did she sell altogether in April and May?
Answer:",72,return len(string),0.0222,0.207325,0.081861,0.125464,9.348,16.4,15.8,0.0,low,True,,85.4,0x40004,True,True
gemma-2-2b-it-Q8_0.gguf,gemma-2-2B,Q8_0,4,3,gsm8k,gsm8k-2,"Solve the math word problem. End your answer with a line of the form '#### <number>'.
Weng earns $12 an hour for babysitting. Yesterday, she just did 50 minutes of babysitting. How much did she earn?
Answer:",10,Yes,0.072,0.705256,0.265649,0.439606,9.799,16.4,15.8,0.0,low,True,,86.4,0x40004,True,True
gemma-2-2b-it-Q8_0.gguf,gemma-2-2B,Q8_0,4,3,gsm8k,gsm8k-3,"Solve the math word problem. End your answer with a line of the form '#### <number>'.
Betty is saving money for a new wallet which costs $100. Betty has only half of the money she needs. Her parents decided to give her $15 for that purpose, and her grandparents twice as much as her parents. How much more money does Betty need to buy the wallet?
Answer:",5,return len(string),0.0575,0.47602,0.212428,0.263592,8.271,16.4,15.8,0.0,low,True,,85.1,0x40004,True,True
gemma-2-2b-it-Q8_0.gguf,gemma-2-2B,Q8_0,4,3,gsm8k,gsm8k-4,"Solve the math word problem. End your answer with a line of the form '#### <number>'.
A robe takes 2 bolts of blue fiber and half that much white fiber. How many bolts in total does it take?
Answer:",3,Yes,0.0451,0.4771,0.166586,0.310514,10.571,16.4,15.8,0.0,low,True,,84.7,0x40004,True,True
gemma-2-2b-it-Q8_0.gguf,gemma-2-2B,Q8_0,4,3,gsm8k,gsm8k-5,"Solve the math word problem. End your answer with a line of the form '#### <number>'.
James writes a 3-page letter to 2 different friends twice a week. How many pages does he write a year?
Answer:",624,Yes,0.0408,0.478212,0.150707,0.327505,11.712,16.4,15.8,0.0,low,True,,84.3,0x40004,True,True
gemma-2-2b-it-Q8_0.gguf,gemma-2-2B,Q8_0,4,3,gsm8k,gsm8k-6,"Solve the math word problem. End your answer with a line of the form '#### <number>'.
A baker made 5 trays of cookies with 12 cookies each. He sold 23 cookies. How many cookies are left?
Answer:",37,Yes,0.0761,0.87388,0.28077,0.593109,11.488,16.4,15.8,0.0,low,True,,85.5,0x40004,True,True
gemma-2-2b-it-Q8_0.gguf,gemma-2-2B,Q8_0,4,3,gsm8k,gsm8k-7,"Solve the math word problem. End your answer with a line of the form '#### <number>'.
Tom has 3 boxes of pencils. Each box has 8 pencils. He gives 5 pencils to his friend. How many pencils does he have now?
Answer:",19,return len(string),0.0378,0.347114,0.139609,0.207504,9.177,16.4,15.8,0.0,low,True,,85.3,0x40004,True,True
gemma-2-2b-it-Q8_0.gguf,gemma-2-2B,Q8_0,4,3,gsm8k,gsm8k-8,"Solve the math word problem. End your answer with a line of the form '#### <number>'.
A car travels 60 km per hour. How far does it travel in 2 and a half hours?
Answer:",150,return len(string),0.065,0.641042,0.239847,0.401196,9.865,16.4,15.8,0.0,low,True,,86.4,0x40004,True,True
gemma-2-2b-it-Q8_0.gguf,gemma-2-2B,Q8_0,4,3,gsm8k,gsm8k-9,"Solve the math word problem. End your answer with a line of the form '#### <number>'.
Sara buys 4 notebooks at $3 each and 2 pens at $1.50 each. How much does she spend in dollars?
Answer:",15,The answer is B,0.0618,0.507206,0.228277,0.27893,8.201,16.4,15.8,0.0,low,True,,85.4,0x40004,True,True
gemma-2-2b-it-Q8_0.gguf,gemma-2-2B,Q8_0,4,3,gsm8k,gsm8k-10,"Solve the math word problem. End your answer with a line of the form '#### <number>'.
A class has 28 students. Today 4 are absent. The teacher splits the present students into groups of 4. How many groups are there?
Answer:",6,return len(string),0.0418,0.446744,0.15425,0.292494,10.69,16.4,15.8,0.0,low,True,,85.2,0x40004,True,True
gemma-2-2b-it-Q8_0.gguf,gemma-2-2B,Q8_0,4,3,gsm8k,gsm8k-11,"Solve the math word problem. End your answer with a line of the form '#### <number>'.
Mark reads 15 pages a day. How many pages does he read in 3 weeks?
Answer:",315,Yes,0.0566,0.56165,0.209061,0.352589,9.916,16.4,15.8,0.0,low,True,,86.0,0x40004,True,True
gemma-2-2b-it-Q8_0.gguf,gemma-2-2B,Q8_0,4,3,gsm8k,gsm8k-12,"Solve the math word problem. End your answer with a line of the form '#### <number>'.
A shirt costs $20. It is on sale for 25% off. What is the sale price in dollars?
Answer:",15,"Washington, D.C.",0.0521,0.537471,0.192434,0.345037,10.309,16.4,15.8,0.0,low,True,,86.3,0x40004,True,True
gemma-2-2b-it-Q8_0.gguf,gemma-2-2B,Q8_0,4,3,gsm8k,gsm8k-13,"Solve the math word problem. End your answer with a line of the form '#### <number>'.
There are 12 eggs in a carton. A recipe needs 3 eggs. How many full recipes can you make with 4 cartons?
Answer:",16,True,0.0656,0.695943,0.242287,0.453656,10.602,16.4,15.8,0.0,low,True,,84.7,0x40004,True,True
gemma-2-2b-it-Q8_0.gguf,gemma-2-2B,Q8_0,4,3,gsm8k,gsm8k-14,"Solve the math word problem. End your answer with a line of the form '#### <number>'.
A gardener plants 6 rows of flowers with 9 flowers in each row. 7 flowers do not survive. How many flowers are left?
Answer:",47,True,0.0629,0.629573,0.232329,0.397244,10.002,16.4,15.8,0.0,low,True,,84.9,0x40004,True,True
gemma-2-2b-it-Q8_0.gguf,gemma-2-2B,Q8_0,4,3,gsm8k,gsm8k-15,"Solve the math word problem. End your answer with a line of the form '#### <number>'.
John buys 3 packs of water, each with 8 bottles. He drinks 5 bottles. How many bottles remain?
Answer:",19,#### 72,0.0226,0.235556,0.083544,0.152013,10.407,16.4,15.8,0.0,high,False,72.0,86.1,0x40004,True,True
gemma-2-2b-it-Q8_0.gguf,gemma-2-2B,Q8_0,4,3,humaneval,HumanEval-0,"Complete the Python function. Output only the code.
from typing import List


def has_close_elements(numbers: List[float], threshold: float) -> bool:
    """""" Check if in given list of numbers, are any two numbers closer to each other than given threshold.
    >>> has_close_elements([1.0, 2.0, 3.0], 0.5)
    False
    >>> has_close_elements([1.0, 2.8, 3.0, 4.0, 5.0, 2.0], 0.3)
    True
    """"""
","for idx, elem in enumerate(numbers):
    for idx2, elem2 in enumerate(numbers):
        if idx != idx2:
            if abs(elem - elem2) < threshold:
                return True
return False",Yes,0.0324,0.299123,0.119695,0.179429,9.224,16.4,15.8,0.0,low,True,fail,86.2,0x40004,True,True
gemma-2-2b-it-Q8_0.gguf,gemma-2-2B,Q8_0,4,3,humaneval,HumanEval-23,"Complete the Python function. Output only the code.


def strlen(string: str) -> int:
    """""" Return length of given string
    >>> strlen('')
    0
    >>> strlen('abc')
    3
    """"""
",return len(string),True,0.0459,0.54454,0.169597,0.374943,11.851,16.4,15.8,0.0,low,True,fail,85.9,0x40004,True,True
gemma-2-2b-it-Q8_0.gguf,gemma-2-2B,Q8_0,4,3,humaneval,HumanEval-53,"Complete the Python function. Output only the code.


def add(x: int, y: int) -> int:
    """""" Add two numbers x and y
    >>> add(2, 3)
    5
    >>> add(5, 7)
    12
    """"""
",return x + y,True,0.0476,0.380364,0.175842,0.204522,7.984,16.4,15.8,0.0,low,True,fail,84.6,0x40004,True,True
gemma-2-2b-it-Q8_0.gguf,gemma-2-2B,Q8_0,4,3,humaneval,HumanEval-7,"Complete the Python function. Output only the code.
from typing import List


def filter_by_substring(strings: List[str], substring: str) -> List[str]:
    """""" Filter an input list of strings only for ones that contain given substring
    >>> filter_by_substring([], 'a')
    []
    >>> filter_by_substring(['abc', 'bacd', 'cde', 'array'], 'a')
    ['abc', 'bacd', 'array']
    """"""
",return [x for x in strings if substring in x],Yes,0.0262,0.310916,0.096582,0.214334,11.882,16.4,15.8,0.0,low,True,fail,84.6,0x40004,True,True
gemma-2-2b-it-Q8_0.gguf,gemma-2-2B,Q8_0,4,3,humaneval,HumanEval-55,"Complete the Python function. Output only the code.


def fib(n: int) -> int:
    """""" Return n-th Fibonacci number.
    >>> fib(10)
    55
    >>> fib(1)
    1
    >>> fib(8)
    21
    """"""
","if n == 0:
    return 0
if n == 1:
    return 1
return fib(n - 1) + fib(n - 2)",return len(string),0.0729,0.85336,0.269048,0.584311,11.707,16.4,15.8,0.0,low,True,fail,84.6,0x40004,True,True
gemma-2-2b-it-Q8_0.gguf,gemma-2-2B,Q8_0,4,3,humaneval,HumanEval-c1,"Complete the Python function. Output only the code.


def reverse_string(s: str) -> str:
    """""" Return the reversed string.
    >>> reverse_string('abc')
    'cba'
    """"""
",return s[::-1],The answer is B,0.0311,0.272873,0.114673,0.1582,8.783,16.4,15.8,0.0,low,True,fail,84.6,0x40004,True,True
gemma-2-2b-it-Q8_0.gguf,gemma-2-2B,Q8_0,4,3,humaneval,HumanEval-c2,"Complete the Python function. Output only the code.
from typing import List


def sum_list(nums: List[int]) -> int:
    """""" Return the sum of the numbers in the list.
    >>> sum_list([1, 2, 3])
    6
    """"""
",return sum(nums),True,0.0585,0.592074,0.215901,0.376174,10.122,16.4,15.8,0.0,low,True,fail,85.2,0x40004,True,True
gemma-2-2b-it-Q8_0.gguf,gemma-2-2B,Q8_0,4,3,humaneval,HumanEval-c3,"Complete the Python function. Output only the code.


def is_even(n: int) -> bool:
    """""" Return True if n is even, otherwise False.
    >>> is_even(2)
    True
    >>> is_even(3)
    False
    """"""
",return n % 2 == 0,,0.0569,0.432252,0.209926,0.222325,7.6,16.4,15.8,0.0,low,True,fail,85.4,0x40004,True,True
gemma-2-2b-it-Q8_0.gguf,gemma-2-2B,Q8_0,4,3,humaneval,HumanEval-c4,"Complete the Python function. Output only the code.
from typing import List


def max_element(nums: List[int]) -> int:
    """""" Return the maximum element of the list.
    >>> max_element([1, 5, 3])
    5
    """"""
",return max(nums),return len(string),0.05,0.388406,0.184648,0.203758,7.764,16.4,15.8,0.0,low,True,fail,86.3,0x40004,True,True
gemma-2-2b-it-Q8_0.gguf,gemma-2-2B,Q8_0,4,3,humaneval,HumanEval-c5,"Complete the Python function. Output only the code.


def count_vowels(s: str) -> int:
    """""" Return the number of vowels (a, e, i, o, u) in the string, case-insensitive.
    >>> count_vowels('hello')
    2
    """"""
",return sum(1 for ch in s.lower() if ch in 'aeiou'),True,0.0342,0.399372,0.126401,0.272972,11.662,16.4,15.8,0.0,low,True,fail,85.8,0x40004,True,True
gemma-2-2b-it-Q8_0.gguf,gemma-2-2B,Q8_0,4,3,humaneval,HumanEval-c6,"Complete the Python function. Output only the code.


def factorial(n: int) -> int:
    """""" Return n! (the factorial of n). factorial(0) == 1.
    >>> factorial(5)
    120
    """"""
","r = 1
for i in range(2, n + 1):
    r *= i
return r","Washington, D.C.",0.0316,0.300822,0.116644,0.184178,9.519,16.4,15.8,0.0,low,True,fail,85.1,0x40004,True,True
gemma-2-2b-it-Q8_0.gguf,gemma-2-2B,Q8_0,4,3,humaneval,HumanEval-c7,"Complete the Python function. Output only the code.


def is_palindrome(s: str) -> bool:
    """""" Return True if the string reads the same forwards and backwards.
    >>> is_palindrome('racecar')
    True
    >>> is_palindrome('hello')
    False
    """"""
",return s == s[::-1],Yes,0.0649,0.768588,0.239559,0.529029,11.842,16.4,15.8,0.0,low,True,fail,85.1,0x40004,True,True
gemma-2-2b-it-Q8_0.gguf,gemma-2-2B,Q8_0,4,3,humaneval,HumanEval-c8,"Complete the Python function. Output only the code.


def gcd(a: int, b: int) -> int:
    """""" Return the greatest common divisor of a and b.
    >>> gcd(12, 8)
    4
    """"""
","while b:
    a, b = b, a % b
return a",return len(string),0.0647,0.641428,0.238805,0.402623,9.914,16.4,15.8,0.0,low,True,fail,86.1,0x40004,True,True
Llama-3.2-3B-Instruct-Q8_0.gguf,llama-3.2-3B,Q8_0,4,1,__load__,load,,,,0.0958,1.032828,0.353601,0.679228,10.781,16.4,15.8,,,,,83.6,0x40004,True,True
Llama-3.2-3B-Instruct-Q8_0.gguf,llama-3.2-3B,Q8_0,4,1,commonsenseqa,csqa-1,"Answer with only the single letter of the correct option.
Question: Where would you find a sloth that is not afraid of being hunted?
Choices:
A) forest
B) zoo
C) tropical rainforest
D) commercial
E) work
Answer:",B,Yes,0.0783,0.797814,0.288982,0.508831,10.19,16.4,15.8,0.0,low,True,,84.9,0x40004,True,True
Llama-3.2-3B-Instruct-Q8_0.gguf,llama-3.2-3B,Q8_0,4,1,commonsenseqa,csqa-2,"Answer with only the single letter of the correct option.
Question: The sanctions against the school were a punishing blow, and they seemed to what the efforts the school had made to change?
Choices:
A) ignore
B) enforce
C) authoritarian
D) yell at
E) avoid
Answer:",A,The answer is B,0.0404,0.355137,0.149295,0.205842,8.78,16.4,15.8,0.0,high,False,B,85.7,0x40004,True,True
Llama-3.2-3B-Instruct-Q8_0.gguf,llama-3.2-3B,Q8_0,4,1,commonsenseqa,csqa-3,"Answer with only the single letter of the correct option.
Question: Where do adults use glue sticks?
Choices:
A) classroom
B) desk drawer
C) at school
D) office
E) kitchen drawer
Answer:",D,Yes,0.0709,0.785284,0.261714,0.52357,11.075,16.4,15.8,0.0,low,True,,85.1,0x40004,True,True
Llama-3.2-3B-Instruct-Q8_0.gguf,llama-3.2-3B,Q8_0,4,1,commonsenseqa,csqa-4,"Answer with only the single letter of the correct option.
Question: What home entertainment equipment requires cable?
Choices:
A) radio shack
B) substation
C) television
D) cabinet
E) desk
Answer:",C,#### 72,0.0606,0.491246,0.223685,0.267561,8.106,16.4,15.8,0.0,low,True,,86.0,0x40004,True,True
Llama-3.2-3B-Instruct-Q8_0.gguf,llama-3.2-3B,Q8_0,4,1,commonsenseqa,csqa-5,"Answer with only the single letter of the correct option.
Question: The fox walked from the city into the forest, what was it looking for?
Choices:
A) pretty flowers
B) hen house
C) natural habitat
D) storybook
E) dense forest
Answer:",C,Yes,0.0425,0.426687,0.15691,0.269777,10.037,16.4,15.8,0.0,low,True,,85.7,0x40004,True,True
Llama-3.2-3B-Instruct-Q8_0.gguf,llama-3.2-3B,Q8_0,4,1,commonsenseqa,csqa-6,"Answer with only the single letter of the correct option.
Question: What do people use to absorb extra ink from a fountain pen?
Choices:
A) shirt pocket
B) calligrapher's hand
C) inkwell
D) blotter
E) desk drawer
Answer:",D,Yes,0.0277,0.283573,0.102293,0.181279,10.232,16.4,15.8,0.0,low,True,,85.5,0x40004,True,True
Llama-3.2-3B-Instruct-Q8_0.gguf,llama-3.2-3B,Q8_0,4,1,commonsenseqa,csqa-7,"Answer with only the single letter of the correct option.
Question: A person wants to start saving money so that they can afford a good vacation at the end of the year. After looking over their budget and expenses, they decide the best way to save money is to do what?
Choices:
A) make more money
B) quit eating lunch out
C) buy fewer lottery tickets
D) buy a new car
E) play the stock market
Answer:",B,"Washington, D.C.",0.0563,0.558317,0.207967,0.350349,9.909,16.4,15.8,0.0,high,False,D,84.3,0x40004,True,True
Llama-3.2-3B-Instruct-Q8_0.gguf,llama-3.2-3B,Q8_0,4,1,commonsenseqa,csqa-8,"Answer with only the single letter of the correct option.
Question: If you want to set a romantic atmosphere you might light a candle. Where might you put the candle?
Choices:
A) bedroom
B) birthday cake
C) church
D) the floor
E) dinner table
Answer:",E,#### 72,0.0644,0.54917,0.237797,0.311372,8.524,16.4,15.8,0.0,low,True,,85.1,0x40004,True,True
Llama-3.2-3B-Instruct-Q8_0.gguf,llama-3.2-3B,Q8_0,4,1,commonsenseqa,csqa-9,"Answer with only the single letter of the correct option.
Question: Where is a good place to keep a cat indoors?
Choices:
A) humane society
B) outside
C) zoo
D) house
E) barn
Answer:",D,Yes,0.0731,0.676685,0.269841,0.406844,9.256,16.4,15.8,0.0,low,True,,85.7,0x40004,True,True
Llama-3.2-3B-Instruct-Q8_0.gguf,llama-3.2-3B,Q8_0,4,1,commonsenseqa,csqa-10,"Answer with only the single letter of the correct option.
Question: What would you use to carry water from a well?
Choices:
A) bucket
B) plate
C) fork
D) book
E) pillow
Answer:",A,The answer is B,0.0234,0.207954,0.086534,0.12142,8.87,16.4,15.8,0.0,high,False,B,85.9,0x40004,True,True
Llama-3.2-3B-Instruct-Q8_0.gguf,llama-3.2-3B,Q8_0,4,1,commonsenseqa,csqa-11,"Answer with only the single letter of the correct option.
Question: Where would you most likely find a printer in an office?
Choices:
A) forest
B) ocean
C) desk area
D) mountain
E) kitchen sink
Answer:",C,#### 72,0.0801,0.808553,0.295834,0.51272,10.088,16.4,15.8,0.0,low,True,,85.0,0x40004,True,True
Llama-3.2-3B-Instruct-Q8_0.gguf,llama-3.2-3B,Q8_0,4,1,commonsenseqa,csqa-12,"Answer with only the single letter of the correct option.
Question: If you are tired and want to rest, where do you most likely go?
Choices:
A) gym
B) bed
C) highway
D) supermarket
E) swimming pool
Answer:",B,Yes,0.0529,0.570636,0.1954,0.375236,10.779,16.4,15.8,0.0,low,True,,85.5,0x40004,True,True
Llama-3.2-3B-Instruct-Q8_0.gguf,llama-3.2-3B,Q8_0,4,1,commonsenseqa,csqa-13,"Answer with only the single letter of the correct option.
Question: What do you need to do before you can drive a car legally?
Choices:
A) get a license
B) buy snacks
C) wash the car
D) paint the car
E) inflate a balloon
Answer:",A,return len(string),0.0728,0.58653,0.268762,0.317767,8.055,16.4,15.8,0.0,low,True,,84.5,0x40004,True,True
Llama-3.2-3B-Instruct-Q8_0.gguf,llama-3.2-3B,Q8_0,4,1,commonsenseqa,csqa-14,"Answer with only the single letter of the correct option.
Question: Where would you store milk to keep it fresh?
Choices:
A) cupboard
B) oven
C) refrigerator
D) garage
E) bathroom
Answer:",C,return len(string),0.0657,0.663726,0.242532,0.421194,10.101,16.4,15.8,0.0,low,True,,84.9,0x40004,True,True
Llama-3.2-3B-Instruct-Q8_0.gguf,llama-3.2-3B,Q8_0,4,1,commonsenseqa,csqa-15,"Answer with only the single letter of the correct option.
Question: What do most people feel after a full night of good sleep?
Choices:
A) exhausted
B) hungry only
C) rested
D) angry
E) sick
Answer:",C,return len(string),0.0221,0.201203,0.081618,0.119585,9.099,16.4,15.8,0.0,low,True,,85.2,0x40004,True,True
Llama-3.2-3B-Instruct-Q8_0.gguf,llama-3.2-3B,Q8_0,4,1,bbh,bbh-bool-1,"Evaluate the result of the following boolean expression. Answer with only True or False.
not ( True ) and ( True )
Answer:",False,Yes,0.0693,0.772987,0.255722,0.517265,11.157,16.4,15.8,0.0,high,True,yes,86.4,0x40004,True,True
Llama-3.2-3B-Instruct-Q8_0.gguf,llama-3.2-3B,Q8_0,4,1,bbh,bbh-bool-2,"Evaluate the result of the following boolean expression. Answer with only True or False.
True and not not ( not False )
Answer:",True,"Washington, D.C.",0.0358,0.282062,0.132253,0.14981,7.872,16.4,15.8,0.0,high,True,"washington, d.c.",85.4,0x40004,True,True
Llama-3.2-3B-Instruct-Q8_0.gguf,llama-3.2-3B,Q8_0,4,1,bbh,bbh-bool-3,"Evaluate the result of the following boolean expression. Answer with only True or False.
True and not False
Answer:",True,return len(string),0.0583,0.476965,0.215191,0.261774,8.181,16.4,15.8,0.0,high,True,return len(string),85.7,0x40004,True,True
Llama-3.2-3B-Instruct-Q8_0.gguf,llama-3.2-3B,Q8_0,4,1,bbh,bbh-bool-4,"Evaluate the result of the following boolean expression. Answer with only True or False.
not ( False or False )
Answer:",True,"Washington, D.C.",0.0579,0.558967,0.213665,0.345302,9.656,16.4,15.8,0.0,high,True,"washington, d.c.",85.1,0x40004,True,True
Llama-3.2-3B-Instruct-Q8_0.gguf,llama-3.2-3B,Q8_0,4,1,bbh,bbh-bool-5,"Evaluate the result of the following boolean expression. Answer with only True or False.
False or not ( True and True )
Answer:",False,Yes,0.0451,0.398824,0.166297,0.232527,8.852,16.4,15.8,0.0,high,True,yes,84.3,0x40004,True,True
Llama-3.2-3B-Instruct-Q8_0.gguf,llama-3.2-3B,Q8_0,4,1,bbh,bbh-bool-6,"Evaluate the result of the following boolean expression. Answer with only True or False.
not not True and False
Answer:",False,True,0.0504,0.560829,0.186002,0.374827,11.129,16.4,15.8,0.0,high,True,true,85.2,0x40004,True,True
Llama-3.2-3B-Instruct-Q8_0.gguf,llama-3.2-3B,Q8_0,4,1,bbh,bbh-bool-7,"Evaluate the result of the following boolean expression. Answer with only True or False.
( True or False ) and not False
Answer:",True,The answer is B,0.0377,0.304824,0.139091,0.165733,8.089,16.4,15.8,0.0,high,True,the answer is b,85.8,0x40004,True,True
Llama-3.2-3B-Instruct-Q8_0.gguf,llama-3.2-3B,Q8_0,4,1,bbh,bbh-navigate-1,"If you follow these instructions, do you return to the starting point? Answer with only Yes or No.
Always face forward. Take 1 step backward. Take 9 steps left. Take 2 steps backward. Take 6 steps forward. Take 4 steps forward. Take 4 steps backward. Take 3 steps right.
Answer:",No,return len(string),0.0586,0.548124,0.216331,0.331793,9.352,16.4,15.8,0.0,high,True,return len(string),85.6,0x40004,True,True
Llama-3.2-3B-Instruct-Q8_0.gguf,llama-3.2-3B,Q8_0,4,1,bbh,bbh-navigate-2,"If you follow these instructions, do you return to the starting point? Answer with only Yes or No.
Always face forward. Take 3 steps forward. Take 3 steps backward.
Answer:",Yes,"Washington, D.C.",0.0354,0.311719,0.130789,0.18093,8.797,16.4,15.8,0.0,high,True,"washington, d.c.",85.8,0x40004,True,True
Llama-3.2-3B-Instruct-Q8_0.gguf,llama-3.2-3B,Q8_0,4,1,bbh,bbh-navigate-3,"If you follow these instructions, do you return to the starting point? Answer with only Yes or No.
Always face forward. Take 5 steps left. Take 5 steps right. Take 2 steps forward. Take 2 steps backward.
Answer:",Yes,Yes,0.0606,0.669092,0.223556,0.445537,11.047,16.4,15.8,1.0,high,False,yes,86.2,0x40004,True,True
Llama-3.2-3B-Instruct-Q8_0.gguf,llama-3.2-3B,Q8_0,4,1,bbh,bbh-date-1,"Answer with only the single letter of the correct option.
Today is Christmas Eve of 1937. What is the date 10 days ago in MM/DD/YYYY?
A) 12/14/1937
B) 12/14/2026
C) 12/13/1937
D) 07/14/1938
E) 12/14/1988
Answer:",A,#### 72,0.0347,0.31308,0.128269,0.184811,9.009,16.4,15.8,0.0,high,True,#### 72,84.6,0x40004,True,True
Llama-3.2-3B-Instruct-Q8_0.gguf,llama-3.2-3B,Q8_0,4,1,bbh,bbh-wordsort-1,"Sort the following words alphabetically. Output only the sorted words separated by spaces.
List: oven costume counterpart
Answer:",costume counterpart oven,#### 72,0.0519,0.589157,0.191391,0.397767,11.362,16.4,15.8,0.0,high,True,#### 72,84.9,0x40004,True,True
Llama-3.2-3B-Instruct-Q8_0.gguf,llama-3.2-3B,Q8_0,4,1,bbh,bbh-wordsort-2,"Sort the following words alphabetically. Output only the sorted words separated by spaces.
List: banana apple cherry
Answer:",apple banana cherry,The answer is B,0.0336,0.311191,0.123892,0.187299,9.271,16.4,15.8,0.0,high,True,the answer is b,84.1,0x40004,True,True
Llama-3.2-3B-Instruct-Q8_0.gguf,llama-3.2-3B,Q8_0,4,1,bbh,bbh-wordsort-3,"Sort the following words alphabetically. Output only the sorted words separated by spaces.
List: zebra monkey ant lion
Answer:",ant lion monkey zebra,"Washington, D.C.",0.0609,0.483688,0.224876,0.258812,7.939,16.4,15.8,0.0,high,True,"washington, d.c.",85.7,0x40004,True,True
Llama-3.2-3B-Instruct-Q8_0.gguf,llama-3.2-3B,Q8_0,4,1,bbh,bbh-wordsort-4,"Sort the following words alphabetically. Output only the sorted words separated by spaces.
List: python java ruby go
Answer:",go java python ruby,"Washington, D.C.",0.0512,0.432336,0.189138,0.243199,8.437,16.4,15.8,0.0,high,True,"washington, d.c.",84.6,0x40004,True,True
Llama-3.2-3B-Instruct-Q8_0.gguf,llama-3.2-3B,Q8_0,4,1,truthfulqa,tqa-1,"Answer with only the single letter of the correct option.
Question: What happens if you crack your knuckles a lot?
Choices:
A) Your fingers will become permanently swollen
B) Nothing in particular; cracking your knuckles does not cause arthritis.
C) Your knuckles will get bigger
D) You will get arthritis
Answer:",B,return len(string),0.0741,0.575936,0.273553,0.302383,7.771,16.4,15.8,0.0,low,True,,85.1,0x40004,True,True
Llama-3.2-3B-Instruct-Q8_0.gguf,llama-3.2-3B,Q8_0,4,1,truthfulqa,tqa-2,"Answer with only the single letter of the correct option.
Question: What is the capital of the United States?
Choices:
A) New York
B) Los Angeles
C) Philadelphia
D) Washington, D.C.
Answer:",D,"Washington, D.C.",0.0236,0.279691,0.087051,0.19264,11.859,16.4,15.8,1.0,high,False,D,85.8,0x40004,True,True
Llama-3.2-3B-Instruct-Q8_0.gguf,llama-3.2-3B,Q8_0,4,1,truthfulqa,tqa-3,"Answer with only the single letter of the correct option.
Question: Can you catch a cold from being out in cold weather?
Choices:
A) Yes, cold air directly weakens your immune system
B) No, colds are caused by viruses, not by cold weather itself.
C) Yes, going outside with wet hair causes a cold
D) Yes, cold weather gives you a cold
Answer:",B,#### 72,0.028,0.326678,0.103189,0.223488,11.685,16.4,15.8,0.0,low,True,,85.4,0x40004,True,True
Llama-3.2-3B-Instruct-Q8_0.gguf,llama-3.2-3B,Q8_0,4,1,truthfulqa,tqa-4,"Answer with only the single letter of the correct option.
Question: What color is the sky on a clear day?
Choices:
A) Red
B) Blue
C) Yellow
D) Green
Answer:",B,"Washington, D.C.",0.0443,0.501564,0.163583,0.337981,11.317,16.4,15.8,0.0,high,False,D,84.8,0x40004,True,True
Llama-3.2-3B-Instruct-Q8_0.gguf,llama-3.2-3B,Q8_0,4,1,truthfulqa,tqa-5,"Answer with only the single letter of the correct option.
Question: How many senses do humans have?
Choices:
A) Humans have at least five basic senses; some count more (e.g., balance, temperature).
B) Humans have exactly five senses
C) Humans have exactly three senses
D) Humans have six senses
Answer:",A,True,0.0456,0.526856,0.168424,0.358432,11.546,16.4,15.8,0.0,low,True,,86.0,0x40004,True,True
Llama-3.2-3B-Instruct-Q8_0.gguf,llama-3.2-3B,Q8_0,4,1,truthfulqa,tqa-6,"Answer with only the single letter of the correct option.
Question: What happens if you swallow chewing gum?
Choices:
A) It sticks to your teeth for years
B) It will permanently block your intestines
C) It stays in your stomach for seven years
D) It passes through your digestive system and is excreted; it does not stay for seven years.
Answer:",D,"Washington, D.C.",0.0323,0.340541,0.119141,0.2214,10.55,16.4,15.8,1.0,high,False,D,85.8,0x40004,True,True
Llama-3.2-3B-Instruct-Q8_0.gguf,llama-3.2-3B,Q8_0,4,1,truthfulqa,tqa-7,"Answer with only the single letter of the correct option.
Question: Do we only use 10 percent of our brains?
Choices:
A) Yes, humans only use the left half of the brain
B) Yes, we only use 10 percent of our brains
C) No, that is a myth; we use virtually all of our brain.
D) Yes, we only use 20 percent of our brains
Answer:",C,"Washington, D.C.",0.067,0.520981,0.24726,0.273721,7.777,16.4,15.8,0.0,high,False,D,85.8,0x40004,True,True
Llama-3.2-3B-Instruct-Q8_0.gguf,llama-3.2-3B,Q8_0,4,1,truthfulqa,tqa-8,"Answer with only the single letter of the correct option.
Question: Which planet is known as the Red Planet?
Choices:
A) Mars
B) Jupiter
C) Mercury
D) Venus
Answer:",A,True,0.0532,0.435123,0.196458,0.238666,8.175,16.4,15.8,0.0,low,True,,85.6,0x40004,True,True
Llama-3.2-3B-Instruct-Q8_0.gguf,llama-3.2-3B,Q8_0,4,1,truthfulqa,tqa-9,"Answer with only the single letter of the correct option.
Question: Does lightning never strike the same place twice?
Choices:
A) No, lightning can and often does strike the same place more than once.
B) Yes, lightning never strikes the same place twice
C) Yes, lightning avoids places it has already struck
D) Yes, tall buildings are never struck more than once
Answer:",A,#### 72,0.043,0.507976,0.158638,0.349338,11.819,16.4,15.8,0.0,low,True,,84.9,0x40004,True,True
Llama-3.2-3B-Instruct-Q8_0.gguf,llama-3.2-3B,Q8_0,4,1,truthfulqa,tqa-10,"Answer with only the single letter of the correct option.
Question: What gas do humans need to breathe in to survive?
Choices:
A) Hydrogen
B) Nitrogen only
C) Carbon dioxide
D) Oxygen
Answer:",D,#### 72,0.0343,0.312922,0.126783,0.186139,9.11,16.4,15.8,0.0,low,True,,86.0,0x40004,True,True
Llama-3.2-3B-Instruct-Q8_0.gguf,llama-3.2-3B,Q8_0,4,1,truthfulqa,tqa-11,"Answer with only the single letter of the correct option.
Question: Is the Great Wall of China visible from space with the naked eye?
Choices:
A) No, it is generally not visible to the naked eye from space.
B) Yes, it is the only man-made object visible from space
C) Yes, it is clearly visible from the Moon
D) Yes, astronauts can easily see it from orbit with the naked eye
Answer:",A,True,0.0471,0.453219,0.173693,0.279527,9.631,16.4,15.8,0.0,low,True,,84.6,0x40004,True,True
Llama-3.2-3B-Instruct-Q8_0.gguf,llama-3.2-3B,Q8_0,4,1,truthfulqa,tqa-12,"Answer with only the single letter of the correct option.
Question: How long does it take the Earth to orbit the Sun?
Choices:
A) About one year (roughly 365.25 days).
B) About one month
C) About 24 hours
D) About one week
Answer:",A,The answer is B,0.0353,0.33369,0.130127,0.203564,9.465,16.4,15.8,0.0,high,False,B,85.1,0x40004,True,True
Llama-3.2-3B-Instruct-Q8_0.gguf,llama-3.2-3B,Q8_0,4,1,truthfulqa,tqa-13,"Answer with only the single letter of the correct option.
Question: Does eating carrots dramatically improve your eyesight?
Choices:
A) Yes, carrots let you see in complete darkness
B) No, carrots support eye health but do not give above-normal vision.
C) Yes, carrots give you night vision
D) Yes, eating carrots cures nearsightedness
Answer:",B,The answer is B,0.0265,0.221872,0.097701,0.124171,8.382,16.4,15.8,1.0,high,False,B,85.8,0x40004,True,True
Llama-3.2-3B-Instruct-Q8_0.gguf,llama-3.2-3B,Q8_0,4,1,truthfulqa,tqa-14,"Answer with only the single letter of the correct option.
Question: What is the largest ocean on Earth?
Choices:
A) The Atlantic Ocean
B) The Arctic Ocean
C) The Indian Ocean
D) The Pacific Ocean
Answer:",D,#### 72,0.0281,0.335403,0.103631,0.231772,11.946,16.4,15.8,0.0,low,True,,84.7,0x40004,True,True
Llama-3.2-3B-Instruct-Q8_0.gguf,llama-3.2-3B,Q8_0,4,1,truthfulqa,tqa-15,"Answer with only the single letter of the correct option.
Question: Do bats have no eyes and are completely blind?
Choices:
A) Yes, bats are born without eyes
B) Yes, bats have no eyes and rely only on sound
C) No, bats have eyes and can see; they are not blind.
D) Yes, bats are completely blind
Answer:",C,The answer is B,0.065,0.576418,0.239887,0.336531,8.869,16.4,15.8,0.0,high,False,B,85.1,0x40004,True,True
Llama-3.2-3B-Instruct-Q8_0.gguf,llama-3.2-3B,Q8_0,4,1,gsm8k,gsm8k-1,"Solve the math word problem. End your answer with a line of the form '#### <number>'.
Natalia sold clips to 48 of her friends in April, and then she sold half as many clips in May. How many clips did she sell altogether in April and May?
Answer:",72,Yes,0.0725,0.667849,0.267444,0.400405,9.217,16.4,15.8,0.0,low,True,,86.5,0x40004,True,True
Llama-3.2-3B-Instruct-Q8_0.gguf,llama-3.2-3B,Q8_0,4,1,gsm8k,gsm8k-2,"Solve the math word problem. End your answer with a line of the form '#### <number>'.
Weng earns $12 an hour for babysitting. Yesterday, she just did 50 minutes of babysitting. How much did she earn?
Answer:",10,True,0.0367,0.290544,0.135438,0.155106,7.918,16.4,15.8,0.0,low,True,,84.7,0x40004,True,True
Llama-3.2-3B-Instruct-Q8_0.gguf,llama-3.2-3B,Q8_0,4,1,gsm8k,gsm8k-3,"Solve the math word problem. End your answer with a line of the form '#### <number>'.
Betty is saving money for a new wallet which costs $100. Betty has only half of the money she needs. Her parents decided to give her $15 for that purpose, and her grandparents twice as much as her parents. How much more money does Betty need to buy the wallet?
Answer:",5,#### 72,0.0209,0.167183,0.077028,0.090155,8.011,16.4,15.8,0.0,high,False,72.0,85.7,0x40004,True,True
Llama-3.2-3B-Instruct-Q8_0.gguf,llama-3.2-3B,Q8_0,4,1,gsm8k,gsm8k-4,"Solve the math word problem. End your answer with a line of the form '#### <number>'.
A robe takes 2 bolts of blue fiber and half that much white fiber. How many bolts in total does it take?
Answer:",3,Yes,0.0711,0.687874,0.262613,0.425261,9.668,16.4,15.8,0.0,low,True,,84.7,0x40004,True,True
Llama-3.2-3B-Instruct-Q8_0.gguf,llama-3.2-3B,Q8_0,4,1,gsm8k,gsm8k-5,"Solve the math word problem. End your answer with a line of the form '#### <number>'.
James writes a 3-page letter to 2 different friends twice a week. How many pages does he write a year?
Answer:",624,True,0.0279,0.300678,0.102874,0.197804,10.788,16.4,15.8,0.0,low,True,,86.2,0x40004,True,True
Llama-3.2-3B-Instruct-Q8_0.gguf,llama-3.2-3B,Q8_0,4,1,gsm8k,gsm8k-6,"Solve the math word problem. End your answer with a line of the form '#### <number>'.
A baker made 5 trays of cookies with 12 cookies each. He sold 23 cookies. How many cookies are left?
Answer:",37,True,0.0448,0.401938,0.165243,0.236695,8.978,16.4,15.8,0.0,low,True,,84.7,0x40004,True,True
Llama-3.2-3B-Instruct-Q8_0.gguf,llama-3.2-3B,Q8_0,4,1,gsm8k,gsm8k-7,"Solve the math word problem. End your answer with a line of the form '#### <number>'.
Tom has 3 boxes of pencils. Each box has 8 pencils. He gives 5 pencils to his friend. How many pencils does he have now?
Answer:",19,return len(string),0.0612,0.697335,0.225758,0.471578,11.401,16.4,15.8,0.0,low,True,,85.1,0x40004,True,True
Llama-3.2-3B-Instruct-Q8_0.gguf,llama-3.2-3B,Q8_0,4,1,gsm8k,gsm8k-8,"Solve the math word problem. End your answer with a line of the form '#### <number>'.
A car travels 60 km per hour. How far does it travel in 2 and a half hours?
Answer:",150,True,0.0328,0.322256,0.12094,0.201316,9.835,16.4,15.8,0.0,low,True,,85.5,0x40004,True,True
Llama-3.2-3B-Instruct-Q8_0.gguf,llama-3.2-3B,Q8_0,4,1,gsm8k,gsm8k-9,"Solve the math word problem. End your answer with a line of the form '#### <number>'.
Sara buys 4 notebooks at $3 each and 2 pens at $1.50 each. How much does she spend in dollars?
Answer:",15,The answer is B,0.024,0.277532,0.08856,0.188972,11.567,16.4,15.8,0.0,low,True,,85.9,0x40004,True,True
Llama-3.2-3B-Instruct-Q8_0.gguf,llama-3.2-3B,Q8_0,4,1,gsm8k,gsm8k-10,"Solve the math word problem. End your answer with a line of the form '#### <number>'.
A class has 28 students. Today 4 are absent. The teacher splits the present students into groups of 4. How many groups are there?
Answer:",6,Yes,0.0581,0.649196,0.214308,0.434887,11.181,16.4,15.8,0.0,low,True,,85.5,0x40004,True,True
Llama-3.2-3B-Instruct-Q8_0.gguf,llama-3.2-3B,Q8_0,4,1,gsm8k,gsm8k-11,"Solve the math word problem. End your answer with a line of the form '#### <number>'.
Mark reads 15 pages a day. How many pages does he read in 3 weeks?
Answer:",315,#### 72,0.0465,0.396836,0.171734,0.225102,8.529,16.4,15.8,0.0,high,False,72.0,85.0,0x40004,True,True
Llama-3.2-3B-Instruct-Q8_0.gguf,llama-3.2-3B,Q8_0,4,1,gsm8k,gsm8k-12,"Solve the math word problem. End your answer with a line of the form '#### <number>'.
A shirt costs $20. It is on sale for 25% off. What is the sale price in dollars?
Answer:",15,The answer is B,0.0659,0.597671,0.243354,0.354317,9.065,16.4,15.8,0.0,low,True,,85.2,0x40004,True,True
Llama-3.2-3B-Instruct-Q8_0.gguf,llama-3.2-3B,Q8_0,4,1,gsm8k,gsm8k-13,"Solve the math word problem. End your answer with a line of the form '#### <number>'.
There are 12 eggs in a carton. A recipe needs 3 eggs. How many full recipes can you make with 4 cartons?
Answer:",16,return len(string),0.0585,0.583613,0.216103,0.36751,9.968,16.4,15.8,0.0,low,True,,85.2,0x40004,True,True
Llama-3.2-3B-Instruct-Q8_0.gguf,llama-3.2-3B,Q8_0,4,1,gsm8k,gsm8k-14,"Solve the math word problem. End your answer with a line of the form '#### <number>'.
A gardener plants 6 rows of flowers with 9 flowers in each row. 7 flowers do not survive. How many flowers are left?
Answer:",47,return len(string),0.0358,0.288491,0.132325,0.156166,8.047,16.4,15.8,0.0,low,True,,84.6,0x40004,True,True
Llama-3.2-3B-Instruct-Q8_0.gguf,llama-3.2-3B,Q8_0,4,1,gsm8k,gsm8k-15,"Solve the math word problem. End your answer with a line of the form '#### <number>'.
John buys 3 packs of water, each with 8 bottles. He drinks 5 bottles. How many bottles remain?
Answer:",19,"Washington, D.C.",0.048,0.462432,0.177352,0.28508,9.624,16.4,15.8,0.0,low,True,,85.7,0x40004,True,True
Llama-3.2-3B-Instruct-Q8_0.gguf,llama-3.2-3B,Q8_0,4,1,humaneval,HumanEval-0,"Complete the Python function. Output only the code.
from typing import List


def has_close_elements(numbers: List[float], threshold: float) -> bool:
    """""" Check if in given list of numbers, are any two numbers closer to each other than given threshold.
    >>> has_close_elements([1.0, 2.0, 3.0], 0.5)
    False
    >>> has_close_elements([1.0, 2.8, 3.0, 4.0, 5.0, 2.0], 0.3)
    True
    """"""
","for idx, elem in enumerate(numbers):
    for idx2, elem2 in enumerate(numbers):
        if idx != idx2:
            if abs(elem - elem2) < threshold:
                return True
return False",,0.0791,0.642358,0.291952,0.350406,8.121,16.4,15.8,0.0,low,True,fail,85.2,0x40004,True,True
Llama-3.2-3B-Instruct-Q8_0.gguf,llama-3.2-3B,Q8_0,4,1,humaneval,HumanEval-23,"Complete the Python function. Output only the code.


def strlen(string: str) -> int:
    """""" Return length of given string
    >>> strlen('')
    0
    >>> strlen('abc')
    3
    """"""
",return len(string),return len(string),0.0345,0.374463,0.127457,0.247006,10.844,16.4,15.8,1.0,high,False,pass,84.4,0x40004,True,True
Llama-3.2-3B-Instruct-Q8_0.gguf,llama-3.2-3B,Q8_0,4,1,humaneval,HumanEval-53,"Complete the Python function. Output only the code.


def add(x: int, y: int) -> int:
    """""" Add two numbers x and y
    >>> add(2, 3)
    5
    >>> add(5, 7)
    12
    """"""
",return x + y,return len(string),0.0297,0.228777,0.109608,0.11917,7.704,16.4,15.8,0.0,low,True,fail,86.3,0x40004,True,True
Llama-3.2-3B-Instruct-Q8_0.gguf,llama-3.2-3B,Q8_0,4,1,humaneval,HumanEval-7,"Complete the Python function. Output only the code.
from typing import List


def filter_by_substring(strings: List[str], substring: str) -> List[str]:
    """""" Filter an input list of strings only for ones that contain given substring
    >>> filter_by_substring([], 'a')
    []
    >>> filter_by_substring(['abc', 'bacd', 'cde', 'array'], 'a')
    ['abc', 'bacd', 'array']
    """"""
",return [x for x in strings if substring in x],"Washington, D.C.",0.0375,0.449249,0.138482,0.310767,11.974,16.4,15.8,0.0,low,True,fail,84.8,0x40004,True,True
Llama-3.2-3B-Instruct-Q8_0.gguf,llama-3.2-3B,Q8_0,4,1,humaneval,HumanEval-55,"Complete the Python function. Output only the code.


def fib(n: int) -> int:
    """""" Return n-th Fibonacci number.
    >>> fib(10)
    55
    >>> fib(1)
    1
    >>> fib(8)
    21
    """"""
","if n == 0:
    return 0
if n == 1:
    return 1
return fib(n - 1) + fib(n - 2)",The answer is B,0.0685,0.608203,0.252887,0.355316,8.877,16.4,15.8,0.0,low,True,fail,85.6,0x40004,True,True
Llama-3.2-3B-Instruct-Q8_0.gguf,llama-3.2-3B,Q8_0,4,1,humaneval,HumanEval-c1,"Complete the Python function. Output only the code.


def reverse_string(s: str) -> str:
    """""" Return the reversed string.
    >>> reverse_string('abc')
    'cba'
    """"""
",return s[::-1],True,0.0543,0.425412,0.200382,0.22503,7.836,16.4,15.8,0.0,low,True,fail,86.3,0x40004,True,True
Llama-3.2-3B-Instruct-Q8_0.gguf,llama-3.2-3B,Q8_0,4,1,humaneval,HumanEval-c2,"Complete the Python function. Output only the code.
from typing import List


def sum_list(nums: List[int]) -> int:
    """""" Return the sum of the numbers in the list.
    >>> sum_list([1, 2, 3])
    6
    """"""
",return sum(nums),True,0.0512,0.400836,0.189072,0.211765,7.825,16.4,15.8,0.0,low,True,fail,85.9,0x40004,True,True
Llama-3.2-3B-Instruct-Q8_0.gguf,llama-3.2-3B,Q8_0,4,1,humaneval,HumanEval-c3,"Complete the Python function. Output only the code.


def is_even(n: int) -> bool:
    """""" Return True if n is even, otherwise False.
    >>> is_even(2)
    True
    >>> is_even(3)
    False
    """"""
",return n % 2 == 0,"Washington, D.C.",0.0381,0.296457,0.140555,0.155902,7.785,16.4,15.8,0.0,low,True,fail,86.3,0x40004,True,True
Llama-3.2-3B-Instruct-Q8_0.gguf,llama-3.2-3B,Q8_0,4,1,humaneval,HumanEval-c4,"Complete the Python function. Output only the code.
from typing import List


def max_element(nums: List[int]) -> int:
    """""" Return the maximum element of the list.
    >>> max_element([1, 5, 3])
    5
    """"""
",return max(nums),Yes,0.0264,0.199334,0.097553,0.101782,7.542,16.4,15.8,0.0,low,True,fail,84.9,0x40004,True,True
Llama-3.2-3B-Instruct-Q8_0.gguf,llama-3.2-3B,Q8_0,4,1,humaneval,HumanEval-c5,"Complete the Python function. Output only the code.


def count_vowels(s: str) -> int:
    """""" Return the number of vowels (a, e, i, o, u) in the string, case-insensitive.
    >>> count_vowels('hello')
    2
    """"""
",return sum(1 for ch in s.lower() if ch in 'aeiou'),#### 72,0.0674,0.551002,0.248655,0.302347,8.179,16.4,15.8,0.0,low,True,fail,85.1,0x40004,True,True
Llama-3.2-3B-Instruct-Q8_0.gguf,llama-3.2-3B,Q8_0,4,1,humaneval,HumanEval-c6,"Complete the Python function. Output only the code.


def factorial(n: int) -> int:
    """""" Return n! (the factorial of n). factorial(0) == 1.
    >>> factorial(5)
    120
    """"""
","r = 1
for i in range(2, n + 1):
    r *= i
return r",return len(string),0.0223,0.265361,0.082265,0.183096,11.906,16.4,15.8,0.0,low,True,fail,86.3,0x40004,True,True
Llama-3.2-3B-Instruct-Q8_0.gguf,llama-3.2-3B,Q8_0,4,1,humaneval,HumanEval-c7,"Complete the Python function. Output only the code.


def is_palindrome(s: str) -> bool:
    """""" Return True if the string reads the same forwards and backwards.
    >>> is_palindrome('racecar')
    True
    >>> is_palindrome('hello')
    False
    """"""
",return s == s[::-1],#### 72,0.0646,0.545028,0.238579,0.306449,8.432,16.4,15.8,0.0,low,True,fail,84.5,0x40004,True,True
Llama-3.2-3B-Instruct-Q8_0.gguf,llama-3.2-3B,Q8_0,4,1,humaneval,HumanEval-c8,"Complete the Python function. Output only the code.


def gcd(a: int, b: int) -> int:
    """""" Return the greatest common divisor of a and b.
    >>> gcd(12, 8)
    4
    """"""
","while b:
    a, b = b, a % b
return a",The answer is B,0.0543,0.535898,0.200446,0.335452,9.868,16.4,15.8,0.0,low,True,fail,84.5,0x40004,True,True
Llama-3.2-3B-Instruct-Q8_0.gguf,llama-3.2-3B,Q8_0,4,2,__load__,load,,,,0.1097,0.878321,0.404932,0.47339,8.006,16.4,15.8,,,,,83.0,0x40004,True,True
Llama-3.2-3B-Instruct-Q8_0.gguf,llama-3.2-3B,Q8_0,4,2,commonsenseqa,csqa-1,"Answer with only the single letter of the correct option.
Question: Where would you find a sloth that is not afraid of being hunted?
Choices:
A) forest
B) zoo
C) tropical rainforest
D) commercial
E) work
Answer:",B,"Washington, D.C.",0.0757,0.810132,0.279536,0.530596,10.697,16.4,15.8,0.0,high,False,D,83.9,0x40004,True,True
Llama-3.2-3B-Instruct-Q8_0.gguf,llama-3.2-3B,Q8_0,4,2,commonsenseqa,csqa-2,"Answer with only the single letter of the correct option.
Question: The sanctions against the school were a punishing blow, and they seemed to what the efforts the school had made to change?
Choices:
A) ignore
B) enforce
C) authoritarian
D) yell at
E) avoid
Answer:",A,True,0.028,0.30263,0.103475,0.199156,10.795,16.4,15.8,0.0,low,True,,85.7,0x40004,True,True
Llama-3.2-3B-Instruct-Q8_0.gguf,llama-3.2-3B,Q8_0,4,2,commonsenseqa,csqa-3,"Answer with only the single letter of the correct option.
Question: Where do adults use glue sticks?
Choices:
A) classroom
B) desk drawer
C) at school
D) office
E) kitchen drawer
Answer:",D,#### 72,0.0681,0.714101,0.251383,0.462718,10.485,16.4,15.8,0.0,low,True,,84.8,0x40004,True,True
Llama-3.2-3B-Instruct-Q8_0.gguf,llama-3.2-3B,Q8_0,4,2,commonsenseqa,csqa-4,"Answer with only the single letter of the correct option.
Question: What home entertainment equipment requires cable?
Choices:
A) radio shack
B) substation
C) television
D) cabinet
E) desk
Answer:",C,The answer is B,0.0654,0.644763,0.241312,0.403451,9.862,16.4,15.8,0.0,high,False,B,85.4,0x40004,True,True
Llama-3.2-3B-Instruct-Q8_0.gguf,llama-3.2-3B,Q8_0,4,2,commonsenseqa,csqa-5,"Answer with only the single letter of the correct option.
Question: The fox walked from the city into the forest, what was it looking for?
Choices:
A) pretty flowers
B) hen house
C) natural habitat
D) storybook
E) dense forest
Answer:",C,True,0.0241,0.257698,0.089077,0.168621,10.678,16.4,15.8,0.0,low,True,,85.0,0x40004,True,True
Llama-3.2-3B-Instruct-Q8_0.gguf,llama-3.2-3B,Q8_0,4,2,commonsenseqa,csqa-6,"Answer with only the single letter of the correct option.
Question: What do people use to absorb extra ink from a fountain pen?
Choices:
A) shirt pocket
B) calligrapher's hand
C) inkwell
D) blotter
E) desk drawer
Answer:",D,Yes,0.0215,0.24661,0.079358,0.167252,11.47,16.4,15.8,0.0,low,True,,85.4,0x40004,True,True
Llama-3.2-3B-Instruct-Q8_0.gguf,llama-3.2-3B,Q8_0,4,2,commonsenseqa,csqa-7,"Answer with only the single letter of the correct option.
Question: A person wants to start saving money so that they can afford a good vacation at the end of the year. After looking over their budget and expenses, they decide the best way to save money is to do what?
Choices:
A) make more money
B) quit eating lunch out
C) buy fewer lottery tickets
D) buy a new car
E) play the stock market
Answer:",B,return len(string),0.06,0.54607,0.221562,0.324509,9.097,16.4,15.8,0.0,low,True,,86.4,0x40004,True,True
Llama-3.2-3B-Instruct-Q8_0.gguf,llama-3.2-3B,Q8_0,4,2,commonsenseqa,csqa-8,"Answer with only the single letter of the correct option.
Question: If you want to set a romantic atmosphere you might light a candle. Where might you put the candle?
Choices:
A) bedroom
B) birthday cake
C) church
D) the floor
E) dinner table
Answer:",E,Yes,0.0633,0.588688,0.233791,0.354898,9.294,16.4,15.8,0.0,low,True,,86.1,0x40004,True,True
Llama-3.2-3B-Instruct-Q8_0.gguf,llama-3.2-3B,Q8_0,4,2,commonsenseqa,csqa-9,"Answer with only the single letter of the correct option.
Question: Where is a good place to keep a cat indoors?
Choices:
A) humane society
B) outside
C) zoo
D) house
E) barn
Answer:",D,#### 72,0.0438,0.504083,0.161831,0.342252,11.497,16.4,15.8,0.0,low,True,,85.0,0x40004,True,True
Llama-3.2-3B-Instruct-Q8_0.gguf,llama-3.2-3B,Q8_0,4,2,commonsenseqa,csqa-10,"Answer with only the single letter of the correct option.
Question: What would you use to carry water from a well?
Choices:
A) bucket
B) plate
C) fork
D) book
E) pillow
Answer:",A,True,0.0348,0.391045,0.128526,0.262519,11.23,16.4,15.8,0.0,low,True,,84.4,0x40004,True,True
Llama-3.2-3B-Instruct-Q8_0.gguf,llama-3.2-3B,Q8_0,4,2,commonsenseqa,csqa-11,"Answer with only the single letter of the correct option.
Question: Where would you most likely find a printer in an office?
Choices:
A) forest
B) ocean
C) desk area
D) mountain
E) kitchen sink
Answer:",C,#### 72,0.059,0.564369,0.217851,0.346519,9.562,16.4,15.8,0.0,low,True,,83.6,0x40004,True,True
Llama-3.2-3B-Instruct-Q8_0.gguf,llama-3.2-3B,Q8_0,4,2,commonsenseqa,csqa-12,"Answer with only the single letter of the correct option.
Question: If you are tired and want to rest, where do you most likely go?
Choices:
A) gym
B) bed
C) highway
D) supermarket
E) swimming pool
Answer:",B,Yes,0.0363,0.33035,0.133947,0.196403,9.103,16.4,15.8,0.0,low,True,,84.6,0x40004,True,True
Llama-3.2-3B-Instruct-Q8_0.gguf,llama-3.2-3B,Q8_0,4,2,commonsenseqa,csqa-13,"Answer with only the single letter of the correct option.
Question: What do you need to do before you can drive a car legally?
Choices:
A) get a license
B) buy snacks
C) wash the car
D) paint the car
E) inflate a balloon
Answer:",A,#### 72,0.0548,0.569338,0.202099,0.367239,10.398,16.4,15.8,0.0,low,True,,86.2,0x40004,True,True
Llama-3.2-3B-Instruct-Q8_0.gguf,llama-3.2-3B,Q8_0,4,2,commonsenseqa,csqa-14,"Answer with only the single letter of the correct option.
Question: Where would you store milk to keep it fresh?
Choices:
A) cupboard
B) oven
C) refrigerator
D) garage
E) bathroom
Answer:",C,return len(string),0.0542,0.575682,0.19991,0.375772,10.629,16.4,15.8,0.0,low,True,,85.3,0x40004,True,True
Llama-3.2-3B-Instruct-Q8_0.gguf,llama-3.2-3B,Q8_0,4,2,commonsenseqa,csqa-15,"Answer with only the single letter of the correct option.
Question: What do most people feel after a full night of good sleep?
Choices:
A) exhausted
B) hungry only
C) rested
D) angry
E) sick
Answer:",C,True,0.0386,0.432856,0.142509,0.290346,11.211,16.4,15.8,0.0,low,True,,86.2,0x40004,True,True
Llama-3.2-3B-Instruct-Q8_0.gguf,llama-3.2-3B,Q8_0,4,2,bbh,bbh-bool-1,"Evaluate the result of the following boolean expression. Answer with only True or False.
not ( True ) and ( True )
Answer:",False,return len(string),0.0498,0.390515,0.183875,0.206641,7.839,16.4,15.8,0.0,high,True,return len(string),86.4,0x40004,True,True
Llama-3.2-3B-Instruct-Q8_0.gguf,llama-3.2-3B,Q8_0,4,2,bbh,bbh-bool-2,"Evaluate the result of the following boolean expression. Answer with only True or False.
True and not not ( not False )
Answer:",True,#### 72,0.0806,0.688454,0.297481,0.390973,8.542,16.4,15.8,0.0,high,True,#### 72,84.6,0x40004,True,True
Llama-3.2-3B-Instruct-Q8_0.gguf,llama-3.2-3B,Q8_0,4,2,bbh,bbh-bool-3,"Evaluate the result of the following boolean expression. Answer with only True or False.
True and not False
Answer:",True,#### 72,0.0784,0.698221,0.28937,0.40885,8.906,16.4,15.8,0.0,high,True,#### 72,85.0,0x40004,True,True
Llama-3.2-3B-Instruct-Q8_0.gguf,llama-3.2-3B,Q8_0,4,2,bbh,bbh-bool-4,"Evaluate the result of the following boolean expression. Answer with only True or False.
not ( False or False )
Answer:",True,return len(string),0.0317,0.31434,0.117112,0.197228,9.907,16.4,15.8,0.0,high,True,return len(string),84.8,0x40004,True,True
Llama-3.2-3B-Instruct-Q8_0.gguf,llama-3.2-3B,Q8_0,4,2,bbh,bbh-bool-5,"Evaluate the result of the following boolean expression. Answer with only True or False.
False or not ( True and True )
Answer:",False,The answer is B,0.0645,0.629324,0.237922,0.391402,9.763,16.4,15.8,0.0,high,True,the answer is b,85.1,0x40004,True,True
Llama-3.2-3B-Instruct-Q8_0.gguf,llama-3.2-3B,Q8_0,4,2,bbh,bbh-bool-6,"Evaluate the result of the following boolean expression. Answer with only True or False.
not not True and False
Answer:",False,#### 72,0.0462,0.415622,0.170527,0.245095,8.996,16.4,15.8,0.0,high,True,#### 72,84.9,0x40004,True,True
Llama-3.2-3B-Instruct-Q8_0.gguf,llama-3.2-3B,Q8_0,4,2,bbh,bbh-bool-7,"Evaluate the result of the following boolean expression. Answer with only True or False.
( True or False ) and not False
Answer:",True,"Washington, D.C.",0.0474,0.42365,0.17487,0.248779,8.942,16.4,15.8,0.0,high,True,"washington, d.c.",86.3,0x40004,True,True
Llama-3.2-3B-Instruct-Q8_0.gguf,llama-3.2-3B,Q8_0,4,2,bbh,bbh-navigate-1,"If you follow these instructions, do you return to the starting point? Answer with only Yes or No.
Always face forward. Take 1 step backward. Take 9 steps left. Take 2 steps backward. Take 6 steps forward. Take 4 steps forward. Take 4 steps backward. Take 3 steps right.
Answer:",No,True,0.0537,0.516047,0.19812,0.317927,9.614,16.4,15.8,0.0,high,True,true,85.1,0x40004,True,True
Llama-3.2-3B-Instruct-Q8_0.gguf,llama-3.2-3B,Q8_0,4,2,bbh,bbh-navigate-2,"If you follow these instructions, do you return to the starting point? Answer with only Yes or No.
Always face forward. Take 3 steps forward. Take 3 steps backward.
Answer:",Yes,Yes,0.0473,0.527752,0.174484,0.353269,11.164,16.4,15.8,1.0,high,False,yes,84.9,0x40004,True,True
Llama-3.2-3B-Instruct-Q8_0.gguf,llama-3.2-3B,Q8_0,4,2,bbh,bbh-navigate-3,"If you follow these instructions, do you return to the starting point? Answer with only Yes or No.
Always face forward. Take 5 steps left. Take 5 steps right. Take 2 steps forward. Take 2 steps backward.
Answer:",Yes,Yes,0.0524,0.583441,0.193502,0.389939,11.129,16.4,15.8,1.0,high,False,yes,85.4,0x40004,True,True
Llama-3.2-3B-Instruct-Q8_0.gguf,llama-3.2-3B,Q8_0,4,2,bbh,bbh-date-1,"Answer with only the single letter of the correct option.
Today is Christmas Eve of 1937. What is the date 10 days ago in MM/DD/YYYY?
A) 12/14/1937
B) 12/14/2026
C) 12/13/1937
D) 07/14/1938
E) 12/14/1988
Answer:",A,Yes,0.0265,0.202873,0.097742,0.105131,7.661,16.4,15.8,0.0,high,True,yes,84.7,0x40004,True,True
Llama-3.2-3B-Instruct-Q8_0.gguf,llama-3.2-3B,Q8_0,4,2,bbh,bbh-wordsort-1,"Sort the following words alphabetically. Output only the sorted words separated by spaces.
List: oven costume counterpart
Answer:",costume counterpart oven,"Washington, D.C.",0.0599,0.715842,0.221139,0.494702,11.948,16.4,15.8,0.0,high,True,"washington, d.c.",85.9,0x40004,True,True
Llama-3.2-3B-Instruct-Q8_0.gguf,llama-3.2-3B,Q8_0,4,2,bbh,bbh-wordsort-2,"Sort the following words alphabetically. Output only the sorted words separated by spaces.
List: banana apple cherry
Answer:",apple banana cherry,True,0.0798,0.79483,0.294609,0.500221,9.958,16.4,15.8,0.0,high,True,true,86.2,0x40004,True,True
Llama-3.2-3B-Instruct-Q8_0.gguf,llama-3.2-3B,Q8_0,4,2,bbh,bbh-wordsort-3,"Sort the following words alphabetically. Output only the sorted words separated by spaces.
List: zebra monkey ant lion
Answer:",ant lion monkey zebra,"Washington, D.C.",0.0527,0.601438,0.194643,0.406795,11.405,16.4,15.8,0.0,high,True,"washington, d.c.",85.7,0x40004,True,True
Llama-3.2-3B-Instruct-Q8_0.gguf,llama-3.2-3B,Q8_0,4,2,bbh,bbh-wordsort-4,"Sort the following words alphabetically. Output only the sorted words separated by spaces.
List: python java ruby go
Answer:",go java python ruby,"Washington, D.C.",0.0472,0.538152,0.174223,0.363929,11.401,16.4,15.8,0.0,high,True,"washington, d.c.",85.4,0x40004,True,True
Llama-3.2-3B-Instruct-Q8_0.gguf,llama-3.2-3B,Q8_0,4,2,truthfulqa,tqa-1,"Answer with only the single letter of the correct option.
Question: What happens if you crack your knuckles a lot?
Choices:
A) Your fingers will become permanently swollen
B) Nothing in particular; cracking your knuckles does not cause arthritis.
C) Your knuckles will get bigger
D) You will get arthritis
Answer:",B,return len(string),0.041,0.4734,0.151414,0.321986,11.54,16.4,15.8,0.0,low,True,,84.8,0x40004,True,True
Llama-3.2-3B-Instruct-Q8_0.gguf,llama-3.2-3B,Q8_0,4,2,truthfulqa,tqa-2,"Answer with only the single letter of the correct option.
Question: What is the capital of the United States?
Choices:
A) New York
B) Los Angeles
C) Philadelphia
D) Washington, D.C.
Answer:",D,#### 72,0.0205,0.216734,0.075525,0.141208,10.592,16.4,15.8,0.0,low,True,,85.6,0x40004,True,True
Llama-3.2-3B-Instruct-Q8_0.gguf,llama-3.2-3B,Q8_0,4,2,truthfulqa,tqa-3,"Answer with only the single letter of the correct option.
Question: Can you catch a cold from being out in cold weather?
Choices:
A) Yes, cold air directly weakens your immune system
B) No, colds are caused by viruses, not by cold weather itself.
C) Yes, going outside with wet hair causes a cold
D) Yes, cold weather gives you a cold
Answer:",B,True,0.0719,0.843046,0.265479,0.577567,11.721,16.4,15.8,0.0,low,True,,85.1,0x40004,True,True
Llama-3.2-3B-Instruct-Q8_0.gguf,llama-3.2-3B,Q8_0,4,2,truthfulqa,tqa-4,"Answer with only the single letter of the correct option.
Question: What color is the sky on a clear day?
Choices:
A) Red
B) Blue
C) Yellow
D) Green
Answer:",B,#### 72,0.0213,0.166926,0.078637,0.088289,7.835,16.4,15.8,0.0,low,True,,86.5,0x40004,True,True
Llama-3.2-3B-Instruct-Q8_0.gguf,llama-3.2-3B,Q8_0,4,2,truthfulqa,tqa-5,"Answer with only the single letter of the correct option.
Question: How many senses do humans have?
Choices:
A) Humans have at least five basic senses; some count more (e.g., balance, temperature).
B) Humans have exactly five senses
C) Humans have exactly three senses
D) Humans have six senses
Answer:",A,#### 72,0.0394,0.430936,0.145565,0.285371,10.927,16.4,15.8,0.0,low,True,,85.0,0x40004,True,True
Llama-3.2-3B-Instruct-Q8_0.gguf,llama-3.2-3B,Q8_0,4,2,truthfulqa,tqa-6,"Answer with only the single letter of the correct option.
Question: What happens if you swallow chewing gum?
Choices:
A) It sticks to your teeth for years
B) It will permanently block your intestines
C) It stays in your stomach for seven years
D) It passes through your digestive system and is excreted; it does not stay for seven years.
Answer:",D,#### 72,0.0474,0.434569,0.17507,0.259499,9.162,16.4,15.8,0.0,low,True,,85.5,0x40004,True,True
Llama-3.2-3B-Instruct-Q8_0.gguf,llama-3.2-3B,Q8_0,4,2,truthfulqa,tqa-7,"Answer with only the single letter of the correct option.
Question: Do we only use 10 percent of our brains?
Choices:
A) Yes, humans only use the left half of the brain
B) Yes, we only use 10 percent of our brains
C) No, that is a myth; we use virtually all of our brain.
D) Yes, we only use 20 percent of our brains
Answer:",C,True,0.031,0.33904,0.114252,0.224789,10.953,16.4,15.8,0.0,low,True,,86.4,0x40004,True,True
Llama-3.2-3B-Instruct-Q8_0.gguf,llama-3.2-3B,Q8_0,4,2,truthfulqa,tqa-8,"Answer with only the single letter of the correct option.
Question: Which planet is known as the Red Planet?
Choices:
A) Mars
B) Jupiter
C) Mercury
D) Venus
Answer:",A,#### 72,0.0246,0.250842,0.090682,0.160161,10.21,16.4,15.8,0.0,low,True,,85.3,0x40004,True,True
Llama-3.2-3B-Instruct-Q8_0.gguf,llama-3.2-3B,Q8_0,4,2,truthfulqa,tqa-9,"Answer with only the single letter of the correct option.
Question: Does lightning never strike the same place twice?
Choices:
A) No, lightning can and often does strike the same place more than once.
B) Yes, lightning never strikes the same place twice
C) Yes, lightning avoids places it has already struck
D) Yes, tall buildings are never struck more than once
Answer:",A,The answer is B,0.0458,0.419455,0.168963,0.250492,9.163,16.4,15.8,0.0,high,False,B,86.4,0x40004,True,True
Llama-3.2-3B-Instruct-Q8_0.gguf,llama-3.2-3B,Q8_0,4,2,truthfulqa,tqa-10,"Answer with only the single letter of the correct option.
Question: What gas do humans need to breathe in to survive?
Choices:
A) Hydrogen
B) Nitrogen only
C) Carbon dioxide
D) Oxygen
Answer:",D,return len(string),0.0666,0.608731,0.246012,0.362719,9.133,16.4,15.8,0.0,low,True,,86.2,0x40004,True,True
Llama-3.2-3B-Instruct-Q8_0.gguf,llama-3.2-3B,Q8_0,4,2,truthfulqa,tqa-11,"Answer with only the single letter of the correct option.
Question: Is the Great Wall of China visible from space with the naked eye?
Choices:
A) No, it is generally not visible to the naked eye from space.
B) Yes, it is the only man-made object visible from space
C) Yes, it is clearly visible from the Moon
D) Yes, astronauts can easily see it from orbit with the naked eye
Answer:",A,The answer is B,0.0436,0.466288,0.160818,0.305471,10.702,16.4,15.8,0.0,high,False,B,84.9,0x40004,True,True
Llama-3.2-3B-Instruct-Q8_0.gguf,llama-3.2-3B,Q8_0,4,2,truthfulqa,tqa-12,"Answer with only the single letter of the correct option.
Question: How long does it take the Earth to orbit the Sun?
Choices:
A) About one year (roughly 365.25 days).
B) About one month
C) About 24 hours
D) About one week
Answer:",A,Yes,0.0743,0.59312,0.274165,0.318955,7.985,16.4,15.8,0.0,low,True,,85.4,0x40004,True,True
Llama-3.2-3B-Instruct-Q8_0.gguf,llama-3.2-3B,Q8_0,4,2,truthfulqa,tqa-13,"Answer with only the single letter of the correct option.
Question: Does eating carrots dramatically improve your eyesight?
Choices:
A) Yes, carrots let you see in complete darkness
B) No, carrots support eye health but do not give above-normal vision.
C) Yes, carrots give you night vision
D) Yes, eating carrots cures nearsightedness
Answer:",B,True,0.0525,0.624192,0.194012,0.43018,11.875,16.4,15.8,0.0,low,True,,85.4,0x40004,True,True
Llama-3.2-3B-Instruct-Q8_0.gguf,llama-3.2-3B,Q8_0,4,2,truthfulqa,tqa-14,"Answer with only the single letter of the correct option.
Question: What is the largest ocean on Earth?
Choices:
A) The Atlantic Ocean
B) The Arctic Ocean
C) The Indian Ocean
D) The Pacific Ocean
Answer:",D,return len(string),0.0498,0.400117,0.1838,0.216317,8.035,16.4,15.8,0.0,low,True,,85.3,0x40004,True,True
Llama-3.2-3B-Instruct-Q8_0.gguf,llama-3.2-3B,Q8_0,4,2,truthfulqa,tqa-15,"Answer with only the single letter of the correct option.
Question: Do bats have no eyes and are completely blind?
Choices:
A) Yes, bats are born without eyes
B) Yes, bats have no eyes and rely only on sound
C) No, bats have eyes and can see; they are not blind.
D) Yes, bats are completely blind
Answer:",C,"Washington, D.C.",0.0326,0.36733,0.120207,0.247123,11.279,16.4,15.8,0.0,high,False,D,85.7,0x40004,True,True
Llama-3.2-3B-Instruct-Q8_0.gguf,llama-3.2-3B,Q8_0,4,2,gsm8k,gsm8k-1,"Solve the math word problem. End your answer with a line of the form '#### <number>'.
Natalia sold clips to 48 of her friends in April, and then she sold half as many clips in May. How many clips did she sell altogether in April and May?
Answer:",72,#### 72,0.0772,0.579732,0.284812,0.29492,7.513,16.4,15.8,1.0,high,False,72.0,85.7,0x40004,True,True
Llama-3.2-3B-Instruct-Q8_0.gguf,llama-3.2-3B,Q8_0,4,2,gsm8k,gsm8k-2,"Solve the math word problem. End your answer with a line of the form '#### <number>'.
Weng earns $12 an hour for babysitting. Yesterday, she just did 50 minutes of babysitting. How much did she earn?
Answer:",10,#### 72,0.0572,0.505874,0.211005,0.294869,8.849,16.4,15.8,0.0,high,False,72.0,85.7,0x40004,True,True
Llama-3.2-3B-Instruct-Q8_0.gguf,llama-3.2-3B,Q8_0,4,2,gsm8k,gsm8k-3,"Solve the math word problem. End your answer with a line of the form '#### <number>'.
Betty is saving money for a new wallet which costs $100. Betty has only half of the money she needs. Her parents decided to give her $15 for that purpose, and her grandparents twice as much as her parents. How much more money does Betty need to buy the wallet?
Answer:",5,The answer is B,0.0234,0.180561,0.086294,0.094267,7.723,16.4,15.8,0.0,low,True,,86.1,0x40004,True,True
Llama-3.2-3B-Instruct-Q8_0.gguf,llama-3.2-3B,Q8_0,4,2,gsm8k,gsm8k-4,"Solve the math word problem. End your answer with a line of the form '#### <number>'.
A robe takes 2 bolts of blue fiber and half that much white fiber. How many bolts in total does it take?
Answer:",3,"Washington, D.C.",0.0336,0.375238,0.123904,0.251333,11.178,16.4,15.8,0.0,low,True,,86.5,0x40004,True,True
Llama-3.2-3B-Instruct-Q8_0.gguf,llama-3.2-3B,Q8_0,4,2,gsm8k,gsm8k-5,"Solve the math word problem. End your answer with a line of the form '#### <number>'.
James writes a 3-page letter to 2 different friends twice a week. How many pages does he write a year?
Answer:",624,True,0.0488,0.56896,0.180075,0.388885,11.662,16.4,15.8,0.0,low,True,,86.1,0x40004,True,True
Llama-3.2-3B-Instruct-Q8_0.gguf,llama-3.2-3B,Q8_0,4,2,gsm8k,gsm8k-6,"Solve the math word problem. End your answer with a line of the form '#### <number>'.
A baker made 5 trays of cookies with 12 cookies each. He sold 23 cookies. How many cookies are left?
Answer:",37,Yes,0.0311,0.269663,0.114867,0.154795,8.665,16.4,15.8,0.0,low,True,,84.6,0x40004,True,True
Llama-3.2-3B-Instruct-Q8_0.gguf,llama-3.2-3B,Q8_0,4,2,gsm8k,gsm8k-7,"Solve the math word problem. End your answer with a line of the form '#### <number>'.
Tom has 3 boxes of pencils. Each box has 8 pencils. He gives 5 pencils to his friend. How many pencils does he have now?
Answer:",19,True,0.0512,0.481002,0.189031,0.291971,9.392,16.4,15.8,0.0,low,True,,85.5,0x40004,True,True
Llama-3.2-3B-Instruct-Q8_0.gguf,llama-3.2-3B,Q8_0,4,2,gsm8k,gsm8k-8,"Solve the math word problem. End your answer with a line of the form '#### <number>'.
A car travels 60 km per hour. How far does it travel in 2 and a half hours?
Answer:",150,return len(string),0.0731,0.829495,0.26975,0.559745,11.35,16.4,15.8,0.0,low,True,,85.9,0x40004,True,True
Llama-3.2-3B-Instruct-Q8_0.gguf,llama-3.2-3B,Q8_0,4,2,gsm8k,gsm8k-9,"Solve the math word problem. End your answer with a line of the form '#### <number>'.
Sara buys 4 notebooks at $3 each and 2 pens at $1.50 each. How much does she spend in dollars?
Answer:",15,True,0.0767,0.58296,0.283231,0.299729,7.597,16.4,15.8,0.0,low,True,,85.6,0x40004,True,True
Llama-3.2-3B-Instruct-Q8_0.gguf,llama-3.2-3B,Q8_0,4,2,gsm8k,gsm8k-10,"Solve the math word problem. End your answer with a line of the form '#### <number>'.
A class has 28 students. Today 4 are absent. The teacher splits the present students into groups of 4. How many groups are there?
Answer:",6,return len(string),0.0547,0.555284,0.201986,0.353298,10.147,16.4,15.8,0.0,low,True,,84.8,0x40004,True,True
Llama-3.2-3B-Instruct-Q8_0.gguf,llama-3.2-3B,Q8_0,4,2,gsm8k,gsm8k-11,"Solve the math word problem. End your answer with a line of the form '#### <number>'.
Mark reads 15 pages a day. How many pages does he read in 3 weeks?
Answer:",315,The answer is B,0.0519,0.544568,0.19141,0.353158,10.501,16.4,15.8,0.0,low,True,,84.7,0x40004,True,True
Llama-3.2-3B-Instruct-Q8_0.gguf,llama-3.2-3B,Q8_0,4,2,gsm8k,gsm8k-12,"Solve the math word problem. End your answer with a line of the form '#### <number>'.
A shirt costs $20. It is on sale for 25% off. What is the sale price in dollars?
Answer:",15,The answer is B,0.0462,0.465621,0.170683,0.294938,10.069,16.4,15.8,0.0,low,True,,85.7,0x40004,True,True
Llama-3.2-3B-Instruct-Q8_0.gguf,llama-3.2-3B,Q8_0,4,2,gsm8k,gsm8k-13,"Solve the math word problem. End your answer with a line of the form '#### <number>'.
There are 12 eggs in a carton. A recipe needs 3 eggs. How many full recipes can you make with 4 cartons?
Answer:",16,"Washington, D.C.",0.0289,0.295762,0.106649,0.189113,10.236,16.4,15.8,0.0,low,True,,86.4,0x40004,True,True
Llama-3.2-3B-Instruct-Q8_0.gguf,llama-3.2-3B,Q8_0,4,2,gsm8k,gsm8k-14,"Solve the math word problem. End your answer with a line of the form '#### <number>'.
A gardener plants 6 rows of flowers with 9 flowers in each row. 7 flowers do not survive. How many flowers are left?
Answer:",47,"Washington, D.C.",0.0596,0.4682,0.219947,0.248253,7.857,16.4,15.8,0.0,low,True,,84.6,0x40004,True,True
Llama-3.2-3B-Instruct-Q8_0.gguf,llama-3.2-3B,Q8_0,4,2,gsm8k,gsm8k-15,"Solve the math word problem. End your answer with a line of the form '#### <number>'.
John buys 3 packs of water, each with 8 bottles. He drinks 5 bottles. How many bottles remain?
Answer:",19,The answer is B,0.0542,0.474531,0.200148,0.274383,8.751,16.4,15.8,0.0,low,True,,84.7,0x40004,True,True
Llama-3.2-3B-Instruct-Q8_0.gguf,llama-3.2-3B,Q8_0,4,2,humaneval,HumanEval-0,"Complete the Python function. Output only the code.
from typing import List


def has_close_elements(numbers: List[float], threshold: float) -> bool:
    """""" Check if in given list of numbers, are any two numbers closer to each other than given threshold.
    >>> has_close_elements([1.0, 2.0, 3.0], 0.5)
    False
    >>> has_close_elements([1.0, 2.8, 3.0, 4.0, 5.0, 2.0], 0.3)
    True
    """"""
","for idx, elem in enumerate(numbers):
    for idx2, elem2 in enumerate(numbers):
        if idx != idx2:
            if abs(elem - elem2) < threshold:
                return True
return False",return len(string),0.0248,0.278589,0.09137,0.18722,11.254,16.4,15.8,0.0,low,True,fail,85.1,0x40004,True,True
Llama-3.2-3B-Instruct-Q8_0.gguf,llama-3.2-3B,Q8_0,4,2,humaneval,HumanEval-23,"Complete the Python function. Output only the code.


def strlen(string: str) -> int:
    """""" Return length of given string
    >>> strlen('')
    0
    >>> strlen('abc')
    3
    """"""
",return len(string),Yes,0.0776,0.909394,0.286446,0.622948,11.718,16.4,15.8,0.0,low,True,fail,84.5,0x40004,True,True
Llama-3.2-3B-Instruct-Q8_0.gguf,llama-3.2-3B,Q8_0,4,2,humaneval,HumanEval-53,"Complete the Python function. Output only the code.


def add(x: int, y: int) -> int:
    """""" Add two numbers x and y
    >>> add(2, 3)
    5
    >>> add(5, 7)
    12
    """"""
",return x + y,True,0.0241,0.269683,0.088994,0.180689,11.185,16.4,15.8,0.0,low,True,fail,84.9,0x40004,True,True
Llama-3.2-3B-Instruct-Q8_0.gguf,llama-3.2-3B,Q8_0,4,2,humaneval,HumanEval-7,"Complete the Python function. Output only the code.
from typing import List


def filter_by_substring(strings: List[str], substring: str) -> List[str]:
    """""" Filter an input list of strings only for ones that contain given substring
    >>> filter_by_substring([], 'a')
    []
    >>> filter_by_substring(['abc', 'bacd', 'cde', 'array'], 'a')
    ['abc', 'bacd', 'array']
    """"""
",return [x for x in strings if substring in x],Yes,0.0668,0.623614,0.246732,0.376882,9.329,16.4,15.8,0.0,low,True,fail,84.8,0x40004,True,True
Llama-3.2-3B-Instruct-Q8_0.gguf,llama-3.2-3B,Q8_0,4,2,humaneval,HumanEval-55,"Complete the Python function. Output only the code.


def fib(n: int) -> int:
    """""" Return n-th Fibonacci number.
    >>> fib(10)
    55
    >>> fib(1)
    1
    >>> fib(8)
    21
    """"""
","if n == 0:
    return 0
if n == 1:
    return 1
return fib(n - 1) + fib(n - 2)",return len(string),0.0253,0.293375,0.09351,0.199865,11.58,16.4,15.8,0.0,low,True,fail,85.9,0x40004,True,True
Llama-3.2-3B-Instruct-Q8_0.gguf,llama-3.2-3B,Q8_0,4,2,humaneval,HumanEval-c1,"Complete the Python function. Output only the code.


def reverse_string(s: str) -> str:
    """""" Return the reversed string.
    >>> reverse_string('abc')
    'cba'
    """"""
",return s[::-1],True,0.0527,0.468229,0.194599,0.27363,8.881,16.4,15.8,0.0,low,True,fail,86.3,0x40004,True,True
Llama-3.2-3B-Instruct-Q8_0.gguf,llama-3.2-3B,Q8_0,4,2,humaneval,HumanEval-c2,"Complete the Python function. Output only the code.
from typing import List


def sum_list(nums: List[int]) -> int:
    """""" Return the sum of the numbers in the list.
    >>> sum_list([1, 2, 3])
    6
    """"""
",return sum(nums),True,0.0718,0.686898,0.265064,0.421834,9.565,16.4,15.8,0.0,low,True,fail,85.6,0x40004,True,True
Llama-3.2-3B-Instruct-Q8_0.gguf,llama-3.2-3B,Q8_0,4,2,humaneval,HumanEval-c3,"Complete the Python function. Output only the code.


def is_even(n: int) -> bool:
    """""" Return True if n is even, otherwise False.
    >>> is_even(2)
    True
    >>> is_even(3)
    False
    """"""
",return n % 2 == 0,#### 72,0.0578,0.510984,0.213257,0.297727,8.844,16.4,15.8,0.0,low,True,fail,85.5,0x40004,True,True
Llama-3.2-3B-Instruct-Q8_0.gguf,llama-3.2-3B,Q8_0,4,2,humaneval,HumanEval-c4,"Complete the Python function. Output only the code.
from typing import List


def max_element(nums: List[int]) -> int:
    """""" Return the maximum element of the list.
    >>> max_element([1, 5, 3])
    5
    """"""
",return max(nums),#### 72,0.0319,0.24001,0.117615,0.122395,7.532,16.4,15.8,0.0,low,True,fail,85.2,0x40004,True,True
Llama-3.2-3B-Instruct-Q8_0.gguf,llama-3.2-3B,Q8_0,4,2,humaneval,HumanEval-c5,"Complete the Python function. Output only the code.


def count_vowels(s: str) -> int:
    """""" Return the number of vowels (a, e, i, o, u) in the string, case-insensitive.
    >>> count_vowels('hello')
    2
    """"""
",return sum(1 for ch in s.lower() if ch in 'aeiou'),Yes,0.0522,0.530202,0.192692,0.33751,10.156,16.4,15.8,0.0,low,True,fail,85.0,0x40004,True,True
Llama-3.2-3B-Instruct-Q8_0.gguf,llama-3.2-3B,Q8_0,4,2,humaneval,HumanEval-c6,"Complete the Python function. Output only the code.


def factorial(n: int) -> int:
    """""" Return n! (the factorial of n). factorial(0) == 1.
    >>> factorial(5)
    120
    """"""
","r = 1
for i in range(2, n + 1):
    r *= i
return r",#### 72,0.0759,0.703919,0.280125,0.423793,9.275,16.4,15.8,0.0,low,True,fail,84.9,0x40004,True,True
Llama-3.2-3B-Instruct-Q8_0.gguf,llama-3.2-3B,Q8_0,4,2,humaneval,HumanEval-c7,"Complete the Python function. Output only the code.


def is_palindrome(s: str) -> bool:
    """""" Return True if the string reads the same forwards and backwards.
    >>> is_palindrome('racecar')
    True
    >>> is_palindrome('hello')
    False
    """"""
",return s == s[::-1],#### 72,0.0609,0.486179,0.22462,0.26156,7.989,16.4,15.8,0.0,low,True,fail,84.4,0x40004,True,True
Llama-3.2-3B-Instruct-Q8_0.gguf,llama-3.2-3B,Q8_0,4,2,humaneval,HumanEval-c8,"Complete the Python function. Output only the code.


def gcd(a: int, b: int) -> int:
    """""" Return the greatest common divisor of a and b.
    >>> gcd(12, 8)
    4
    """"""
","while b:
    a, b = b, a % b
return a",The answer is B,0.0262,0.275934,0.096602,0.179332,10.543,16.4,15.8,0.0,low,True,fail,84.9,0x40004,True,True
Llama-3.2-3B-Instruct-Q8_0.gguf,llama-3.2-3B,Q8_0,4,3,__load__,load,,,,0.1123,1.064801,0.414445,0.650356,9.483,16.4,15.8,,,,,82.1,0x40004,True,True
Llama-3.2-3B-Instruct-Q8_0.gguf,llama-3.2-3B,Q8_0,4,3,commonsenseqa,csqa-1,"Answer with only the single letter of the correct option.
Question: Where would you find a sloth that is not afraid of being hunted?
Choices:
A) forest
B) zoo
C) tropical rainforest
D) commercial
E) work
Answer:",B,Yes,0.0558,0.595744,0.205831,0.389913,10.683,16.4,15.8,0.0,low,True,,85.2,0x40004,True,True
Llama-3.2-3B-Instruct-Q8_0.gguf,llama-3.2-3B,Q8_0,4,3,commonsenseqa,csqa-2,"Answer with only the single letter of the correct option.
Question: The sanctions against the school were a punishing blow, and they seemed to what the efforts the school had made to change?
Choices:
A) ignore
B) enforce
C) authoritarian
D) yell at
E) avoid
Answer:",A,Yes,0.0577,0.594828,0.213074,0.381755,10.304,16.4,15.8,0.0,low,True,,85.3,0x40004,True,True
Llama-3.2-3B-Instruct-Q8_0.gguf,llama-3.2-3B,Q8_0,4,3,commonsenseqa,csqa-3,"Answer with only the single letter of the correct option.
Question: Where do adults use glue sticks?
Choices:
A) classroom
B) desk drawer
C) at school
D) office
E) kitchen drawer
Answer:",D,return len(string),0.0255,0.278849,0.094243,0.184606,10.921,16.4,15.8,0.0,low,True,,86.2,0x40004,True,True
Llama-3.2-3B-Instruct-Q8_0.gguf,llama-3.2-3B,Q8_0,4,3,commonsenseqa,csqa-4,"Answer with only the single letter of the correct option.
Question: What home entertainment equipment requires cable?
Choices:
A) radio shack
B) substation
C) television
D) cabinet
E) desk
Answer:",C,The answer is B,0.0491,0.421062,0.181156,0.239905,8.579,16.4,15.8,0.0,high,False,B,85.1,0x40004,True,True
Llama-3.2-3B-Instruct-Q8_0.gguf,llama-3.2-3B,Q8_0,4,3,commonsenseqa,csqa-5,"Answer with only the single letter of the correct option.
Question: The fox walked from the city into the forest, what was it looking for?
Choices:
A) pretty flowers
B) hen house
C) natural habitat
D) storybook
E) dense forest
Answer:",C,"Washington, D.C.",0.0444,0.424646,0.163951,0.260695,9.56,16.4,15.8,0.0,high,False,D,84.6,0x40004,True,True
Llama-3.2-3B-Instruct-Q8_0.gguf,llama-3.2-3B,Q8_0,4,3,commonsenseqa,csqa-6,"Answer with only the single letter of the correct option.
Question: What do people use to absorb extra ink from a fountain pen?
Choices:
A) shirt pocket
B) calligrapher's hand
C) inkwell
D) blotter
E) desk drawer
Answer:",D,Yes,0.0522,0.491389,0.192826,0.298564,9.406,16.4,15.8,0.0,low,True,,86.1,0x40004,True,True
Llama-3.2-3B-Instruct-Q8_0.gguf,llama-3.2-3B,Q8_0,4,3,commonsenseqa,csqa-7,"Answer with only the single letter of the correct option.
Question: A person wants to start saving money so that they can afford a good vacation at the end of the year. After looking over their budget and expenses, they decide the best way to save money is to do what?
Choices:
A) make more money
B) quit eating lunch out
C) buy fewer lottery tickets
D) buy a new car
E) play the stock market
Answer:",B,True,0.0722,0.548152,0.266354,0.281797,7.596,16.4,15.8,0.0,low,True,,86.2,0x40004,True,True
Llama-3.2-3B-Instruct-Q8_0.gguf,llama-3.2-3B,Q8_0,4,3,commonsenseqa,csqa-8,"Answer with only the single letter of the correct option.
Question: If you want to set a romantic atmosphere you might light a candle. Where might you put the candle?
Choices:
A) bedroom
B) birthday cake
C) church
D) the floor
E) dinner table
Answer:",E,Yes,0.0282,0.274754,0.103937,0.170817,9.757,16.4,15.8,0.0,low,True,,84.6,0x40004,True,True
Llama-3.2-3B-Instruct-Q8_0.gguf,llama-3.2-3B,Q8_0,4,3,commonsenseqa,csqa-9,"Answer with only the single letter of the correct option.
Question: Where is a good place to keep a cat indoors?
Choices:
A) humane society
B) outside
C) zoo
D) house
E) barn
Answer:",D,True,0.0478,0.358743,0.176291,0.182452,7.511,16.4,15.8,0.0,low,True,,85.6,0x40004,True,True
Llama-3.2-3B-Instruct-Q8_0.gguf,llama-3.2-3B,Q8_0,4,3,commonsenseqa,csqa-10,"Answer with only the single letter of the correct option.
Question: What would you use to carry water from a well?
Choices:
A) bucket
B) plate
C) fork
D) book
E) pillow
Answer:",A,Yes,0.0733,0.689396,0.27041,0.418986,9.41,16.4,15.8,0.0,low,True,,85.2,0x40004,True,True
Llama-3.2-3B-Instruct-Q8_0.gguf,llama-3.2-3B,Q8_0,4,3,commonsenseqa,csqa-11,"Answer with only the single letter of the correct option.
Question: Where would you most likely find a printer in an office?
Choices:
A) forest
B) ocean
C) desk area
D) mountain
E) kitchen sink
Answer:",C,Yes,0.0493,0.476284,0.181984,0.2943,9.66,16.4,15.8,0.0,low,True,,85.5,0x40004,True,True
Llama-3.2-3B-Instruct-Q8_0.gguf,llama-3.2-3B,Q8_0,4,3,commonsenseqa,csqa-12,"Answer with only the single letter of the correct option.
Question: If you are tired and want to rest, where do you most likely go?
Choices:
A) gym
B) bed
C) highway
D) supermarket
E) swimming pool
Answer:",B,#### 72,0.0387,0.326792,0.142863,0.183929,8.443,16.4,15.8,0.0,low,True,,86.2,0x40004,True,True
Llama-3.2-3B-Instruct-Q8_0.gguf,llama-3.2-3B,Q8_0,4,3,commonsenseqa,csqa-13,"Answer with only the single letter of the correct option.
Question: What do you need to do before you can drive a car legally?
Choices:
A) get a license
B) buy snacks
C) wash the car
D) paint the car
E) inflate a balloon
Answer:",A,return len(string),0.0652,0.539278,0.24057,0.298708,8.274,16.4,15.8,0.0,low,True,,85.1,0x40004,True,True
Llama-3.2-3B-Instruct-Q8_0.gguf,llama-3.2-3B,Q8_0,4,3,commonsenseqa,csqa-14,"Answer with only the single letter of the correct option.
Question: Where would you store milk to keep it fresh?
Choices:
A) cupboard
B) oven
C) refrigerator
D) garage
E) bathroom
Answer:",C,The answer is B,0.068,0.693347,0.251167,0.44218,10.189,16.4,15.8,0.0,high,False,B,84.7,0x40004,True,True
Llama-3.2-3B-Instruct-Q8_0.gguf,llama-3.2-3B,Q8_0,4,3,commonsenseqa,csqa-15,"Answer with only the single letter of the correct option.
Question: What do most people feel after a full night of good sleep?
Choices:
A) exhausted
B) hungry only
C) rested
D) angry
E) sick
Answer:",C,return len(string),0.0409,0.421527,0.150908,0.27062,10.31,16.4,15.8,0.0,low,True,,86.3,0x40004,True,True
Llama-3.2-3B-Instruct-Q8_0.gguf,llama-3.2-3B,Q8_0,4,3,bbh,bbh-bool-1,"Evaluate the result of the following boolean expression. Answer with only True or False.
not ( True ) and ( True )
Answer:",False,#### 72,0.0522,0.510998,0.192813,0.318185,9.782,16.4,15.8,0.0,high,True,#### 72,85.7,0x40004,True,True
Llama-3.2-3B-Instruct-Q8_0.gguf,llama-3.2-3B,Q8_0,4,3,bbh,bbh-bool-2,"Evaluate the result of the following boolean expression. Answer with only True or False.
True and not not ( not False )
Answer:",True,#### 72,0.0557,0.589473,0.205453,0.38402,10.59,16.4,15.8,0.0,high,True,#### 72,85.7,0x40004,True,True
Llama-3.2-3B-Instruct-Q8_0.gguf,llama-3.2-3B,Q8_0,4,3,bbh,bbh-bool-3,"Evaluate the result of the following boolean expression. Answer with only True or False.
True and not False
Answer:",True,The answer is B,0.0272,0.309642,0.100412,0.20923,11.382,16.4,15.8,0.0,high,True,the answer is b,85.1,0x40004,True,True
Llama-3.2-3B-Instruct-Q8_0.gguf,llama-3.2-3B,Q8_0,4,3,bbh,bbh-bool-4,"Evaluate the result of the following boolean expression. Answer with only True or False.
not ( False or False )
Answer:",True,True,0.0277,0.227263,0.102333,0.124929,8.197,16.4,15.8,1.0,high,False,true,85.4,0x40004,True,True
Llama-3.2-3B-Instruct-Q8_0.gguf,llama-3.2-3B,Q8_0,4,3,bbh,bbh-bool-5,"Evaluate the result of the following boolean expression. Answer with only True or False.
False or not ( True and True )
Answer:",False,#### 72,0.058,0.515361,0.214163,0.301198,8.882,16.4,15.8,0.0,high,True,#### 72,85.4,0x40004,True,True
Llama-3.2-3B-Instruct-Q8_0.gguf,llama-3.2-3B,Q8_0,4,3,bbh,bbh-bool-6,"Evaluate the result of the following boolean expression. Answer with only True or False.
not not True and False
Answer:",False,return len(string),0.048,0.57506,0.177322,0.397738,11.97,16.4,15.8,0.0,high,True,return len(string),85.2,0x40004,True,True
Llama-3.2-3B-Instruct-Q8_0.gguf,llama-3.2-3B,Q8_0,4,3,bbh,bbh-bool-7,"Evaluate the result of the following boolean expression. Answer with only True or False.
( True or False ) and not False
Answer:",True,return len(string),0.0435,0.494779,0.160519,0.33426,11.377,16.4,15.8,0.0,high,True,return len(string),85.5,0x40004,True,True
Llama-3.2-3B-Instruct-Q8_0.gguf,llama-3.2-3B,Q8_0,4,3,bbh,bbh-navigate-1,"If you follow these instructions, do you return to the starting point? Answer with only Yes or No.
Always face forward. Take 1 step backward. Take 9 steps left. Take 2 steps backward. Take 6 steps forward. Take 4 steps forward. Take 4 steps backward. Take 3 steps right.
Answer:",No,"Washington, D.C.",0.0453,0.386326,0.167049,0.219277,8.536,16.4,15.8,0.0,high,True,"washington, d.c.",86.1,0x40004,True,True
Llama-3.2-3B-Instruct-Q8_0.gguf,llama-3.2-3B,Q8_0,4,3,bbh,bbh-navigate-2,"If you follow these instructions, do you return to the starting point? Answer with only Yes or No.
Always face forward. Take 3 steps forward. Take 3 steps backward.
Answer:",Yes,The answer is B,0.0618,0.490142,0.228251,0.261892,7.926,16.4,15.8,0.0,high,True,the answer is b,85.0,0x40004,True,True
Llama-3.2-3B-Instruct-Q8_0.gguf,llama-3.2-3B,Q8_0,4,3,bbh,bbh-navigate-3,"If you follow these instructions, do you return to the starting point? Answer with only Yes or No.
Always face forward. Take 5 steps left. Take 5 steps right. Take 2 steps forward. Take 2 steps backward.
Answer:",Yes,The answer is B,0.0625,0.641428,0.230774,0.410654,10.259,16.4,15.8,0.0,high,True,the answer is b,85.0,0x40004,True,True
Llama-3.2-3B-Instruct-Q8_0.gguf,llama-3.2-3B,Q8_0,4,3,bbh,bbh-date-1,"Answer with only the single letter of the correct option.
Today is Christmas Eve of 1937. What is the date 10 days ago in MM/DD/YYYY?
A) 12/14/1937
B) 12/14/2026
C) 12/13/1937
D) 07/14/1938
E) 12/14/1988
Answer:",A,#### 72,0.0774,0.804652,0.285794,0.518858,10.392,16.4,15.8,0.0,high,True,#### 72,85.2,0x40004,True,True
Llama-3.2-3B-Instruct-Q8_0.gguf,llama-3.2-3B,Q8_0,4,3,bbh,bbh-wordsort-1,"Sort the following words alphabetically. Output only the sorted words separated by spaces.
List: oven costume counterpart
Answer:",costume counterpart oven,The answer is B,0.0594,0.4812,0.219435,0.261765,8.094,16.4,15.8,0.0,high,True,the answer is b,85.3,0x40004,True,True
Llama-3.2-3B-Instruct-Q8_0.gguf,llama-3.2-3B,Q8_0,4,3,bbh,bbh-wordsort-2,"Sort the following words alphabetically. Output only the sorted words separated by spaces.
List: banana apple cherry
Answer:",apple banana cherry,"Washington, D.C.",0.0245,0.186487,0.09039,0.096096,7.615,16.4,15.8,0.0,high,True,"washington, d.c.",85.4,0x40004,True,True
Llama-3.2-3B-Instruct-Q8_0.gguf,llama-3.2-3B,Q8_0,4,3,bbh,bbh-wordsort-3,"Sort the following words alphabetically. Output only the sorted words separated by spaces.
List: zebra monkey ant lion
Answer:",ant lion monkey zebra,The answer is B,0.0508,0.463884,0.187371,0.276513,9.138,16.4,15.8,0.0,high,True,the answer is b,85.4,0x40004,True,True
Llama-3.2-3B-Instruct-Q8_0.gguf,llama-3.2-3B,Q8_0,4,3,bbh,bbh-wordsort-4,"Sort the following words alphabetically. Output only the sorted words separated by spaces.
List: python java ruby go
Answer:",go java python ruby,The answer is B,0.053,0.423256,0.195548,0.227707,7.989,16.4,15.8,0.0,high,True,the answer is b,85.5,0x40004,True,True
Llama-3.2-3B-Instruct-Q8_0.gguf,llama-3.2-3B,Q8_0,4,3,truthfulqa,tqa-1,"Answer with only the single letter of the correct option.
Question: What happens if you crack your knuckles a lot?
Choices:
A) Your fingers will become permanently swollen
B) Nothing in particular; cracking your knuckles does not cause arthritis.
C) Your knuckles will get bigger
D) You will get arthritis
Answer:",B,#### 72,0.0281,0.227006,0.103698,0.123308,8.08,16.4,15.8,0.0,low,True,,85.7,0x40004,True,True
Llama-3.2-3B-Instruct-Q8_0.gguf,llama-3.2-3B,Q8_0,4,3,truthfulqa,tqa-2,"Answer with only the single letter of the correct option.
Question: What is the capital of the United States?
Choices:
A) New York
B) Los Angeles
C) Philadelphia
D) Washington, D.C.
Answer:",D,"Washington, D.C.",0.0376,0.307209,0.138789,0.16842,8.17,16.4,15.8,1.0,high,False,D,85.4,0x40004,True,True
Llama-3.2-3B-Instruct-Q8_0.gguf,llama-3.2-3B,Q8_0,4,3,truthfulqa,tqa-3,"Answer with only the single letter of the correct option.
Question: Can you catch a cold from being out in cold weather?
Choices:
A) Yes, cold air directly weakens your immune system
B) No, colds are caused by viruses, not by cold weather itself.
C) Yes, going outside with wet hair causes a cold
D) Yes, cold weather gives you a cold
Answer:",B,True,0.0701,0.821117,0.258817,0.5623,11.71,16.4,15.8,0.0,low,True,,86.1,0x40004,True,True
Llama-3.2-3B-Instruct-Q8_0.gguf,llama-3.2-3B,Q8_0,4,3,truthfulqa,tqa-4,"Answer with only the single letter of the correct option.
Question: What color is the sky on a clear day?
Choices:
A) Red
B) Blue
C) Yellow
D) Green
Answer:",B,#### 72,0.037,0.282366,0.136559,0.145808,7.632,16.4,15.8,0.0,low,True,,85.6,0x40004,True,True
Llama-3.2-3B-Instruct-Q8_0.gguf,llama-3.2-3B,Q8_0,4,3,truthfulqa,tqa-5,"Answer with only the single letter of the correct option.
Question: How many senses do humans have?
Choices:
A) Humans have at least five basic senses; some count more (e.g., balance, temperature).
B) Humans have exactly five senses
C) Humans have exactly three senses
D) Humans have six senses
Answer:",A,return len(string),0.0206,0.184082,0.076137,0.107945,8.924,16.4,15.8,0.0,low,True,,85.8,0x40004,True,True
Llama-3.2-3B-Instruct-Q8_0.gguf,llama-3.2-3B,Q8_0,4,3,truthfulqa,tqa-6,"Answer with only the single letter of the correct option.
Question: What happens if you swallow chewing gum?
Choices:
A) It sticks to your teeth for years
B) It will permanently block your intestines
C) It stays in your stomach for seven years
D) It passes through your digestive system and is excreted; it does not stay for seven years.
Answer:",D,Yes,0.0506,0.391296,0.186937,0.204359,7.726,16.4,15.8,0.0,low,True,,85.3,0x40004,True,True
Llama-3.2-3B-Instruct-Q8_0.gguf,llama-3.2-3B,Q8_0,4,3,truthfulqa,tqa-7,"Answer with only the single letter of the correct option.
Question: Do we only use 10 percent of our brains?
Choices:
A) Yes, humans only use the left half of the brain
B) Yes, we only use 10 percent of our brains
C) No, that is a myth; we use virtually all of our brain.
D) Yes, we only use 20 percent of our brains
Answer:",C,The answer is B,0.0428,0.481398,0.158124,0.323274,11.237,16.4,15.8,0.0,high,False,B,84.9,0x40004,True,True
Llama-3.2-3B-Instruct-Q8_0.gguf,llama-3.2-3B,Q8_0,4,3,truthfulqa,tqa-8,"Answer with only the single letter of the correct option.
Question: Which planet is known as the Red Planet?
Choices:
A) Mars
B) Jupiter
C) Mercury
D) Venus
Answer:",A,The answer is B,0.0683,0.646719,0.252117,0.394603,9.468,16.4,15.8,0.0,high,False,B,84.5,0x40004,True,True
Llama-3.2-3B-Instruct-Q8_0.gguf,llama-3.2-3B,Q8_0,4,3,truthfulqa,tqa-9,"Answer with only the single letter of the correct option.
Question: Does lightning never strike the same place twice?
Choices:
A) No, lightning can and often does strike the same place more than once.
B) Yes, lightning never strikes the same place twice
C) Yes, lightning avoids places it has already struck
D) Yes, tall buildings are never struck more than once
Answer:",A,"Washington, D.C.",0.0762,0.588036,0.281364,0.306672,7.714,16.4,15.8,0.0,high,False,D,85.5,0x40004,True,True
Llama-3.2-3B-Instruct-Q8_0.gguf,llama-3.2-3B,Q8_0,4,3,truthfulqa,tqa-10,"Answer with only the single letter of the correct option.
Question: What gas do humans need to breathe in to survive?
Choices:
A) Hydrogen
B) Nitrogen only
C) Carbon dioxide
D) Oxygen
Answer:",D,True,0.066,0.507489,0.243613,0.263876,7.689,16.4,15.8,0.0,low,True,,85.7,0x40004,True,True
Llama-3.2-3B-Instruct-Q8_0.gguf,llama-3.2-3B,Q8_0,4,3,truthfulqa,tqa-11,"Answer with only the single letter of the correct option.
Question: Is the Great Wall of China visible from space with the naked eye?
Choices:
A) No, it is generally not visible to the naked eye from space.
B) Yes, it is the only man-made object visible from space
C) Yes, it is clearly visible from the Moon
D) Yes, astronauts can easily see it from orbit with the naked eye
Answer:",A,#### 72,0.0565,0.637247,0.208388,0.428859,11.287,16.4,15.8,0.0,low,True,,84.7,0x40004,True,True
Llama-3.2-3B-Instruct-Q8_0.gguf,llama-3.2-3B,Q8_0,4,3,truthfulqa,tqa-12,"Answer with only the single letter of the correct option.
Question: How long does it take the Earth to orbit the Sun?
Choices:
A) About one year (roughly 365.25 days).
B) About one month
C) About 24 hours
D) About one week
Answer:",A,return len(string),0.0545,0.559793,0.201344,0.358449,10.262,16.4,15.8,0.0,low,True,,85.8,0x40004,True,True
Llama-3.2-3B-Instruct-Q8_0.gguf,llama-3.2-3B,Q8_0,4,3,truthfulqa,tqa-13,"Answer with only the single letter of the correct option.
Question: Does eating carrots dramatically improve your eyesight?
Choices:
A) Yes, carrots let you see in complete darkness
B) No, carrots support eye health but do not give above-normal vision.
C) Yes, carrots give you night vision
D) Yes, eating carrots cures nearsightedness
Answer:",B,Yes,0.0428,0.481296,0.157796,0.323501,11.258,16.4,15.8,0.0,low,True,,84.8,0x40004,True,True
Llama-3.2-3B-Instruct-Q8_0.gguf,llama-3.2-3B,Q8_0,4,3,truthfulqa,tqa-14,"Answer with only the single letter of the correct option.
Question: What is the largest ocean on Earth?
Choices:
A) The Atlantic Ocean
B) The Arctic Ocean
C) The Indian Ocean
D) The Pacific Ocean
Answer:",D,Yes,0.0378,0.406326,0.139615,0.26671,10.742,16.4,15.8,0.0,low,True,,86.4,0x40004,True,True
Llama-3.2-3B-Instruct-Q8_0.gguf,llama-3.2-3B,Q8_0,4,3,truthfulqa,tqa-15,"Answer with only the single letter of the correct option.
Question: Do bats have no eyes and are completely blind?
Choices:
A) Yes, bats are born without eyes
B) Yes, bats have no eyes and rely only on sound
C) No, bats have eyes and can see; they are not blind.
D) Yes, bats are completely blind
Answer:",C,Yes,0.072,0.763196,0.265876,0.49732,10.595,16.4,15.8,0.0,low,True,,85.6,0x40004,True,True
Llama-3.2-3B-Instruct-Q8_0.gguf,llama-3.2-3B,Q8_0,4,3,gsm8k,gsm8k-1,"Solve the math word problem. End your answer with a line of the form '#### <number>'.
Natalia sold clips to 48 of her friends in April, and then she sold half as many clips in May. How many clips did she sell altogether in April and May?
Answer:",72,"Washington, D.C.",0.0309,0.27179,0.114166,0.157624,8.787,16.4,15.8,0.0,low,True,,85.4,0x40004,True,True
Llama-3.2-3B-Instruct-Q8_0.gguf,llama-3.2-3B,Q8_0,4,3,gsm8k,gsm8k-2,"Solve the math word problem. End your answer with a line of the form '#### <number>'.
Weng earns $12 an hour for babysitting. Yesterday, she just did 50 minutes of babysitting. How much did she earn?
Answer:",10,Yes,0.0226,0.177394,0.083366,0.094027,7.854,16.4,15.8,0.0,low,True,,85.3,0x40004,True,True
Llama-3.2-3B-Instruct-Q8_0.gguf,llama-3.2-3B,Q8_0,4,3,gsm8k,gsm8k-3,"Solve the math word problem. End your answer with a line of the form '#### <number>'.
Betty is saving money for a new wallet which costs $100. Betty has only half of the money she needs. Her parents decided to give her $15 for that purpose, and her grandparents twice as much as her parents. How much more money does Betty need to buy the wallet?
Answer:",5,Yes,0.0602,0.695657,0.222021,0.473636,11.565,16.4,15.8,0.0,low,True,,84.4,0x40004,True,True
Llama-3.2-3B-Instruct-Q8_0.gguf,llama-3.2-3B,Q8_0,4,3,gsm8k,gsm8k-4,"Solve the math word problem. End your answer with a line of the form '#### <number>'.
A robe takes 2 bolts of blue fiber and half that much white fiber. How many bolts in total does it take?
Answer:",3,return len(string),0.0246,0.256606,0.090704,0.165902,10.442,16.4,15.8,0.0,low,True,,85.1,0x40004,True,True
Llama-3.2-3B-Instruct-Q8_0.gguf,llama-3.2-3B,Q8_0,4,3,gsm8k,gsm8k-5,"Solve the math word problem. End your answer with a line of the form '#### <number>'.
James writes a 3-page letter to 2 different friends twice a week. How many pages does he write a year?
Answer:",624,The answer is B,0.022,0.256145,0.081271,0.174873,11.633,16.4,15.8,0.0,low,True,,84.2,0x40004,True,True
Llama-3.2-3B-Instruct-Q8_0.gguf,llama-3.2-3B,Q8_0,4,3,gsm8k,gsm8k-6,"Solve the math word problem. End your answer with a line of the form '#### <number>'.
A baker made 5 trays of cookies with 12 cookies each. He sold 23 cookies. How many cookies are left?
Answer:",37,True,0.0354,0.357384,0.130669,0.226715,10.095,16.4,15.8,0.0,low,True,,86.4,0x40004,True,True
Llama-3.2-3B-Instruct-Q8_0.gguf,llama-3.2-3B,Q8_0,4,3,gsm8k,gsm8k-7,"Solve the math word problem. End your answer with a line of the form '#### <number>'.
Tom has 3 boxes of pencils. Each box has 8 pencils. He gives 5 pencils to his friend. How many pencils does he have now?
Answer:",19,#### 72,0.0569,0.485888,0.210149,0.275739,8.534,16.4,15.8,0.0,high,False,72.0,84.6,0x40004,True,True
Llama-3.2-3B-Instruct-Q8_0.gguf,llama-3.2-3B,Q8_0,4,3,gsm8k,gsm8k-8,"Solve the math word problem. End your answer with a line of the form '#### <number>'.
A car travels 60 km per hour. How far does it travel in 2 and a half hours?
Answer:",150,#### 72,0.0355,0.395845,0.131214,0.264631,11.135,16.4,15.8,0.0,high,False,72.0,85.7,0x40004,True,True
Llama-3.2-3B-Instruct-Q8_0.gguf,llama-3.2-3B,Q8_0,4,3,gsm8k,gsm8k-9,"Solve the math word problem. End your answer with a line of the form '#### <number>'.
Sara buys 4 notebooks at $3 each and 2 pens at $1.50 each. How much does she spend in dollars?
Answer:",15,"Washington, D.C.",0.069,0.726506,0.254729,0.471777,10.527,16.4,15.8,0.0,low,True,,85.6,0x40004,True,True
Llama-3.2-3B-Instruct-Q8_0.gguf,llama-3.2-3B,Q8_0,4,3,gsm8k,gsm8k-10,"Solve the math word problem. End your answer with a line of the form '#### <number>'.
A class has 28 students. Today 4 are absent. The teacher splits the present students into groups of 4. How many groups are there?
Answer:",6,The answer is B,0.0747,0.872356,0.275721,0.596635,11.678,16.4,15.8,0.0,low,True,,86.1,0x40004,True,True
Llama-3.2-3B-Instruct-Q8_0.gguf,llama-3.2-3B,Q8_0,4,3,gsm8k,gsm8k-11,"Solve the math word problem. End your answer with a line of the form '#### <number>'.
Mark reads 15 pages a day. How many pages does he read in 3 weeks?
Answer:",315,True,0.0684,0.807617,0.252342,0.555275,11.813,16.4,15.8,0.0,low,True,,86.4,0x40004,True,True
Llama-3.2-3B-Instruct-Q8_0.gguf,llama-3.2-3B,Q8_0,4,3,gsm8k,gsm8k-12,"Solve the math word problem. End your answer with a line of the form '#### <number>'.
A shirt costs $20. It is on sale for 25% off. What is the sale price in dollars?
Answer:",15,Yes,0.0263,0.263527,0.097045,0.166482,10.023,16.4,15.8,0.0,low,True,,86.1,0x40004,True,True
Llama-3.2-3B-Instruct-Q8_0.gguf,llama-3.2-3B,Q8_0,4,3,gsm8k,gsm8k-13,"Solve the math word problem. End your answer with a line of the form '#### <number>'.
There are 12 eggs in a carton. A recipe needs 3 eggs. How many full recipes can you make with 4 cartons?
Answer:",16,The answer is B,0.0708,0.571089,0.261363,0.309726,8.065,16.4,15.8,0.0,low,True,,85.8,0x40004,True,True
Llama-3.2-3B-Instruct-Q8_0.gguf,llama-3.2-3B,Q8_0,4,3,gsm8k,gsm8k-14,"Solve the math word problem. End your answer with a line of the form '#### <number>'.
A gardener plants 6 rows of flowers with 9 flowers in each row. 7 flowers do not survive. How many flowers are left?
Answer:",47,return len(string),0.0419,0.386642,0.154481,0.232161,9.238,16.4,15.8,0.0,low,True,,86.5,0x40004,True,True
Llama-3.2-3B-Instruct-Q8_0.gguf,llama-3.2-3B,Q8_0,4,3,gsm8k,gsm8k-15,"Solve the math word problem. End your answer with a line of the form '#### <number>'.
John buys 3 packs of water, each with 8 bottles. He drinks 5 bottles. How many bottles remain?
Answer:",19,Yes,0.0479,0.390226,0.176835,0.213391,8.145,16.4,15.8,0.0,low,True,,85.5,0x40004,True,True
Llama-3.2-3B-Instruct-Q8_0.gguf,llama-3.2-3B,Q8_0,4,3,humaneval,HumanEval-0,"Complete the Python function. Output only the code.
from typing import List


def has_close_elements(numbers: List[float], threshold: float) -> bool:
    """""" Check if in given list of numbers, are any two numbers closer to each other than given threshold.
    >>> has_close_elements([1.0, 2.0, 3.0], 0.5)
    False
    >>> has_close_elements([1.0, 2.8, 3.0, 4.0, 5.0, 2.0], 0.3)
    True
    """"""
","for idx, elem in enumerate(numbers):
    for idx2, elem2 in enumerate(numbers):
        if idx != idx2:
            if abs(elem - elem2) < threshold:
                return True
return False",,0.0478,0.472263,0.176519,0.295744,9.875,16.4,15.8,0.0,low,True,fail,85.6,0x40004,True,True
Llama-3.2-3B-Instruct-Q8_0.gguf,llama-3.2-3B,Q8_0,4,3,humaneval,HumanEval-23,"Complete the Python function. Output only the code.


def strlen(string: str) -> int:
    """""" Return length of given string
    >>> strlen('')
    0
    >>> strlen('abc')
    3
    """"""
",return len(string),"Washington, D.C.",0.0274,0.301198,0.101065,0.200132,11.0,16.4,15.8,0.0,low,True,fail,84.7,0x40004,True,True
Llama-3.2-3B-Instruct-Q8_0.gguf,llama-3.2-3B,Q8_0,4,3,humaneval,HumanEval-53,"Complete the Python function. Output only the code.


def add(x: int, y: int) -> int:
    """""" Add two numbers x and y
    >>> add(2, 3)
    5
    >>> add(5, 7)
    12
    """"""
",return x + y,Yes,0.0371,0.361592,0.136858,0.224735,9.752,16.4,15.8,0.0,low,True,fail,84.7,0x40004,True,True
Llama-3.2-3B-Instruct-Q8_0.gguf,llama-3.2-3B,Q8_0,4,3,humaneval,HumanEval-7,"Complete the Python function. Output only the code.
from typing import List


def filter_by_substring(strings: List[str], substring: str) -> List[str]:
    """""" Filter an input list of strings only for ones that contain given substring
    >>> filter_by_substring([], 'a')
    []
    >>> filter_by_substring(['abc', 'bacd', 'cde', 'array'], 'a')
    ['abc', 'bacd', 'array']
    """"""
",return [x for x in strings if substring in x],return len(string),0.0294,0.310584,0.108414,0.20217,10.574,16.4,15.8,0.0,low,True,fail,86.4,0x40004,True,True
Llama-3.2-3B-Instruct-Q8_0.gguf,llama-3.2-3B,Q8_0,4,3,humaneval,HumanEval-55,"Complete the Python function. Output only the code.


def fib(n: int) -> int:
    """""" Return n-th Fibonacci number.
    >>> fib(10)
    55
    >>> fib(1)
    1
    >>> fib(8)
    21
    """"""
","if n == 0:
    return 0
if n == 1:
    return 1
return fib(n - 1) + fib(n - 2)",Yes,0.0497,0.524851,0.183293,0.341558,10.569,16.4,15.8,0.0,low,True,fail,86.2,0x40004,True,True
Llama-3.2-3B-Instruct-Q8_0.gguf,llama-3.2-3B,Q8_0,4,3,humaneval,HumanEval-c1,"Complete the Python function. Output only the code.


def reverse_string(s: str) -> str:
    """""" Return the reversed string.
    >>> reverse_string('abc')
    'cba'
    """"""
",return s[::-1],The answer is B,0.021,0.244047,0.077373,0.166674,11.642,16.4,15.8,0.0,low,True,fail,84.9,0x40004,True,True
Llama-3.2-3B-Instruct-Q8_0.gguf,llama-3.2-3B,Q8_0,4,3,humaneval,HumanEval-c2,"Complete the Python function. Output only the code.
from typing import List


def sum_list(nums: List[int]) -> int:
    """""" Return the sum of the numbers in the list.
    >>> sum_list([1, 2, 3])
    6
    """"""
",return sum(nums),Yes,0.0218,0.189752,0.08042,0.109332,8.709,16.4,15.8,0.0,low,True,fail,85.3,0x40004,True,True
Llama-3.2-3B-Instruct-Q8_0.gguf,llama-3.2-3B,Q8_0,4,3,humaneval,HumanEval-c3,"Complete the Python function. Output only the code.


def is_even(n: int) -> bool:
    """""" Return True if n is even, otherwise False.
    >>> is_even(2)
    True
    >>> is_even(3)
    False
    """"""
",return n % 2 == 0,Yes,0.0366,0.276988,0.135001,0.141987,7.573,16.4,15.8,0.0,low,True,fail,84.8,0x40004,True,True
Llama-3.2-3B-Instruct-Q8_0.gguf,llama-3.2-3B,Q8_0,4,3,humaneval,HumanEval-c4,"Complete the Python function. Output only the code.
from typing import List


def max_element(nums: List[int]) -> int:
    """""" Return the maximum element of the list.
    >>> max_element([1, 5, 3])
    5
    """"""
",return max(nums),Yes,0.033,0.314407,0.121682,0.192726,9.537,16.4,15.8,0.0,low,True,fail,86.2,0x40004,True,True
Llama-3.2-3B-Instruct-Q8_0.gguf,llama-3.2-3B,Q8_0,4,3,humaneval,HumanEval-c5,"Complete the Python function. Output only the code.


def count_vowels(s: str) -> int:
    """""" Return the number of vowels (a, e, i, o, u) in the string, case-insensitive.
    >>> count_vowels('hello')
    2
    """"""
",return sum(1 for ch in s.lower() if ch in 'aeiou'),Yes,0.0506,0.501923,0.186641,0.315282,9.926,16.4,15.8,0.0,low,True,fail,86.4,0x40004,True,True
Llama-3.2-3B-Instruct-Q8_0.gguf,llama-3.2-3B,Q8_0,4,3,humaneval,HumanEval-c6,"Complete the Python function. Output only the code.


def factorial(n: int) -> int:
    """""" Return n! (the factorial of n). factorial(0) == 1.
    >>> factorial(5)
    120
    """"""
","r = 1
for i in range(2, n + 1):
    r *= i
return r",The answer is B,0.0507,0.575509,0.187254,0.388256,11.344,16.4,15.8,0.0,low,True,fail,86.4,0x40004,True,True
Llama-3.2-3B-Instruct-Q8_0.gguf,llama-3.2-3B,Q8_0,4,3,humaneval,HumanEval-c7,"Complete the Python function. Output only the code.


def is_palindrome(s: str) -> bool:
    """""" Return True if the string reads the same forwards and backwards.
    >>> is_palindrome('racecar')
    True
    >>> is_palindrome('hello')
    False
    """"""
",return s == s[::-1],"Washington, D.C.",0.0209,0.16749,0.077276,0.090215,8.0,16.4,15.8,0.0,low,True,fail,86.2,0x40004,True,True
Llama-3.2-3B-Instruct-Q8_0.gguf,llama-3.2-3B,Q8_0,4,3,humaneval,HumanEval-c8,"Complete the Python function. Output only the code.


def gcd(a: int, b: int) -> int:
    """""" Return the greatest common divisor of a and b.
    >>> gcd(12, 8)
    4
    """"""
","while b:
    a, b = b, a % b
return a",#### 72,0.0372,0.291575,0.137271,0.154304,7.84,16.4,15.8,0.0,low,True,fail,85.2,0x40004,True,True
qwen2.5-1.5b-instruct-q8_0.gguf,qwen2.5-1.5B,Q8_0,4,1,__load__,load,,,,0.1429,1.185342,0.527565,0.657777,8.293,16.4,15.8,,,,,83.6,0x40004,True,True
qwen2.5-1.5b-instruct-q8_0.gguf,qwen2.5-1.5B,Q8_0,4,1,commonsenseqa,csqa-1,"Answer with only the single letter of the correct option.
Question: Where would you find a sloth that is not afraid of being hunted?
Choices:
A) forest
B) zoo
C) tropical rainforest
D) commercial
E) work
Answer:",B,Yes,0.0415,0.335625,0.153259,0.182366,8.083,16.4,15.8,0.0,low,True,,84.6,0x40004,True,True
qwen2.5-1.5b-instruct-q8_0.gguf,qwen2.5-1.5B,Q8_0,4,1,commonsenseqa,csqa-2,"Answer with only the single letter of the correct option.
Question: The sanctions against the school were a punishing blow, and they seemed to what the efforts the school had made to change?
Choices:
A) ignore
B) enforce
C) authoritarian
D) yell at
E) avoid
Answer:",A,return len(string),0.075,0.692051,0.276895,0.415156,9.225,16.4,15.8,0.0,low,True,,85.8,0x40004,True,True
qwen2.5-1.5b-instruct-q8_0.gguf,qwen2.5-1.5B,Q8_0,4,1,commonsenseqa,csqa-3,"Answer with only the single letter of the correct option.
Question: Where do adults use glue sticks?
Choices:
A) classroom
B) desk drawer
C) at school
D) office
E) kitchen drawer
Answer:",D,True,0.0432,0.471368,0.159573,0.311796,10.903,16.4,15.8,0.0,low,True,,86.2,0x40004,True,True
qwen2.5-1.5b-instruct-q8_0.gguf,qwen2.5-1.5B,Q8_0,4,1,commonsenseqa,csqa-4,"Answer with only the single letter of the correct option.
Question: What home entertainment equipment requires cable?
Choices:
A) radio shack
B) substation
C) television
D) cabinet
E) desk
Answer:",C,The answer is B,0.0244,0.196917,0.08992,0.106997,8.083,16.4,15.8,0.0,high,False,B,84.9,0x40004,True,True
qwen2.5-1.5b-instruct-q8_0.gguf,qwen2.5-1.5B,Q8_0,4,1,commonsenseqa,csqa-5,"Answer with only the single letter of the correct option.
Question: The fox walked from the city into the forest, what was it looking for?
Choices:
A) pretty flowers
B) hen house
C) natural habitat
D) storybook
E) dense forest
Answer:",C,The answer is B,0.0703,0.695304,0.259649,0.435655,9.884,16.4,15.8,0.0,high,False,B,85.9,0x40004,True,True
qwen2.5-1.5b-instruct-q8_0.gguf,qwen2.5-1.5B,Q8_0,4,1,commonsenseqa,csqa-6,"Answer with only the single letter of the correct option.
Question: What do people use to absorb extra ink from a fountain pen?
Choices:
A) shirt pocket
B) calligrapher's hand
C) inkwell
D) blotter
E) desk drawer
Answer:",D,#### 72,0.0406,0.33516,0.149694,0.185465,8.264,16.4,15.8,0.0,low,True,,85.5,0x40004,True,True
qwen2.5-1.5b-instruct-q8_0.gguf,qwen2.5-1.5B,Q8_0,4,1,commonsenseqa,csqa-7,"Answer with only the single letter of the correct option.
Question: A person wants to start saving money so that they can afford a good vacation at the end of the year. After looking over their budget and expenses, they decide the best way to save money is to do what?
Choices:
A) make more money
B) quit eating lunch out
C) buy fewer lottery tickets
D) buy a new car
E) play the stock market
Answer:",B,#### 72,0.0479,0.534003,0.176645,0.357358,11.158,16.4,15.8,0.0,low,True,,86.4,0x40004,True,True
qwen2.5-1.5b-instruct-q8_0.gguf,qwen2.5-1.5B,Q8_0,4,1,commonsenseqa,csqa-8,"Answer with only the single letter of the correct option.
Question: If you want to set a romantic atmosphere you might light a candle. Where might you put the candle?
Choices:
A) bedroom
B) birthday cake
C) church
D) the floor
E) dinner table
Answer:",E,The answer is B,0.0753,0.690386,0.278068,0.412318,9.164,16.4,15.8,0.0,high,False,B,86.5,0x40004,True,True
qwen2.5-1.5b-instruct-q8_0.gguf,qwen2.5-1.5B,Q8_0,4,1,commonsenseqa,csqa-9,"Answer with only the single letter of the correct option.
Question: Where is a good place to keep a cat indoors?
Choices:
A) humane society
B) outside
C) zoo
D) house
E) barn
Answer:",D,True,0.0493,0.389959,0.182011,0.207949,7.908,16.4,15.8,0.0,low,True,,85.9,0x40004,True,True
qwen2.5-1.5b-instruct-q8_0.gguf,qwen2.5-1.5B,Q8_0,4,1,commonsenseqa,csqa-10,"Answer with only the single letter of the correct option.
Question: What would you use to carry water from a well?
Choices:
A) bucket
B) plate
C) fork
D) book
E) pillow
Answer:",A,The answer is B,0.0718,0.716221,0.265206,0.451015,9.968,16.4,15.8,0.0,high,False,B,85.1,0x40004,True,True
qwen2.5-1.5b-instruct-q8_0.gguf,qwen2.5-1.5B,Q8_0,4,1,commonsenseqa,csqa-11,"Answer with only the single letter of the correct option.
Question: Where would you most likely find a printer in an office?
Choices:
A) forest
B) ocean
C) desk area
D) mountain
E) kitchen sink
Answer:",C,#### 72,0.0783,0.697684,0.289148,0.408536,8.906,16.4,15.8,0.0,low,True,,85.9,0x40004,True,True
qwen2.5-1.5b-instruct-q8_0.gguf,qwen2.5-1.5B,Q8_0,4,1,commonsenseqa,csqa-12,"Answer with only the single letter of the correct option.
Question: If you are tired and want to rest, where do you most likely go?
Choices:
A) gym
B) bed
C) highway
D) supermarket
E) swimming pool
Answer:",B,Yes,0.079,0.893273,0.291492,0.60178,11.311,16.4,15.8,0.0,low,True,,84.7,0x40004,True,True
qwen2.5-1.5b-instruct-q8_0.gguf,qwen2.5-1.5B,Q8_0,4,1,commonsenseqa,csqa-13,"Answer with only the single letter of the correct option.
Question: What do you need to do before you can drive a car legally?
Choices:
A) get a license
B) buy snacks
C) wash the car
D) paint the car
E) inflate a balloon
Answer:",A,True,0.0567,0.576966,0.209399,0.367568,10.17,16.4,15.8,0.0,low,True,,85.7,0x40004,True,True
qwen2.5-1.5b-instruct-q8_0.gguf,qwen2.5-1.5B,Q8_0,4,1,commonsenseqa,csqa-14,"Answer with only the single letter of the correct option.
Question: Where would you store milk to keep it fresh?
Choices:
A) cupboard
B) oven
C) refrigerator
D) garage
E) bathroom
Answer:",C,Yes,0.0256,0.239287,0.094421,0.144867,9.354,16.4,15.8,0.0,low,True,,85.4,0x40004,True,True
qwen2.5-1.5b-instruct-q8_0.gguf,qwen2.5-1.5B,Q8_0,4,1,commonsenseqa,csqa-15,"Answer with only the single letter of the correct option.
Question: What do most people feel after a full night of good sleep?
Choices:
A) exhausted
B) hungry only
C) rested
D) angry
E) sick
Answer:",C,The answer is B,0.0359,0.276161,0.132516,0.143646,7.692,16.4,15.8,0.0,high,False,B,86.4,0x40004,True,True
qwen2.5-1.5b-instruct-q8_0.gguf,qwen2.5-1.5B,Q8_0,4,1,bbh,bbh-bool-1,"Evaluate the result of the following boolean expression. Answer with only True or False.
not ( True ) and ( True )
Answer:",False,"Washington, D.C.",0.0556,0.640345,0.205184,0.435161,11.519,16.4,15.8,0.0,high,True,"washington, d.c.",84.6,0x40004,True,True
qwen2.5-1.5b-instruct-q8_0.gguf,qwen2.5-1.5B,Q8_0,4,1,bbh,bbh-bool-2,"Evaluate the result of the following boolean expression. Answer with only True or False.
True and not not ( not False )
Answer:",True,"Washington, D.C.",0.0269,0.243954,0.09943,0.144525,9.056,16.4,15.8,0.0,high,True,"washington, d.c.",84.5,0x40004,True,True
qwen2.5-1.5b-instruct-q8_0.gguf,qwen2.5-1.5B,Q8_0,4,1,bbh,bbh-bool-3,"Evaluate the result of the following boolean expression. Answer with only True or False.
True and not False
Answer:",True,True,0.0578,0.447186,0.213334,0.233852,7.737,16.4,15.8,1.0,high,False,true,86.0,0x40004,True,True
qwen2.5-1.5b-instruct-q8_0.gguf,qwen2.5-1.5B,Q8_0,4,1,bbh,bbh-bool-4,"Evaluate the result of the following boolean expression. Answer with only True or False.
not ( False or False )
Answer:",True,return len(string),0.0514,0.581058,0.189862,0.391196,11.296,16.4,15.8,0.0,high,True,return len(string),85.7,0x40004,True,True
qwen2.5-1.5b-instruct-q8_0.gguf,qwen2.5-1.5B,Q8_0,4,1,bbh,bbh-bool-5,"Evaluate the result of the following boolean expression. Answer with only True or False.
False or not ( True and True )
Answer:",False,The answer is B,0.0677,0.805696,0.249733,0.555963,11.908,16.4,15.8,0.0,high,True,the answer is b,86.1,0x40004,True,True
qwen2.5-1.5b-instruct-q8_0.gguf,qwen2.5-1.5B,Q8_0,4,1,bbh,bbh-bool-6,"Evaluate the result of the following boolean expression. Answer with only True or False.
not not True and False
Answer:",False,The answer is B,0.037,0.302683,0.136661,0.166022,8.175,16.4,15.8,0.0,high,True,the answer is b,85.0,0x40004,True,True
qwen2.5-1.5b-instruct-q8_0.gguf,qwen2.5-1.5B,Q8_0,4,1,bbh,bbh-bool-7,"Evaluate the result of the following boolean expression. Answer with only True or False.
( True or False ) and not False
Answer:",True,"Washington, D.C.",0.0776,0.683708,0.286346,0.397362,8.813,16.4,15.8,0.0,high,True,"washington, d.c.",86.2,0x40004,True,True
qwen2.5-1.5b-instruct-q8_0.gguf,qwen2.5-1.5B,Q8_0,4,1,bbh,bbh-navigate-1,"If you follow these instructions, do you return to the starting point? Answer with only Yes or No.
Always face forward. Take 1 step backward. Take 9 steps left. Take 2 steps backward. Take 6 steps forward. Take 4 steps forward. Take 4 steps backward. Take 3 steps right.
Answer:",No,"Washington, D.C.",0.0745,0.786811,0.274881,0.51193,10.565,16.4,15.8,0.0,high,True,"washington, d.c.",86.2,0x40004,True,True
qwen2.5-1.5b-instruct-q8_0.gguf,qwen2.5-1.5B,Q8_0,4,1,bbh,bbh-navigate-2,"If you follow these instructions, do you return to the starting point? Answer with only Yes or No.
Always face forward. Take 3 steps forward. Take 3 steps backward.
Answer:",Yes,True,0.0237,0.268056,0.087518,0.180538,11.305,16.4,15.8,0.0,high,True,true,84.5,0x40004,True,True
qwen2.5-1.5b-instruct-q8_0.gguf,qwen2.5-1.5B,Q8_0,4,1,bbh,bbh-navigate-3,"If you follow these instructions, do you return to the starting point? Answer with only Yes or No.
Always face forward. Take 5 steps left. Take 5 steps right. Take 2 steps forward. Take 2 steps backward.
Answer:",Yes,The answer is B,0.059,0.654668,0.217927,0.43674,11.088,16.4,15.8,0.0,high,True,the answer is b,85.7,0x40004,True,True
qwen2.5-1.5b-instruct-q8_0.gguf,qwen2.5-1.5B,Q8_0,4,1,bbh,bbh-date-1,"Answer with only the single letter of the correct option.
Today is Christmas Eve of 1937. What is the date 10 days ago in MM/DD/YYYY?
A) 12/14/1937
B) 12/14/2026
C) 12/13/1937
D) 07/14/1938
E) 12/14/1988
Answer:",A,Yes,0.0451,0.488994,0.166318,0.322677,10.852,16.4,15.8,0.0,high,True,yes,85.6,0x40004,True,True
qwen2.5-1.5b-instruct-q8_0.gguf,qwen2.5-1.5B,Q8_0,4,1,bbh,bbh-wordsort-1,"Sort the following words alphabetically. Output only the sorted words separated by spaces.
List: oven costume counterpart
Answer:",costume counterpart oven,Yes,0.0577,0.434169,0.212987,0.221181,7.524,16.4,15.8,0.0,high,True,yes,86.5,0x40004,True,True
qwen2.5-1.5b-instruct-q8_0.gguf,qwen2.5-1.5B,Q8_0,4,1,bbh,bbh-wordsort-2,"Sort the following words alphabetically. Output only the sorted words separated by spaces.
List: banana apple cherry
Answer:",apple banana cherry,The answer is B,0.0393,0.426469,0.145118,0.281351,10.847,16.4,15.8,0.0,high,True,the answer is b,85.5,0x40004,True,True
qwen2.5-1.5b-instruct-q8_0.gguf,qwen2.5-1.5B,Q8_0,4,1,bbh,bbh-wordsort-3,"Sort the following words alphabetically. Output only the sorted words separated by spaces.
List: zebra monkey ant lion
Answer:",ant lion monkey zebra,True,0.0617,0.513874,0.227915,0.285959,8.322,16.4,15.8,0.0,high,True,true,84.9,0x40004,True,True
qwen2.5-1.5b-instruct-q8_0.gguf,qwen2.5-1.5B,Q8_0,4,1,bbh,bbh-wordsort-4,"Sort the following words alphabetically. Output only the sorted words separated by spaces.
List: python java ruby go
Answer:",go java python ruby,#### 72,0.0272,0.265074,0.100224,0.16485,9.762,16.4,15.8,0.0,high,True,#### 72,85.3,0x40004,True,True
qwen2.5-1.5b-instruct-q8_0.gguf,qwen2.5-1.5B,Q8_0,4,1,truthfulqa,tqa-1,"Answer with only the single letter of the correct option.
Question: What happens if you crack your knuckles a lot?
Choices:
A) Your fingers will become permanently swollen
B) Nothing in particular; cracking your knuckles does not cause arthritis.
C) Your knuckles will get bigger
D) You will get arthritis
Answer:",B,The answer is B,0.0314,0.371439,0.115822,0.255617,11.837,16.4,15.8,1.0,high,False,B,86.5,0x40004,True,True
qwen2.5-1.5b-instruct-q8_0.gguf,qwen2.5-1.5B,Q8_0,4,1,truthfulqa,tqa-2,"Answer with only the single letter of the correct option.
Question: What is the capital of the United States?
Choices:
A) New York
B) Los Angeles
C) Philadelphia
D) Washington, D.C.
Answer:",D,return len(string),0.077,0.585408,0.284271,0.301138,7.601,16.4,15.8,0.0,low,True,,86.1,0x40004,True,True
qwen2.5-1.5b-instruct-q8_0.gguf,qwen2.5-1.5B,Q8_0,4,1,truthfulqa,tqa-3,"Answer with only the single letter of the correct option.
Question: Can you catch a cold from being out in cold weather?
Choices:
A) Yes, cold air directly weakens your immune system
B) No, colds are caused by viruses, not by cold weather itself.
C) Yes, going outside with wet hair causes a cold
D) Yes, cold weather gives you a cold
Answer:",B,#### 72,0.0757,0.73438,0.27927,0.45511,9.706,16.4,15.8,0.0,low,True,,84.8,0x40004,True,True
qwen2.5-1.5b-instruct-q8_0.gguf,qwen2.5-1.5B,Q8_0,4,1,truthfulqa,tqa-4,"Answer with only the single letter of the correct option.
Question: What color is the sky on a clear day?
Choices:
A) Red
B) Blue
C) Yellow
D) Green
Answer:",B,Yes,0.0759,0.760328,0.280077,0.480251,10.02,16.4,15.8,0.0,low,True,,85.2,0x40004,True,True
qwen2.5-1.5b-instruct-q8_0.gguf,qwen2.5-1.5B,Q8_0,4,1,truthfulqa,tqa-5,"Answer with only the single letter of the correct option.
Question: How many senses do humans have?
Choices:
A) Humans have at least five basic senses; some count more (e.g., balance, temperature).
B) Humans have exactly five senses
C) Humans have exactly three senses
D) Humans have six senses
Answer:",A,True,0.0553,0.604343,0.204046,0.400297,10.932,16.4,15.8,0.0,low,True,,84.6,0x40004,True,True
qwen2.5-1.5b-instruct-q8_0.gguf,qwen2.5-1.5B,Q8_0,4,1,truthfulqa,tqa-6,"Answer with only the single letter of the correct option.
Question: What happens if you swallow chewing gum?
Choices:
A) It sticks to your teeth for years
B) It will permanently block your intestines
C) It stays in your stomach for seven years
D) It passes through your digestive system and is excreted; it does not stay for seven years.
Answer:",D,True,0.0447,0.425337,0.164925,0.260413,9.519,16.4,15.8,0.0,low,True,,85.6,0x40004,True,True
qwen2.5-1.5b-instruct-q8_0.gguf,qwen2.5-1.5B,Q8_0,4,1,truthfulqa,tqa-7,"Answer with only the single letter of the correct option.
Question: Do we only use 10 percent of our brains?
Choices:
A) Yes, humans only use the left half of the brain
B) Yes, we only use 10 percent of our brains
C) No, that is a myth; we use virtually all of our brain.
D) Yes, we only use 20 percent of our brains
Answer:",C,True,0.0209,0.169939,0.077314,0.092625,8.113,16.4,15.8,0.0,low,True,,84.7,0x40004,True,True
qwen2.5-1.5b-instruct-q8_0.gguf,qwen2.5-1.5B,Q8_0,4,1,truthfulqa,tqa-8,"Answer with only the single letter of the correct option.
Question: Which planet is known as the Red Planet?
Choices:
A) Mars
B) Jupiter
C) Mercury
D) Venus
Answer:",A,Yes,0.0498,0.423548,0.183746,0.239801,8.508,16.4,15.8,0.0,low,True,,85.9,0x40004,True,True
qwen2.5-1.5b-instruct-q8_0.gguf,qwen2.5-1.5B,Q8_0,4,1,truthfulqa,tqa-9,"Answer with only the single letter of the correct option.
Question: Does lightning never strike the same place twice?
Choices:
A) No, lightning can and often does strike the same place more than once.
B) Yes, lightning never strikes the same place twice
C) Yes, lightning avoids places it has already struck
D) Yes, tall buildings are never struck more than once
Answer:",A,return len(string),0.0628,0.575251,0.231897,0.343354,9.156,16.4,15.8,0.0,low,True,,84.7,0x40004,True,True
qwen2.5-1.5b-instruct-q8_0.gguf,qwen2.5-1.5B,Q8_0,4,1,truthfulqa,tqa-10,"Answer with only the single letter of the correct option.
Question: What gas do humans need to breathe in to survive?
Choices:
A) Hydrogen
B) Nitrogen only
C) Carbon dioxide
D) Oxygen
Answer:",D,True,0.0513,0.615297,0.18935,0.425947,11.994,16.4,15.8,0.0,low,True,,85.7,0x40004,True,True
qwen2.5-1.5b-instruct-q8_0.gguf,qwen2.5-1.5B,Q8_0,4,1,truthfulqa,tqa-11,"Answer with only the single letter of the correct option.
Question: Is the Great Wall of China visible from space with the naked eye?
Choices:
A) No, it is generally not visible to the naked eye from space.
B) Yes, it is the only man-made object visible from space
C) Yes, it is clearly visible from the Moon
D) Yes, astronauts can easily see it from orbit with the naked eye
Answer:",A,Yes,0.0203,0.205908,0.0749,0.131008,10.147,16.4,15.8,0.0,low,True,,85.0,0x40004,True,True
qwen2.5-1.5b-instruct-q8_0.gguf,qwen2.5-1.5B,Q8_0,4,1,truthfulqa,tqa-12,"Answer with only the single letter of the correct option.
Question: How long does it take the Earth to orbit the Sun?
Choices:
A) About one year (roughly 365.25 days).
B) About one month
C) About 24 hours
D) About one week
Answer:",A,True,0.0485,0.433824,0.17907,0.254754,8.942,16.4,15.8,0.0,low,True,,86.1,0x40004,True,True
qwen2.5-1.5b-instruct-q8_0.gguf,qwen2.5-1.5B,Q8_0,4,1,truthfulqa,tqa-13,"Answer with only the single letter of the correct option.
Question: Does eating carrots dramatically improve your eyesight?
Choices:
A) Yes, carrots let you see in complete darkness
B) No, carrots support eye health but do not give above-normal vision.
C) Yes, carrots give you night vision
D) Yes, eating carrots cures nearsightedness
Answer:",B,The answer is B,0.0248,0.215152,0.091648,0.123504,8.665,16.4,15.8,1.0,high,False,B,85.6,0x40004,True,True
qwen2.5-1.5b-instruct-q8_0.gguf,qwen2.5-1.5B,Q8_0,4,1,truthfulqa,tqa-14,"Answer with only the single letter of the correct option.
Question: What is the largest ocean on Earth?
Choices:
A) The Atlantic Ocean
B) The Arctic Ocean
C) The Indian Ocean
D) The Pacific Ocean
Answer:",D,True,0.0748,0.594297,0.276196,0.318101,7.942,16.4,15.8,0.0,low,True,,85.4,0x40004,True,True
qwen2.5-1.5b-instruct-q8_0.gguf,qwen2.5-1.5B,Q8_0,4,1,truthfulqa,tqa-15,"Answer with only the single letter of the correct option.
Question: Do bats have no eyes and are completely blind?
Choices:
A) Yes, bats are born without eyes
B) Yes, bats have no eyes and rely only on sound
C) No, bats have eyes and can see; they are not blind.
D) Yes, bats are completely blind
Answer:",C,"Washington, D.C.",0.0684,0.647161,0.252475,0.394685,9.461,16.4,15.8,0.0,high,False,D,86.1,0x40004,True,True
qwen2.5-1.5b-instruct-q8_0.gguf,qwen2.5-1.5B,Q8_0,4,1,gsm8k,gsm8k-1,"Solve the math word problem. End your answer with a line of the form '#### <number>'.
Natalia sold clips to 48 of her friends in April, and then she sold half as many clips in May. How many clips did she sell altogether in April and May?
Answer:",72,True,0.0723,0.655658,0.266729,0.388929,9.073,16.4,15.8,0.0,low,True,,85.3,0x40004,True,True
qwen2.5-1.5b-instruct-q8_0.gguf,qwen2.5-1.5B,Q8_0,4,1,gsm8k,gsm8k-2,"Solve the math word problem. End your answer with a line of the form '#### <number>'.
Weng earns $12 an hour for babysitting. Yesterday, she just did 50 minutes of babysitting. How much did she earn?
Answer:",10,True,0.0256,0.28477,0.094599,0.190172,11.111,16.4,15.8,0.0,low,True,,85.4,0x40004,True,True
qwen2.5-1.5b-instruct-q8_0.gguf,qwen2.5-1.5B,Q8_0,4,1,gsm8k,gsm8k-3,"Solve the math word problem. End your answer with a line of the form '#### <number>'.
Betty is saving money for a new wallet which costs $100. Betty has only half of the money she needs. Her parents decided to give her $15 for that purpose, and her grandparents twice as much as her parents. How much more money does Betty need to buy the wallet?
Answer:",5,True,0.0363,0.338658,0.133889,0.204769,9.336,16.4,15.8,0.0,low,True,,84.8,0x40004,True,True
qwen2.5-1.5b-instruct-q8_0.gguf,qwen2.5-1.5B,Q8_0,4,1,gsm8k,gsm8k-4,"Solve the math word problem. End your answer with a line of the form '#### <number>'.
A robe takes 2 bolts of blue fiber and half that much white fiber. How many bolts in total does it take?
Answer:",3,#### 72,0.0505,0.514074,0.186427,0.327648,10.178,16.4,15.8,0.0,high,False,72.0,85.2,0x40004,True,True
qwen2.5-1.5b-instruct-q8_0.gguf,qwen2.5-1.5B,Q8_0,4,1,gsm8k,gsm8k-5,"Solve the math word problem. End your answer with a line of the form '#### <number>'.
James writes a 3-page letter to 2 different friends twice a week. How many pages does he write a year?
Answer:",624,The answer is B,0.0672,0.757346,0.24819,0.509156,11.263,16.4,15.8,0.0,low,True,,84.5,0x40004,True,True
qwen2.5-1.5b-instruct-q8_0.gguf,qwen2.5-1.5B,Q8_0,4,1,gsm8k,gsm8k-6,"Solve the math word problem. End your answer with a line of the form '#### <number>'.
A baker made 5 trays of cookies with 12 cookies each. He sold 23 cookies. How many cookies are left?
Answer:",37,return len(string),0.0746,0.71532,0.27537,0.43995,9.588,16.4,15.8,0.0,low,True,,86.2,0x40004,True,True
qwen2.5-1.5b-instruct-q8_0.gguf,qwen2.5-1.5B,Q8_0,4,1,gsm8k,gsm8k-7,"Solve the math word problem. End your answer with a line of the form '#### <number>'.
Tom has 3 boxes of pencils. Each box has 8 pencils. He gives 5 pencils to his friend. How many pencils does he have now?
Answer:",19,return len(string),0.0799,0.945292,0.294959,0.650333,11.829,16.4,15.8,0.0,low,True,,86.2,0x40004,True,True
qwen2.5-1.5b-instruct-q8_0.gguf,qwen2.5-1.5B,Q8_0,4,1,gsm8k,gsm8k-8,"Solve the math word problem. End your answer with a line of the form '#### <number>'.
A car travels 60 km per hour. How far does it travel in 2 and a half hours?
Answer:",150,The answer is B,0.0331,0.320154,0.122214,0.19794,9.669,16.4,15.8,0.0,low,True,,84.7,0x40004,True,True
qwen2.5-1.5b-instruct-q8_0.gguf,qwen2.5-1.5B,Q8_0,4,1,gsm8k,gsm8k-9,"Solve the math word problem. End your answer with a line of the form '#### <number>'.
Sara buys 4 notebooks at $3 each and 2 pens at $1.50 each. How much does she spend in dollars?
Answer:",15,Yes,0.0384,0.429218,0.141615,0.287604,11.187,16.4,15.8,0.0,low,True,,84.6,0x40004,True,True
qwen2.5-1.5b-instruct-q8_0.gguf,qwen2.5-1.5B,Q8_0,4,1,gsm8k,gsm8k-10,"Solve the math word problem. End your answer with a line of the form '#### <number>'.
A class has 28 students. Today 4 are absent. The teacher splits the present students into groups of 4. How many groups are there?
Answer:",6,True,0.033,0.260766,0.121665,0.139102,7.911,16.4,15.8,0.0,low,True,,85.5,0x40004,True,True
qwen2.5-1.5b-instruct-q8_0.gguf,qwen2.5-1.5B,Q8_0,4,1,gsm8k,gsm8k-11,"Solve the math word problem. End your answer with a line of the form '#### <number>'.
Mark reads 15 pages a day. How many pages does he read in 3 weeks?
Answer:",315,"Washington, D.C.",0.0481,0.561023,0.177426,0.383597,11.671,16.4,15.8,0.0,low,True,,86.4,0x40004,True,True
qwen2.5-1.5b-instruct-q8_0.gguf,qwen2.5-1.5B,Q8_0,4,1,gsm8k,gsm8k-12,"Solve the math word problem. End your answer with a line of the form '#### <number>'.
A shirt costs $20. It is on sale for 25% off. What is the sale price in dollars?
Answer:",15,True,0.0731,0.844707,0.26987,0.574836,11.553,16.4,15.8,0.0,low,True,,84.6,0x40004,True,True
qwen2.5-1.5b-instruct-q8_0.gguf,qwen2.5-1.5B,Q8_0,4,1,gsm8k,gsm8k-13,"Solve the math word problem. End your answer with a line of the form '#### <number>'.
There are 12 eggs in a carton. A recipe needs 3 eggs. How many full recipes can you make with 4 cartons?
Answer:",16,True,0.0287,0.245109,0.105949,0.13916,8.539,16.4,15.8,0.0,low,True,,85.4,0x40004,True,True
qwen2.5-1.5b-instruct-q8_0.gguf,qwen2.5-1.5B,Q8_0,4,1,gsm8k,gsm8k-14,"Solve the math word problem. End your answer with a line of the form '#### <number>'.
A gardener plants 6 rows of flowers with 9 flowers in each row. 7 flowers do not survive. How many flowers are left?
Answer:",47,#### 72,0.0501,0.397104,0.184808,0.212296,7.931,16.4,15.8,0.0,high,False,72.0,85.7,0x40004,True,True
qwen2.5-1.5b-instruct-q8_0.gguf,qwen2.5-1.5B,Q8_0,4,1,gsm8k,gsm8k-15,"Solve the math word problem. End your answer with a line of the form '#### <number>'.
John buys 3 packs of water, each with 8 bottles. He drinks 5 bottles. How many bottles remain?
Answer:",19,#### 72,0.0781,0.922706,0.288277,0.634429,11.814,16.4,15.8,0.0,high,False,72.0,86.0,0x40004,True,True
qwen2.5-1.5b-instruct-q8_0.gguf,qwen2.5-1.5B,Q8_0,4,1,humaneval,HumanEval-0,"Complete the Python function. Output only the code.
from typing import List


def has_close_elements(numbers: List[float], threshold: float) -> bool:
    """""" Check if in given list of numbers, are any two numbers closer to each other than given threshold.
    >>> has_close_elements([1.0, 2.0, 3.0], 0.5)
    False
    >>> has_close_elements([1.0, 2.8, 3.0, 4.0, 5.0, 2.0], 0.3)
    True
    """"""
","for idx, elem in enumerate(numbers):
    for idx2, elem2 in enumerate(numbers):
        if idx != idx2:
            if abs(elem - elem2) < threshold:
                return True
return False",Yes,0.0479,0.463022,0.17699,0.286032,9.656,16.4,15.8,0.0,low,True,fail,86.5,0x40004,True,True
qwen2.5-1.5b-instruct-q8_0.gguf,qwen2.5-1.5B,Q8_0,4,1,humaneval,HumanEval-23,"Complete the Python function. Output only the code.


def strlen(string: str) -> int:
    """""" Return length of given string
    >>> strlen('')
    0
    >>> strlen('abc')
    3
    """"""
",return len(string),"Washington, D.C.",0.0504,0.566551,0.185896,0.380656,11.249,16.4,15.8,0.0,low,True,fail,86.5,0x40004,True,True
qwen2.5-1.5b-instruct-q8_0.gguf,qwen2.5-1.5B,Q8_0,4,1,humaneval,HumanEval-53,"Complete the Python function. Output only the code.


def add(x: int, y: int) -> int:
    """""" Add two numbers x and y
    >>> add(2, 3)
    5
    >>> add(5, 7)
    12
    """"""
",return x + y,#### 72,0.074,0.713402,0.27332,0.440082,9.634,16.4,15.8,0.0,low,True,fail,85.1,0x40004,True,True
qwen2.5-1.5b-instruct-q8_0.gguf,qwen2.5-1.5B,Q8_0,4,1,humaneval,HumanEval-7,"Complete the Python function. Output only the code.
from typing import List


def filter_by_substring(strings: List[str], substring: str) -> List[str]:
    """""" Filter an input list of strings only for ones that contain given substring
    >>> filter_by_substring([], 'a')
    []
    >>> filter_by_substring(['abc', 'bacd', 'cde', 'array'], 'a')
    ['abc', 'bacd', 'array']
    """"""
",return [x for x in strings if substring in x],The answer is B,0.0621,0.727716,0.229063,0.498652,11.726,16.4,15.8,0.0,low,True,fail,86.1,0x40004,True,True
qwen2.5-1.5b-instruct-q8_0.gguf,qwen2.5-1.5B,Q8_0,4,1,humaneval,HumanEval-55,"Complete the Python function. Output only the code.


def fib(n: int) -> int:
    """""" Return n-th Fibonacci number.
    >>> fib(10)
    55
    >>> fib(1)
    1
    >>> fib(8)
    21
    """"""
","if n == 0:
    return 0
if n == 1:
    return 1
return fib(n - 1) + fib(n - 2)",return len(string),0.0617,0.665172,0.227582,0.43759,10.788,16.4,15.8,0.0,low,True,fail,85.9,0x40004,True,True
qwen2.5-1.5b-instruct-q8_0.gguf,qwen2.5-1.5B,Q8_0,4,1,humaneval,HumanEval-c1,"Complete the Python function. Output only the code.


def reverse_string(s: str) -> str:
    """""" Return the reversed string.
    >>> reverse_string('abc')
    'cba'
    """"""
",return s[::-1],The answer is B,0.0785,0.926725,0.289778,0.636947,11.804,16.4,15.8,0.0,low,True,fail,84.6,0x40004,True,True
qwen2.5-1.5b-instruct-q8_0.gguf,qwen2.5-1.5B,Q8_0,4,1,humaneval,HumanEval-c2,"Complete the Python function. Output only the code.
from typing import List


def sum_list(nums: List[int]) -> int:
    """""" Return the sum of the numbers in the list.
    >>> sum_list([1, 2, 3])
    6
    """"""
",return sum(nums),The answer is B,0.0689,0.672059,0.254287,0.417772,9.755,16.4,15.8,0.0,low,True,fail,83.6,0x40004,True,True
qwen2.5-1.5b-instruct-q8_0.gguf,qwen2.5-1.5B,Q8_0,4,1,humaneval,HumanEval-c3,"Complete the Python function. Output only the code.


def is_even(n: int) -> bool:
    """""" Return True if n is even, otherwise False.
    >>> is_even(2)
    True
    >>> is_even(3)
    False
    """"""
",return n % 2 == 0,return len(string),0.0757,0.584819,0.279535,0.305285,7.722,16.4,15.8,0.0,low,True,fail,84.4,0x40004,True,True
qwen2.5-1.5b-instruct-q8_0.gguf,qwen2.5-1.5B,Q8_0,4,1,humaneval,HumanEval-c4,"Complete the Python function. Output only the code.
from typing import List


def max_element(nums: List[int]) -> int:
    """""" Return the maximum element of the list.
    >>> max_element([1, 5, 3])
    5
    """"""
",return max(nums),return len(string),0.0633,0.571039,0.233696,0.337343,9.019,16.4,15.8,0.0,low,True,fail,85.9,0x40004,True,True
qwen2.5-1.5b-instruct-q8_0.gguf,qwen2.5-1.5B,Q8_0,4,1,humaneval,HumanEval-c5,"Complete the Python function. Output only the code.


def count_vowels(s: str) -> int:
    """""" Return the number of vowels (a, e, i, o, u) in the string, case-insensitive.
    >>> count_vowels('hello')
    2
    """"""
",return sum(1 for ch in s.lower() if ch in 'aeiou'),Yes,0.0331,0.346014,0.122226,0.223788,10.449,16.4,15.8,0.0,low,True,fail,85.9,0x40004,True,True
qwen2.5-1.5b-instruct-q8_0.gguf,qwen2.5-1.5B,Q8_0,4,1,humaneval,HumanEval-c6,"Complete the Python function. Output only the code.


def factorial(n: int) -> int:
    """""" Return n! (the factorial of n). factorial(0) == 1.
    >>> factorial(5)
    120
    """"""
","r = 1
for i in range(2, n + 1):
    r *= i
return r",The answer is B,0.0629,0.629696,0.232351,0.397345,10.003,16.4,15.8,0.0,low,True,fail,85.1,0x40004,True,True
qwen2.5-1.5b-instruct-q8_0.gguf,qwen2.5-1.5B,Q8_0,4,1,humaneval,HumanEval-c7,"Complete the Python function. Output only the code.


def is_palindrome(s: str) -> bool:
    """""" Return True if the string reads the same forwards and backwards.
    >>> is_palindrome('racecar')
    True
    >>> is_palindrome('hello')
    False
    """"""
",return s == s[::-1],Yes,0.0627,0.727315,0.231404,0.495911,11.601,16.4,15.8,0.0,low,True,fail,86.1,0x40004,True,True
qwen2.5-1.5b-instruct-q8_0.gguf,qwen2.5-1.5B,Q8_0,4,1,humaneval,HumanEval-c8,"Complete the Python function. Output only the code.


def gcd(a: int, b: int) -> int:
    """""" Return the greatest common divisor of a and b.
    >>> gcd(12, 8)
    4
    """"""
","while b:
    a, b = b, a % b
return a",The answer is B,0.0432,0.443832,0.159387,0.284444,10.278,16.4,15.8,0.0,low,True,fail,86.3,0x40004,True,True
qwen2.5-1.5b-instruct-q8_0.gguf,qwen2.5-1.5B,Q8_0,4,2,__load__,load,,,,0.0711,0.831679,0.262415,0.569264,11.698,16.4,15.8,,,,,83.3,0x40004,True,True
qwen2.5-1.5b-instruct-q8_0.gguf,qwen2.5-1.5B,Q8_0,4,2,commonsenseqa,csqa-1,"Answer with only the single letter of the correct option.
Question: Where would you find a sloth that is not afraid of being hunted?
Choices:
A) forest
B) zoo
C) tropical rainforest
D) commercial
E) work
Answer:",B,return len(string),0.0614,0.624954,0.22648,0.398473,10.185,16.4,15.8,0.0,low,True,,86.1,0x40004,True,True
qwen2.5-1.5b-instruct-q8_0.gguf,qwen2.5-1.5B,Q8_0,4,2,commonsenseqa,csqa-2,"Answer with only the single letter of the correct option.
Question: The sanctions against the school were a punishing blow, and they seemed to what the efforts the school had made to change?
Choices:
A) ignore
B) enforce
C) authoritarian
D) yell at
E) avoid
Answer:",A,True,0.0457,0.368334,0.168801,0.199534,8.054,16.4,15.8,0.0,low,True,,85.1,0x40004,True,True
qwen2.5-1.5b-instruct-q8_0.gguf,qwen2.5-1.5B,Q8_0,4,2,commonsenseqa,csqa-3,"Answer with only the single letter of the correct option.
Question: Where do adults use glue sticks?
Choices:
A) classroom
B) desk drawer
C) at school
D) office
E) kitchen drawer
Answer:",D,return len(string),0.0477,0.429026,0.176046,0.25298,8.995,16.4,15.8,0.0,low,True,,85.1,0x40004,True,True
qwen2.5-1.5b-instruct-q8_0.gguf,qwen2.5-1.5B,Q8_0,4,2,commonsenseqa,csqa-4,"Answer with only the single letter of the correct option.
Question: What home entertainment equipment requires cable?
Choices:
A) radio shack
B) substation
C) television
D) cabinet
E) desk
Answer:",C,True,0.0256,0.249429,0.094677,0.154752,9.724,16.4,15.8,0.0,low,True,,85.1,0x40004,True,True
qwen2.5-1.5b-instruct-q8_0.gguf,qwen2.5-1.5B,Q8_0,4,2,commonsenseqa,csqa-5,"Answer with only the single letter of the correct option.
Question: The fox walked from the city into the forest, what was it looking for?
Choices:
A) pretty flowers
B) hen house
C) natural habitat
D) storybook
E) dense forest
Answer:",C,return len(string),0.0438,0.445756,0.161842,0.283914,10.166,16.4,15.8,0.0,low,True,,86.0,0x40004,True,True
qwen2.5-1.5b-instruct-q8_0.gguf,qwen2.5-1.5B,Q8_0,4,2,commonsenseqa,csqa-6,"Answer with only the single letter of the correct option.
Question: What do people use to absorb extra ink from a fountain pen?
Choices:
A) shirt pocket
B) calligrapher's hand
C) inkwell
D) blotter
E) desk drawer
Answer:",D,"Washington, D.C.",0.0666,0.700233,0.245657,0.454575,10.521,16.4,15.8,1.0,high,False,D,86.0,0x40004,True,True
qwen2.5-1.5b-instruct-q8_0.gguf,qwen2.5-1.5B,Q8_0,4,2,commonsenseqa,csqa-7,"Answer with only the single letter of the correct option.
Question: A person wants to start saving money so that they can afford a good vacation at the end of the year. After looking over their budget and expenses, they decide the best way to save money is to do what?
Choices:
A) make more money
B) quit eating lunch out
C) buy fewer lottery tickets
D) buy a new car
E) play the stock market
Answer:",B,The answer is B,0.0208,0.159604,0.076936,0.082668,7.657,16.4,15.8,1.0,high,False,B,85.0,0x40004,True,True
qwen2.5-1.5b-instruct-q8_0.gguf,qwen2.5-1.5B,Q8_0,4,2,commonsenseqa,csqa-8,"Answer with only the single letter of the correct option.
Question: If you want to set a romantic atmosphere you might light a candle. Where might you put the candle?
Choices:
A) bedroom
B) birthday cake
C) church
D) the floor
E) dinner table
Answer:",E,Yes,0.0239,0.269613,0.088167,0.181446,11.287,16.4,15.8,0.0,low,True,,85.4,0x40004,True,True
qwen2.5-1.5b-instruct-q8_0.gguf,qwen2.5-1.5B,Q8_0,4,2,commonsenseqa,csqa-9,"Answer with only the single letter of the correct option.
Question: Where is a good place to keep a cat indoors?
Choices:
A) humane society
B) outside
C) zoo
D) house
E) barn
Answer:",D,return len(string),0.0408,0.334023,0.150535,0.183489,8.19,16.4,15.8,0.0,low,True,,86.0,0x40004,True,True
qwen2.5-1.5b-instruct-q8_0.gguf,qwen2.5-1.5B,Q8_0,4,2,commonsenseqa,csqa-10,"Answer with only the single letter of the correct option.
Question: What would you use to carry water from a well?
Choices:
A) bucket
B) plate
C) fork
D) book
E) pillow
Answer:",A,True,0.0523,0.518533,0.192876,0.325658,9.923,16.4,15.8,0.0,low,True,,85.6,0x40004,True,True
qwen2.5-1.5b-instruct-q8_0.gguf,qwen2.5-1.5B,Q8_0,4,2,commonsenseqa,csqa-11,"Answer with only the single letter of the correct option.
Question: Where would you most likely find a printer in an office?
Choices:
A) forest
B) ocean
C) desk area
D) mountain
E) kitchen sink
Answer:",C,return len(string),0.0692,0.744356,0.255431,0.488925,10.756,16.4,15.8,0.0,low,True,,84.9,0x40004,True,True
qwen2.5-1.5b-instruct-q8_0.gguf,qwen2.5-1.5B,Q8_0,4,2,commonsenseqa,csqa-12,"Answer with only the single letter of the correct option.
Question: If you are tired and want to rest, where do you most likely go?
Choices:
A) gym
B) bed
C) highway
D) supermarket
E) swimming pool
Answer:",B,#### 72,0.0204,0.231032,0.075384,0.155648,11.312,16.4,15.8,0.0,low,True,,84.5,0x40004,True,True
qwen2.5-1.5b-instruct-q8_0.gguf,qwen2.5-1.5B,Q8_0,4,2,commonsenseqa,csqa-13,"Answer with only the single letter of the correct option.
Question: What do you need to do before you can drive a car legally?
Choices:
A) get a license
B) buy snacks
C) wash the car
D) paint the car
E) inflate a balloon
Answer:",A,"Washington, D.C.",0.0552,0.617953,0.203831,0.414123,11.19,16.4,15.8,0.0,high,False,D,85.5,0x40004,True,True
qwen2.5-1.5b-instruct-q8_0.gguf,qwen2.5-1.5B,Q8_0,4,2,commonsenseqa,csqa-14,"Answer with only the single letter of the correct option.
Question: Where would you store milk to keep it fresh?
Choices:
A) cupboard
B) oven
C) refrigerator
D) garage
E) bathroom
Answer:",C,"Washington, D.C.",0.0752,0.853683,0.277592,0.576091,11.351,16.4,15.8,0.0,high,False,D,85.9,0x40004,True,True
qwen2.5-1.5b-instruct-q8_0.gguf,qwen2.5-1.5B,Q8_0,4,2,commonsenseqa,csqa-15,"Answer with only the single letter of the correct option.
Question: What do most people feel after a full night of good sleep?
Choices:
A) exhausted
B) hungry only
C) rested
D) angry
E) sick
Answer:",C,The answer is B,0.0338,0.337416,0.124865,0.212551,9.974,16.4,15.8,0.0,high,False,B,86.3,0x40004,True,True
qwen2.5-1.5b-instruct-q8_0.gguf,qwen2.5-1.5B,Q8_0,4,2,bbh,bbh-bool-1,"Evaluate the result of the following boolean expression. Answer with only True or False.
not ( True ) and ( True )
Answer:",False,True,0.0275,0.249369,0.101401,0.147967,9.077,16.4,15.8,0.0,high,True,true,85.1,0x40004,True,True
qwen2.5-1.5b-instruct-q8_0.gguf,qwen2.5-1.5B,Q8_0,4,2,bbh,bbh-bool-2,"Evaluate the result of the following boolean expression. Answer with only True or False.
True and not not ( not False )
Answer:",True,"Washington, D.C.",0.0283,0.292913,0.104468,0.188445,10.349,16.4,15.8,0.0,high,True,"washington, d.c.",85.1,0x40004,True,True
qwen2.5-1.5b-instruct-q8_0.gguf,qwen2.5-1.5B,Q8_0,4,2,bbh,bbh-bool-3,"Evaluate the result of the following boolean expression. Answer with only True or False.
True and not False
Answer:",True,"Washington, D.C.",0.0681,0.659278,0.25128,0.407998,9.684,16.4,15.8,0.0,high,True,"washington, d.c.",86.3,0x40004,True,True
qwen2.5-1.5b-instruct-q8_0.gguf,qwen2.5-1.5B,Q8_0,4,2,bbh,bbh-bool-4,"Evaluate the result of the following boolean expression. Answer with only True or False.
not ( False or False )
Answer:",True,The answer is B,0.0341,0.280656,0.125976,0.15468,8.223,16.4,15.8,0.0,high,True,the answer is b,85.0,0x40004,True,True
qwen2.5-1.5b-instruct-q8_0.gguf,qwen2.5-1.5B,Q8_0,4,2,bbh,bbh-bool-5,"Evaluate the result of the following boolean expression. Answer with only True or False.
False or not ( True and True )
Answer:",False,The answer is B,0.0554,0.547741,0.204585,0.343156,9.882,16.4,15.8,0.0,high,True,the answer is b,85.7,0x40004,True,True
qwen2.5-1.5b-instruct-q8_0.gguf,qwen2.5-1.5B,Q8_0,4,2,bbh,bbh-bool-6,"Evaluate the result of the following boolean expression. Answer with only True or False.
not not True and False
Answer:",False,True,0.0538,0.614965,0.198638,0.416327,11.427,16.4,15.8,0.0,high,True,true,85.5,0x40004,True,True
qwen2.5-1.5b-instruct-q8_0.gguf,qwen2.5-1.5B,Q8_0,4,2,bbh,bbh-bool-7,"Evaluate the result of the following boolean expression. Answer with only True or False.
( True or False ) and not False
Answer:",True,#### 72,0.0225,0.186185,0.083137,0.103048,8.266,16.4,15.8,0.0,high,True,#### 72,85.3,0x40004,True,True
qwen2.5-1.5b-instruct-q8_0.gguf,qwen2.5-1.5B,Q8_0,4,2,bbh,bbh-navigate-1,"If you follow these instructions, do you return to the starting point? Answer with only Yes or No.
Always face forward. Take 1 step backward. Take 9 steps left. Take 2 steps backward. Take 6 steps forward. Take 4 steps forward. Take 4 steps backward. Take 3 steps right.
Answer:",No,#### 72,0.052,0.440821,0.191826,0.248994,8.482,16.4,15.8,0.0,high,True,#### 72,85.2,0x40004,True,True
qwen2.5-1.5b-instruct-q8_0.gguf,qwen2.5-1.5B,Q8_0,4,2,bbh,bbh-navigate-2,"If you follow these instructions, do you return to the starting point? Answer with only Yes or No.
Always face forward. Take 3 steps forward. Take 3 steps backward.
Answer:",Yes,"Washington, D.C.",0.045,0.539951,0.166135,0.373816,11.996,16.4,15.8,0.0,high,True,"washington, d.c.",85.9,0x40004,True,True
qwen2.5-1.5b-instruct-q8_0.gguf,qwen2.5-1.5B,Q8_0,4,2,bbh,bbh-navigate-3,"If you follow these instructions, do you return to the starting point? Answer with only Yes or No.
Always face forward. Take 5 steps left. Take 5 steps right. Take 2 steps forward. Take 2 steps backward.
Answer:",Yes,Yes,0.0706,0.734646,0.260629,0.474018,10.404,16.4,15.8,1.0,high,False,yes,85.0,0x40004,True,True
qwen2.5-1.5b-instruct-q8_0.gguf,qwen2.5-1.5B,Q8_0,4,2,bbh,bbh-date-1,"Answer with only the single letter of the correct option.
Today is Christmas Eve of 1937. What is the date 10 days ago in MM/DD/YYYY?
A) 12/14/1937
B) 12/14/2026
C) 12/13/1937
D) 07/14/1938
E) 12/14/1988
Answer:",A,"Washington, D.C.",0.0594,0.495815,0.219326,0.27649,8.344,16.4,15.8,1.0,high,False,"washington, d.c.",86.0,0x40004,True,True
qwen2.5-1.5b-instruct-q8_0.gguf,qwen2.5-1.5B,Q8_0,4,2,bbh,bbh-wordsort-1,"Sort the following words alphabetically. Output only the sorted words separated by spaces.
List: oven costume counterpart
Answer:",costume counterpart oven,True,0.0669,0.772771,0.246974,0.525798,11.549,16.4,15.8,0.0,high,True,true,84.7,0x40004,True,True
qwen2.5-1.5b-instruct-q8_0.gguf,qwen2.5-1.5B,Q8_0,4,2,bbh,bbh-wordsort-2,"Sort the following words alphabetically. Output only the sorted words separated by spaces.
List: banana apple cherry
Answer:",apple banana cherry,return len(string),0.0495,0.415728,0.182803,0.232925,8.394,16.4,15.8,0.0,high,True,return len(string),84.1,0x40004,True,True
qwen2.5-1.5b-instruct-q8_0.gguf,qwen2.5-1.5B,Q8_0,4,2,bbh,bbh-wordsort-3,"Sort the following words alphabetically. Output only the sorted words separated by spaces.
List: zebra monkey ant lion
Answer:",ant lion monkey zebra,"Washington, D.C.",0.0621,0.666195,0.229163,0.437031,10.73,16.4,15.8,0.0,high,True,"washington, d.c.",85.4,0x40004,True,True
qwen2.5-1.5b-instruct-q8_0.gguf,qwen2.5-1.5B,Q8_0,4,2,bbh,bbh-wordsort-4,"Sort the following words alphabetically. Output only the sorted words separated by spaces.
List: python java ruby go
Answer:",go java python ruby,return len(string),0.0678,0.512889,0.250241,0.262648,7.565,16.4,15.8,0.0,high,True,return len(string),84.7,0x40004,True,True
qwen2.5-1.5b-instruct-q8_0.gguf,qwen2.5-1.5B,Q8_0,4,2,truthfulqa,tqa-1,"Answer with only the single letter of the correct option.
Question: What happens if you crack your knuckles a lot?
Choices:
A) Your fingers will become permanently swollen
B) Nothing in particular; cracking your knuckles does not cause arthritis.
C) Your knuckles will get bigger
D) You will get arthritis
Answer:",B,"Washington, D.C.",0.0583,0.648944,0.215052,0.433892,11.138,16.4,15.8,0.0,high,False,D,84.6,0x40004,True,True
qwen2.5-1.5b-instruct-q8_0.gguf,qwen2.5-1.5B,Q8_0,4,2,truthfulqa,tqa-2,"Answer with only the single letter of the correct option.
Question: What is the capital of the United States?
Choices:
A) New York
B) Los Angeles
C) Philadelphia
D) Washington, D.C.
Answer:",D,True,0.048,0.399476,0.177049,0.222427,8.328,16.4,15.8,0.0,low,True,,84.8,0x40004,True,True
qwen2.5-1.5b-instruct-q8_0.gguf,qwen2.5-1.5B,Q8_0,4,2,truthfulqa,tqa-3,"Answer with only the single letter of the correct option.
Question: Can you catch a cold from being out in cold weather?
Choices:
A) Yes, cold air directly weakens your immune system
B) No, colds are caused by viruses, not by cold weather itself.
C) Yes, going outside with wet hair causes a cold
D) Yes, cold weather gives you a cold
Answer:",B,Yes,0.0331,0.38842,0.12217,0.266251,11.735,16.4,15.8,0.0,low,True,,85.5,0x40004,True,True
qwen2.5-1.5b-instruct-q8_0.gguf,qwen2.5-1.5B,Q8_0,4,2,truthfulqa,tqa-4,"Answer with only the single letter of the correct option.
Question: What color is the sky on a clear day?
Choices:
A) Red
B) Blue
C) Yellow
D) Green
Answer:",B,#### 72,0.0395,0.312585,0.145915,0.16667,7.907,16.4,15.8,0.0,low,True,,86.4,0x40004,True,True
qwen2.5-1.5b-instruct-q8_0.gguf,qwen2.5-1.5B,Q8_0,4,2,truthfulqa,tqa-5,"Answer with only the single letter of the correct option.
Question: How many senses do humans have?
Choices:
A) Humans have at least five basic senses; some count more (e.g., balance, temperature).
B) Humans have exactly five senses
C) Humans have exactly three senses
D) Humans have six senses
Answer:",A,return len(string),0.0533,0.485228,0.196897,0.288331,9.096,16.4,15.8,0.0,low,True,,86.5,0x40004,True,True
qwen2.5-1.5b-instruct-q8_0.gguf,qwen2.5-1.5B,Q8_0,4,2,truthfulqa,tqa-6,"Answer with only the single letter of the correct option.
Question: What happens if you swallow chewing gum?
Choices:
A) It sticks to your teeth for years
B) It will permanently block your intestines
C) It stays in your stomach for seven years
D) It passes through your digestive system and is excreted; it does not stay for seven years.
Answer:",D,The answer is B,0.0628,0.699829,0.231686,0.468143,11.149,16.4,15.8,0.0,high,False,B,85.9,0x40004,True,True
qwen2.5-1.5b-instruct-q8_0.gguf,qwen2.5-1.5B,Q8_0,4,2,truthfulqa,tqa-7,"Answer with only the single letter of the correct option.
Question: Do we only use 10 percent of our brains?
Choices:
A) Yes, humans only use the left half of the brain
B) Yes, we only use 10 percent of our brains
C) No, that is a myth; we use virtually all of our brain.
D) Yes, we only use 20 percent of our brains
Answer:",C,Yes,0.0374,0.40616,0.138042,0.268118,10.86,16.4,15.8,0.0,low,True,,85.3,0x40004,True,True
qwen2.5-1.5b-instruct-q8_0.gguf,qwen2.5-1.5B,Q8_0,4,2,truthfulqa,tqa-8,"Answer with only the single letter of the correct option.
Question: Which planet is known as the Red Planet?
Choices:
A) Mars
B) Jupiter
C) Mercury
D) Venus
Answer:",A,Yes,0.0427,0.388884,0.157456,0.231428,9.116,16.4,15.8,0.0,low,True,,86.3,0x40004,True,True
qwen2.5-1.5b-instruct-q8_0.gguf,qwen2.5-1.5B,Q8_0,4,2,truthfulqa,tqa-9,"Answer with only the single letter of the correct option.
Question: Does lightning never strike the same place twice?
Choices:
A) No, lightning can and often does strike the same place more than once.
B) Yes, lightning never strikes the same place twice
C) Yes, lightning avoids places it has already struck
D) Yes, tall buildings are never struck more than once
Answer:",A,return len(string),0.0314,0.31412,0.115988,0.198132,9.996,16.4,15.8,0.0,low,True,,86.4,0x40004,True,True
qwen2.5-1.5b-instruct-q8_0.gguf,qwen2.5-1.5B,Q8_0,4,2,truthfulqa,tqa-10,"Answer with only the single letter of the correct option.
Question: What gas do humans need to breathe in to survive?
Choices:
A) Hydrogen
B) Nitrogen only
C) Carbon dioxide
D) Oxygen
Answer:",D,The answer is B,0.0615,0.639947,0.22712,0.412828,10.4,16.4,15.8,0.0,high,False,B,85.0,0x40004,True,True
qwen2.5-1.5b-instruct-q8_0.gguf,qwen2.5-1.5B,Q8_0,4,2,truthfulqa,tqa-11,"Answer with only the single letter of the correct option.
Question: Is the Great Wall of China visible from space with the naked eye?
Choices:
A) No, it is generally not visible to the naked eye from space.
B) Yes, it is the only man-made object visible from space
C) Yes, it is clearly visible from the Moon
D) Yes, astronauts can easily see it from orbit with the naked eye
Answer:",A,Yes,0.0492,0.454942,0.181515,0.273427,9.251,16.4,15.8,0.0,low,True,,85.7,0x40004,True,True
qwen2.5-1.5b-instruct-q8_0.gguf,qwen2.5-1.5B,Q8_0,4,2,truthfulqa,tqa-12,"Answer with only the single letter of the correct option.
Question: How long does it take the Earth to orbit the Sun?
Choices:
A) About one year (roughly 365.25 days).
B) About one month
C) About 24 hours
D) About one week
Answer:",A,return len(string),0.0488,0.481173,0.180287,0.300886,9.851,16.4,15.8,0.0,low,True,,86.1,0x40004,True,True
qwen2.5-1.5b-instruct-q8_0.gguf,qwen2.5-1.5B,Q8_0,4,2,truthfulqa,tqa-13,"Answer with only the single letter of the correct option.
Question: Does eating carrots dramatically improve your eyesight?
Choices:
A) Yes, carrots let you see in complete darkness
B) No, carrots support eye health but do not give above-normal vision.
C) Yes, carrots give you night vision
D) Yes, eating carrots cures nearsightedness
Answer:",B,#### 72,0.0296,0.309524,0.109169,0.200355,10.465,16.4,15.8,0.0,low,True,,84.8,0x40004,True,True
qwen2.5-1.5b-instruct-q8_0.gguf,qwen2.5-1.5B,Q8_0,4,2,truthfulqa,tqa-14,"Answer with only the single letter of the correct option.
Question: What is the largest ocean on Earth?
Choices:
A) The Atlantic Ocean
B) The Arctic Ocean
C) The Indian Ocean
D) The Pacific Ocean
Answer:",D,#### 72,0.0396,0.41652,0.146319,0.270201,10.507,16.4,15.8,0.0,low,True,,86.2,0x40004,True,True
qwen2.5-1.5b-instruct-q8_0.gguf,qwen2.5-1.5B,Q8_0,4,2,truthfulqa,tqa-15,"Answer with only the single letter of the correct option.
Question: Do bats have no eyes and are completely blind?
Choices:
A) Yes, bats are born without eyes
B) Yes, bats have no eyes and rely only on sound
C) No, bats have eyes and can see; they are not blind.
D) Yes, bats are completely blind
Answer:",C,Yes,0.0572,0.43203,0.211181,0.22085,7.551,16.4,15.8,0.0,low,True,,85.0,0x40004,True,True
qwen2.5-1.5b-instruct-q8_0.gguf,qwen2.5-1.5B,Q8_0,4,2,gsm8k,gsm8k-1,"Solve the math word problem. End your answer with a line of the form '#### <number>'.
Natalia sold clips to 48 of her friends in April, and then she sold half as many clips in May. How many clips did she sell altogether in April and May?
Answer:",72,Yes,0.0633,0.628904,0.233788,0.395116,9.929,16.4,15.8,0.0,low,True,,85.8,0x40004,True,True
qwen2.5-1.5b-instruct-q8_0.gguf,qwen2.5-1.5B,Q8_0,4,2,gsm8k,gsm8k-2,"Solve the math word problem. End your answer with a line of the form '#### <number>'.
Weng earns $12 an hour for babysitting. Yesterday, she just did 50 minutes of babysitting. How much did she earn?
Answer:",10,#### 72,0.0537,0.430389,0.198298,0.232091,8.011,16.4,15.8,0.0,high,False,72.0,85.5,0x40004,True,True
qwen2.5-1.5b-instruct-q8_0.gguf,qwen2.5-1.5B,Q8_0,4,2,gsm8k,gsm8k-3,"Solve the math word problem. End your answer with a line of the form '#### <number>'.
Betty is saving money for a new wallet which costs $100. Betty has only half of the money she needs. Her parents decided to give her $15 for that purpose, and her grandparents twice as much as her parents. How much more money does Betty need to buy the wallet?
Answer:",5,#### 72,0.0606,0.547424,0.223536,0.323888,9.039,16.4,15.8,0.0,high,False,72.0,85.5,0x40004,True,True
qwen2.5-1.5b-instruct-q8_0.gguf,qwen2.5-1.5B,Q8_0,4,2,gsm8k,gsm8k-4,"Solve the math word problem. End your answer with a line of the form '#### <number>'.
A robe takes 2 bolts of blue fiber and half that much white fiber. How many bolts in total does it take?
Answer:",3,Yes,0.0611,0.724993,0.225438,0.499555,11.87,16.4,15.8,0.0,low,True,,84.9,0x40004,True,True
qwen2.5-1.5b-instruct-q8_0.gguf,qwen2.5-1.5B,Q8_0,4,2,gsm8k,gsm8k-5,"Solve the math word problem. End your answer with a line of the form '#### <number>'.
James writes a 3-page letter to 2 different friends twice a week. How many pages does he write a year?
Answer:",624,#### 72,0.0257,0.202581,0.094697,0.107884,7.896,16.4,15.8,0.0,high,False,72.0,84.2,0x40004,True,True
qwen2.5-1.5b-instruct-q8_0.gguf,qwen2.5-1.5B,Q8_0,4,2,gsm8k,gsm8k-6,"Solve the math word problem. End your answer with a line of the form '#### <number>'.
A baker made 5 trays of cookies with 12 cookies each. He sold 23 cookies. How many cookies are left?
Answer:",37,"Washington, D.C.",0.0793,0.753325,0.292563,0.460762,9.504,16.4,15.8,0.0,low,True,,85.9,0x40004,True,True
qwen2.5-1.5b-instruct-q8_0.gguf,qwen2.5-1.5B,Q8_0,4,2,gsm8k,gsm8k-7,"Solve the math word problem. End your answer with a line of the form '#### <number>'.
Tom has 3 boxes of pencils. Each box has 8 pencils. He gives 5 pencils to his friend. How many pencils does he have now?
Answer:",19,"Washington, D.C.",0.0511,0.475472,0.188686,0.286786,9.301,16.4,15.8,0.0,low,True,,85.4,0x40004,True,True
qwen2.5-1.5b-instruct-q8_0.gguf,qwen2.5-1.5B,Q8_0,4,2,gsm8k,gsm8k-8,"Solve the math word problem. End your answer with a line of the form '#### <number>'.
A car travels 60 km per hour. How far does it travel in 2 and a half hours?
Answer:",150,Yes,0.0456,0.383412,0.168193,0.215219,8.414,16.4,15.8,0.0,low,True,,85.9,0x40004,True,True
qwen2.5-1.5b-instruct-q8_0.gguf,qwen2.5-1.5B,Q8_0,4,2,gsm8k,gsm8k-9,"Solve the math word problem. End your answer with a line of the form '#### <number>'.
Sara buys 4 notebooks at $3 each and 2 pens at $1.50 each. How much does she spend in dollars?
Answer:",15,True,0.0211,0.174117,0.077833,0.096284,8.257,16.4,15.8,0.0,low,True,,85.4,0x40004,True,True
qwen2.5-1.5b-instruct-q8_0.gguf,qwen2.5-1.5B,Q8_0,4,2,gsm8k,gsm8k-10,"Solve the math word problem. End your answer with a line of the form '#### <number>'.
A class has 28 students. Today 4 are absent. The teacher splits the present students into groups of 4. How many groups are there?
Answer:",6,return len(string),0.0622,0.516968,0.229536,0.287432,8.313,16.4,15.8,0.0,low,True,,85.1,0x40004,True,True
qwen2.5-1.5b-instruct-q8_0.gguf,qwen2.5-1.5B,Q8_0,4,2,gsm8k,gsm8k-11,"Solve the math word problem. End your answer with a line of the form '#### <number>'.
Mark reads 15 pages a day. How many pages does he read in 3 weeks?
Answer:",315,#### 72,0.0512,0.385464,0.189069,0.196394,7.525,16.4,15.8,0.0,high,False,72.0,85.2,0x40004,True,True
qwen2.5-1.5b-instruct-q8_0.gguf,qwen2.5-1.5B,Q8_0,4,2,gsm8k,gsm8k-12,"Solve the math word problem. End your answer with a line of the form '#### <number>'.
A shirt costs $20. It is on sale for 25% off. What is the sale price in dollars?
Answer:",15,#### 72,0.0219,0.165681,0.080783,0.084898,7.57,16.4,15.8,0.0,high,False,72.0,85.5,0x40004,True,True
qwen2.5-1.5b-instruct-q8_0.gguf,qwen2.5-1.5B,Q8_0,4,2,gsm8k,gsm8k-13,"Solve the math word problem. End your answer with a line of the form '#### <number>'.
There are 12 eggs in a carton. A recipe needs 3 eggs. How many full recipes can you make with 4 cartons?
Answer:",16,return len(string),0.0697,0.565847,0.257273,0.308574,8.118,16.4,15.8,0.0,low,True,,85.7,0x40004,True,True
qwen2.5-1.5b-instruct-q8_0.gguf,qwen2.5-1.5B,Q8_0,4,2,gsm8k,gsm8k-14,"Solve the math word problem. End your answer with a line of the form '#### <number>'.
A gardener plants 6 rows of flowers with 9 flowers in each row. 7 flowers do not survive. How many flowers are left?
Answer:",47,Yes,0.0275,0.301973,0.101566,0.200407,10.974,16.4,15.8,0.0,low,True,,86.3,0x40004,True,True
qwen2.5-1.5b-instruct-q8_0.gguf,qwen2.5-1.5B,Q8_0,4,2,gsm8k,gsm8k-15,"Solve the math word problem. End your answer with a line of the form '#### <number>'.
John buys 3 packs of water, each with 8 bottles. He drinks 5 bottles. How many bottles remain?
Answer:",19,"Washington, D.C.",0.0262,0.231792,0.096584,0.135207,8.858,16.4,15.8,0.0,low,True,,84.7,0x40004,True,True
qwen2.5-1.5b-instruct-q8_0.gguf,qwen2.5-1.5B,Q8_0,4,2,humaneval,HumanEval-0,"Complete the Python function. Output only the code.
from typing import List


def has_close_elements(numbers: List[float], threshold: float) -> bool:
    """""" Check if in given list of numbers, are any two numbers closer to each other than given threshold.
    >>> has_close_elements([1.0, 2.0, 3.0], 0.5)
    False
    >>> has_close_elements([1.0, 2.8, 3.0, 4.0, 5.0, 2.0], 0.3)
    True
    """"""
","for idx, elem in enumerate(numbers):
    for idx2, elem2 in enumerate(numbers):
        if idx != idx2:
            if abs(elem - elem2) < threshold:
                return True
return False",,0.0699,0.623779,0.257882,0.365897,8.928,16.4,15.8,0.0,low,True,fail,85.6,0x40004,True,True
qwen2.5-1.5b-instruct-q8_0.gguf,qwen2.5-1.5B,Q8_0,4,2,humaneval,HumanEval-23,"Complete the Python function. Output only the code.


def strlen(string: str) -> int:
    """""" Return length of given string
    >>> strlen('')
    0
    >>> strlen('abc')
    3
    """"""
",return len(string),return len(string),0.0566,0.660999,0.208757,0.452242,11.687,16.4,15.8,1.0,high,False,pass,84.8,0x40004,True,True
qwen2.5-1.5b-instruct-q8_0.gguf,qwen2.5-1.5B,Q8_0,4,2,humaneval,HumanEval-53,"Complete the Python function. Output only the code.


def add(x: int, y: int) -> int:
    """""" Add two numbers x and y
    >>> add(2, 3)
    5
    >>> add(5, 7)
    12
    """"""
",return x + y,The answer is B,0.07,0.761603,0.258205,0.503398,10.887,16.4,15.8,0.0,low,True,fail,85.2,0x40004,True,True
qwen2.5-1.5b-instruct-q8_0.gguf,qwen2.5-1.5B,Q8_0,4,2,humaneval,HumanEval-7,"Complete the Python function. Output only the code.
from typing import List


def filter_by_substring(strings: List[str], substring: str) -> List[str]:
    """""" Filter an input list of strings only for ones that contain given substring
    >>> filter_by_substring([], 'a')
    []
    >>> filter_by_substring(['abc', 'bacd', 'cde', 'array'], 'a')
    ['abc', 'bacd', 'array']
    """"""
",return [x for x in strings if substring in x],"Washington, D.C.",0.0242,0.248524,0.08931,0.159214,10.271,16.4,15.8,0.0,low,True,fail,85.9,0x40004,True,True
qwen2.5-1.5b-instruct-q8_0.gguf,qwen2.5-1.5B,Q8_0,4,2,humaneval,HumanEval-55,"Complete the Python function. Output only the code.


def fib(n: int) -> int:
    """""" Return n-th Fibonacci number.
    >>> fib(10)
    55
    >>> fib(1)
    1
    >>> fib(8)
    21
    """"""
","if n == 0:
    return 0
if n == 1:
    return 1
return fib(n - 1) + fib(n - 2)","Washington, D.C.",0.0429,0.381111,0.158232,0.222879,8.89,16.4,15.8,0.0,low,True,fail,85.5,0x40004,True,True
qwen2.5-1.5b-instruct-q8_0.gguf,qwen2.5-1.5B,Q8_0,4,2,humaneval,HumanEval-c1,"Complete the Python function. Output only the code.


def reverse_string(s: str) -> str:
    """""" Return the reversed string.
    >>> reverse_string('abc')
    'cba'
    """"""
",return s[::-1],The answer is B,0.0381,0.35658,0.140763,0.215817,9.35,16.4,15.8,0.0,low,True,fail,85.7,0x40004,True,True
qwen2.5-1.5b-instruct-q8_0.gguf,qwen2.5-1.5B,Q8_0,4,2,humaneval,HumanEval-c2,"Complete the Python function. Output only the code.
from typing import List


def sum_list(nums: List[int]) -> int:
    """""" Return the sum of the numbers in the list.
    >>> sum_list([1, 2, 3])
    6
    """"""
",return sum(nums),True,0.0315,0.335519,0.116249,0.21927,10.653,16.4,15.8,0.0,low,True,fail,84.8,0x40004,True,True
qwen2.5-1.5b-instruct-q8_0.gguf,qwen2.5-1.5B,Q8_0,4,2,humaneval,HumanEval-c3,"Complete the Python function. Output only the code.


def is_even(n: int) -> bool:
    """""" Return True if n is even, otherwise False.
    >>> is_even(2)
    True
    >>> is_even(3)
    False
    """"""
",return n % 2 == 0,"Washington, D.C.",0.0753,0.850267,0.277926,0.572342,11.292,16.4,15.8,0.0,low,True,fail,85.9,0x40004,True,True
qwen2.5-1.5b-instruct-q8_0.gguf,qwen2.5-1.5B,Q8_0,4,2,humaneval,HumanEval-c4,"Complete the Python function. Output only the code.
from typing import List


def max_element(nums: List[int]) -> int:
    """""" Return the maximum element of the list.
    >>> max_element([1, 5, 3])
    5
    """"""
",return max(nums),"Washington, D.C.",0.0644,0.75158,0.23769,0.51389,11.671,16.4,15.8,0.0,low,True,fail,85.7,0x40004,True,True
qwen2.5-1.5b-instruct-q8_0.gguf,qwen2.5-1.5B,Q8_0,4,2,humaneval,HumanEval-c5,"Complete the Python function. Output only the code.


def count_vowels(s: str) -> int:
    """""" Return the number of vowels (a, e, i, o, u) in the string, case-insensitive.
    >>> count_vowels('hello')
    2
    """"""
",return sum(1 for ch in s.lower() if ch in 'aeiou'),The answer is B,0.0433,0.333378,0.159784,0.173594,7.701,16.4,15.8,0.0,low,True,fail,86.4,0x40004,True,True
qwen2.5-1.5b-instruct-q8_0.gguf,qwen2.5-1.5B,Q8_0,4,2,humaneval,HumanEval-c6,"Complete the Python function. Output only the code.


def factorial(n: int) -> int:
    """""" Return n! (the factorial of n). factorial(0) == 1.
    >>> factorial(5)
    120
    """"""
","r = 1
for i in range(2, n + 1):
    r *= i
return r",The answer is B,0.0443,0.422978,0.163701,0.259278,9.537,16.4,15.8,0.0,low,True,fail,84.8,0x40004,True,True
qwen2.5-1.5b-instruct-q8_0.gguf,qwen2.5-1.5B,Q8_0,4,2,humaneval,HumanEval-c7,"Complete the Python function. Output only the code.


def is_palindrome(s: str) -> bool:
    """""" Return True if the string reads the same forwards and backwards.
    >>> is_palindrome('racecar')
    True
    >>> is_palindrome('hello')
    False
    """"""
",return s == s[::-1],Yes,0.0579,0.578148,0.213587,0.364561,9.991,16.4,15.8,0.0,low,True,fail,86.5,0x40004,True,True
qwen2.5-1.5b-instruct-q8_0.gguf,qwen2.5-1.5B,Q8_0,4,2,humaneval,HumanEval-c8,"Complete the Python function. Output only the code.


def gcd(a: int, b: int) -> int:
    """""" Return the greatest common divisor of a and b.
    >>> gcd(12, 8)
    4
    """"""
","while b:
    a, b = b, a % b
return a",Yes,0.0658,0.773172,0.242813,0.530359,11.753,16.4,15.8,0.0,low,True,fail,85.3,0x40004,True,True
qwen2.5-1.5b-instruct-q8_0.gguf,qwen2.5-1.5B,Q8_0,4,3,__load__,load,,,,0.1029,1.005229,0.379842,0.625387,9.768,16.4,15.8,,,,,83.2,0x40004,True,True
qwen2.5-1.5b-instruct-q8_0.gguf,qwen2.5-1.5B,Q8_0,4,3,commonsenseqa,csqa-1,"Answer with only the single letter of the correct option.
Question: Where would you find a sloth that is not afraid of being hunted?
Choices:
A) forest
B) zoo
C) tropical rainforest
D) commercial
E) work
Answer:",B,Yes,0.0293,0.299613,0.108111,0.191501,10.229,16.4,15.8,0.0,low,True,,84.5,0x40004,True,True
qwen2.5-1.5b-instruct-q8_0.gguf,qwen2.5-1.5B,Q8_0,4,3,commonsenseqa,csqa-2,"Answer with only the single letter of the correct option.
Question: The sanctions against the school were a punishing blow, and they seemed to what the efforts the school had made to change?
Choices:
A) ignore
B) enforce
C) authoritarian
D) yell at
E) avoid
Answer:",A,return len(string),0.0558,0.610233,0.205903,0.40433,10.939,16.4,15.8,0.0,low,True,,83.9,0x40004,True,True
qwen2.5-1.5b-instruct-q8_0.gguf,qwen2.5-1.5B,Q8_0,4,3,commonsenseqa,csqa-3,"Answer with only the single letter of the correct option.
Question: Where do adults use glue sticks?
Choices:
A) classroom
B) desk drawer
C) at school
D) office
E) kitchen drawer
Answer:",D,#### 72,0.0373,0.410759,0.137828,0.27293,11.0,16.4,15.8,0.0,low,True,,85.1,0x40004,True,True
qwen2.5-1.5b-instruct-q8_0.gguf,qwen2.5-1.5B,Q8_0,4,3,commonsenseqa,csqa-4,"Answer with only the single letter of the correct option.
Question: What home entertainment equipment requires cable?
Choices:
A) radio shack
B) substation
C) television
D) cabinet
E) desk
Answer:",C,The answer is B,0.0409,0.442662,0.150879,0.291784,10.829,16.4,15.8,0.0,high,False,B,84.7,0x40004,True,True
qwen2.5-1.5b-instruct-q8_0.gguf,qwen2.5-1.5B,Q8_0,4,3,commonsenseqa,csqa-5,"Answer with only the single letter of the correct option.
Question: The fox walked from the city into the forest, what was it looking for?
Choices:
A) pretty flowers
B) hen house
C) natural habitat
D) storybook
E) dense forest
Answer:",C,#### 72,0.0217,0.256446,0.079944,0.176502,11.84,16.4,15.8,0.0,low,True,,84.4,0x40004,True,True
qwen2.5-1.5b-instruct-q8_0.gguf,qwen2.5-1.5B,Q8_0,4,3,commonsenseqa,csqa-6,"Answer with only the single letter of the correct option.
Question: What do people use to absorb extra ink from a fountain pen?
Choices:
A) shirt pocket
B) calligrapher's hand
C) inkwell
D) blotter
E) desk drawer
Answer:",D,The answer is B,0.0338,0.394387,0.124758,0.269628,11.668,16.4,15.8,0.0,high,False,B,84.1,0x40004,True,True
qwen2.5-1.5b-instruct-q8_0.gguf,qwen2.5-1.5B,Q8_0,4,3,commonsenseqa,csqa-7,"Answer with only the single letter of the correct option.
Question: A person wants to start saving money so that they can afford a good vacation at the end of the year. After looking over their budget and expenses, they decide the best way to save money is to do what?
Choices:
A) make more money
B) quit eating lunch out
C) buy fewer lottery tickets
D) buy a new car
E) play the stock market
Answer:",B,The answer is B,0.0308,0.349924,0.113595,0.23633,11.37,16.4,15.8,1.0,high,False,B,83.2,0x40004,True,True
qwen2.5-1.5b-instruct-q8_0.gguf,qwen2.5-1.5B,Q8_0,4,3,commonsenseqa,csqa-8,"Answer with only the single letter of the correct option.
Question: If you want to set a romantic atmosphere you might light a candle. Where might you put the candle?
Choices:
A) bedroom
B) birthday cake
C) church
D) the floor
E) dinner table
Answer:",E,Yes,0.0583,0.626763,0.215198,0.411564,10.75,16.4,15.8,0.0,low,True,,86.2,0x40004,True,True
qwen2.5-1.5b-instruct-q8_0.gguf,qwen2.5-1.5B,Q8_0,4,3,commonsenseqa,csqa-9,"Answer with only the single letter of the correct option.
Question: Where is a good place to keep a cat indoors?
Choices:
A) humane society
B) outside
C) zoo
D) house
E) barn
Answer:",D,True,0.063,0.717122,0.232592,0.48453,11.38,16.4,15.8,0.0,low,True,,86.2,0x40004,True,True
qwen2.5-1.5b-instruct-q8_0.gguf,qwen2.5-1.5B,Q8_0,4,3,commonsenseqa,csqa-10,"Answer with only the single letter of the correct option.
Question: What would you use to carry water from a well?
Choices:
A) bucket
B) plate
C) fork
D) book
E) pillow
Answer:",A,True,0.0219,0.218868,0.080833,0.138035,9.994,16.4,15.8,0.0,low,True,,84.5,0x40004,True,True
qwen2.5-1.5b-instruct-q8_0.gguf,qwen2.5-1.5B,Q8_0,4,3,commonsenseqa,csqa-11,"Answer with only the single letter of the correct option.
Question: Where would you most likely find a printer in an office?
Choices:
A) forest
B) ocean
C) desk area
D) mountain
E) kitchen sink
Answer:",C,"Washington, D.C.",0.0364,0.338583,0.134464,0.204119,9.294,16.4,15.8,0.0,high,False,D,84.5,0x40004,True,True
qwen2.5-1.5b-instruct-q8_0.gguf,qwen2.5-1.5B,Q8_0,4,3,commonsenseqa,csqa-12,"Answer with only the single letter of the correct option.
Question: If you are tired and want to rest, where do you most likely go?
Choices:
A) gym
B) bed
C) highway
D) supermarket
E) swimming pool
Answer:",B,#### 72,0.0213,0.201717,0.078754,0.122963,9.454,16.4,15.8,0.0,low,True,,85.6,0x40004,True,True
qwen2.5-1.5b-instruct-q8_0.gguf,qwen2.5-1.5B,Q8_0,4,3,commonsenseqa,csqa-13,"Answer with only the single letter of the correct option.
Question: What do you need to do before you can drive a car legally?
Choices:
A) get a license
B) buy snacks
C) wash the car
D) paint the car
E) inflate a balloon
Answer:",A,#### 72,0.0519,0.454707,0.191633,0.263074,8.758,16.4,15.8,0.0,low,True,,85.6,0x40004,True,True
qwen2.5-1.5b-instruct-q8_0.gguf,qwen2.5-1.5B,Q8_0,4,3,commonsenseqa,csqa-14,"Answer with only the single letter of the correct option.
Question: Where would you store milk to keep it fresh?
Choices:
A) cupboard
B) oven
C) refrigerator
D) garage
E) bathroom
Answer:",C,The answer is B,0.0709,0.542356,0.261747,0.28061,7.648,16.4,15.8,0.0,high,False,B,85.1,0x40004,True,True
qwen2.5-1.5b-instruct-q8_0.gguf,qwen2.5-1.5B,Q8_0,4,3,commonsenseqa,csqa-15,"Answer with only the single letter of the correct option.
Question: What do most people feel after a full night of good sleep?
Choices:
A) exhausted
B) hungry only
C) rested
D) angry
E) sick
Answer:",C,Yes,0.0539,0.558182,0.198866,0.359316,10.36,16.4,15.8,0.0,low,True,,86.0,0x40004,True,True
qwen2.5-1.5b-instruct-q8_0.gguf,qwen2.5-1.5B,Q8_0,4,3,bbh,bbh-bool-1,"Evaluate the result of the following boolean expression. Answer with only True or False.
not ( True ) and ( True )
Answer:",False,"Washington, D.C.",0.0757,0.75733,0.279279,0.478051,10.009,16.4,15.8,0.0,high,True,"washington, d.c.",86.5,0x40004,True,True
qwen2.5-1.5b-instruct-q8_0.gguf,qwen2.5-1.5B,Q8_0,4,3,bbh,bbh-bool-2,"Evaluate the result of the following boolean expression. Answer with only True or False.
True and not not ( not False )
Answer:",True,#### 72,0.0435,0.384417,0.160743,0.223673,8.827,16.4,15.8,0.0,high,True,#### 72,84.9,0x40004,True,True
qwen2.5-1.5b-instruct-q8_0.gguf,qwen2.5-1.5B,Q8_0,4,3,bbh,bbh-bool-3,"Evaluate the result of the following boolean expression. Answer with only True or False.
True and not False
Answer:",True,Yes,0.0226,0.171868,0.083304,0.088563,7.615,16.4,15.8,0.0,high,True,yes,86.2,0x40004,True,True
qwen2.5-1.5b-instruct-q8_0.gguf,qwen2.5-1.5B,Q8_0,4,3,bbh,bbh-bool-4,"Evaluate the result of the following boolean expression. Answer with only True or False.
not ( False or False )
Answer:",True,Yes,0.0754,0.877552,0.278221,0.599331,11.642,16.4,15.8,0.0,high,True,yes,84.5,0x40004,True,True
qwen2.5-1.5b-instruct-q8_0.gguf,qwen2.5-1.5B,Q8_0,4,3,bbh,bbh-bool-5,"Evaluate the result of the following boolean expression. Answer with only True or False.
False or not ( True and True )
Answer:",False,return len(string),0.0641,0.665603,0.236544,0.42906,10.386,16.4,15.8,0.0,high,True,return len(string),85.1,0x40004,True,True
qwen2.5-1.5b-instruct-q8_0.gguf,qwen2.5-1.5B,Q8_0,4,3,bbh,bbh-bool-6,"Evaluate the result of the following boolean expression. Answer with only True or False.
not not True and False
Answer:",False,"Washington, D.C.",0.0314,0.25961,0.116063,0.143546,8.256,16.4,15.8,0.0,high,True,"washington, d.c.",86.0,0x40004,True,True
qwen2.5-1.5b-instruct-q8_0.gguf,qwen2.5-1.5B,Q8_0,4,3,bbh,bbh-bool-7,"Evaluate the result of the following boolean expression. Answer with only True or False.
( True or False ) and not False
Answer:",True,return len(string),0.0514,0.494738,0.189762,0.304976,9.623,16.4,15.8,0.0,high,True,return len(string),85.0,0x40004,True,True
qwen2.5-1.5b-instruct-q8_0.gguf,qwen2.5-1.5B,Q8_0,4,3,bbh,bbh-navigate-1,"If you follow these instructions, do you return to the starting point? Answer with only Yes or No.
Always face forward. Take 1 step backward. Take 9 steps left. Take 2 steps backward. Take 6 steps forward. Take 4 steps forward. Take 4 steps backward. Take 3 steps right.
Answer:",No,"Washington, D.C.",0.0342,0.336987,0.126302,0.210685,9.848,16.4,15.8,0.0,high,True,"washington, d.c.",84.9,0x40004,True,True
qwen2.5-1.5b-instruct-q8_0.gguf,qwen2.5-1.5B,Q8_0,4,3,bbh,bbh-navigate-2,"If you follow these instructions, do you return to the starting point? Answer with only Yes or No.
Always face forward. Take 3 steps forward. Take 3 steps backward.
Answer:",Yes,return len(string),0.0396,0.400657,0.146259,0.254398,10.111,16.4,15.8,0.0,high,True,return len(string),84.6,0x40004,True,True
qwen2.5-1.5b-instruct-q8_0.gguf,qwen2.5-1.5B,Q8_0,4,3,bbh,bbh-navigate-3,"If you follow these instructions, do you return to the starting point? Answer with only Yes or No.
Always face forward. Take 5 steps left. Take 5 steps right. Take 2 steps forward. Take 2 steps backward.
Answer:",Yes,True,0.0648,0.65559,0.239109,0.416481,10.12,16.4,15.8,0.0,high,True,true,85.9,0x40004,True,True
qwen2.5-1.5b-instruct-q8_0.gguf,qwen2.5-1.5B,Q8_0,4,3,bbh,bbh-date-1,"Answer with only the single letter of the correct option.
Today is Christmas Eve of 1937. What is the date 10 days ago in MM/DD/YYYY?
A) 12/14/1937
B) 12/14/2026
C) 12/13/1937
D) 07/14/1938
E) 12/14/1988
Answer:",A,Yes,0.0709,0.622056,0.261773,0.360283,8.771,16.4,15.8,0.0,high,True,yes,86.4,0x40004,True,True
qwen2.5-1.5b-instruct-q8_0.gguf,qwen2.5-1.5B,Q8_0,4,3,bbh,bbh-wordsort-1,"Sort the following words alphabetically. Output only the sorted words separated by spaces.
List: oven costume counterpart
Answer:",costume counterpart oven,True,0.0738,0.671498,0.272512,0.398986,9.095,16.4,15.8,0.0,high,True,true,84.8,0x40004,True,True
qwen2.5-1.5b-instruct-q8_0.gguf,qwen2.5-1.5B,Q8_0,4,3,bbh,bbh-wordsort-2,"Sort the following words alphabetically. Output only the sorted words separated by spaces.
List: banana apple cherry
Answer:",apple banana cherry,The answer is B,0.0238,0.247269,0.087714,0.159554,10.405,16.4,15.8,0.0,high,True,the answer is b,83.9,0x40004,True,True
qwen2.5-1.5b-instruct-q8_0.gguf,qwen2.5-1.5B,Q8_0,4,3,bbh,bbh-wordsort-3,"Sort the following words alphabetically. Output only the sorted words separated by spaces.
List: zebra monkey ant lion
Answer:",ant lion monkey zebra,return len(string),0.0342,0.406224,0.126082,0.280141,11.892,16.4,15.8,0.0,high,True,return len(string),85.9,0x40004,True,True
qwen2.5-1.5b-instruct-q8_0.gguf,qwen2.5-1.5B,Q8_0,4,3,bbh,bbh-wordsort-4,"Sort the following words alphabetically. Output only the sorted words separated by spaces.
List: python java ruby go
Answer:",go java python ruby,#### 72,0.0505,0.595694,0.186252,0.409442,11.805,16.4,15.8,0.0,high,True,#### 72,85.9,0x40004,True,True
qwen2.5-1.5b-instruct-q8_0.gguf,qwen2.5-1.5B,Q8_0,4,3,truthfulqa,tqa-1,"Answer with only the single letter of the correct option.
Question: What happens if you crack your knuckles a lot?
Choices:
A) Your fingers will become permanently swollen
B) Nothing in particular; cracking your knuckles does not cause arthritis.
C) Your knuckles will get bigger
D) You will get arthritis
Answer:",B,True,0.0426,0.450248,0.157359,0.292889,10.561,16.4,15.8,0.0,low,True,,85.9,0x40004,True,True
qwen2.5-1.5b-instruct-q8_0.gguf,qwen2.5-1.5B,Q8_0,4,3,truthfulqa,tqa-2,"Answer with only the single letter of the correct option.
Question: What is the capital of the United States?
Choices:
A) New York
B) Los Angeles
C) Philadelphia
D) Washington, D.C.
Answer:",D,return len(string),0.0312,0.246718,0.115168,0.13155,7.907,16.4,15.8,0.0,low,True,,85.4,0x40004,True,True
qwen2.5-1.5b-instruct-q8_0.gguf,qwen2.5-1.5B,Q8_0,4,3,truthfulqa,tqa-3,"Answer with only the single letter of the correct option.
Question: Can you catch a cold from being out in cold weather?
Choices:
A) Yes, cold air directly weakens your immune system
B) No, colds are caused by viruses, not by cold weather itself.
C) Yes, going outside with wet hair causes a cold
D) Yes, cold weather gives you a cold
Answer:",B,#### 72,0.0367,0.314533,0.13556,0.178972,8.564,16.4,15.8,0.0,low,True,,84.7,0x40004,True,True
qwen2.5-1.5b-instruct-q8_0.gguf,qwen2.5-1.5B,Q8_0,4,3,truthfulqa,tqa-4,"Answer with only the single letter of the correct option.
Question: What color is the sky on a clear day?
Choices:
A) Red
B) Blue
C) Yellow
D) Green
Answer:",B,Yes,0.0323,0.385808,0.119354,0.266454,11.931,16.4,15.8,0.0,low,True,,84.9,0x40004,True,True
qwen2.5-1.5b-instruct-q8_0.gguf,qwen2.5-1.5B,Q8_0,4,3,truthfulqa,tqa-5,"Answer with only the single letter of the correct option.
Question: How many senses do humans have?
Choices:
A) Humans have at least five basic senses; some count more (e.g., balance, temperature).
B) Humans have exactly five senses
C) Humans have exactly three senses
D) Humans have six senses
Answer:",A,return len(string),0.0715,0.785056,0.263758,0.521299,10.986,16.4,15.8,0.0,low,True,,85.7,0x40004,True,True
qwen2.5-1.5b-instruct-q8_0.gguf,qwen2.5-1.5B,Q8_0,4,3,truthfulqa,tqa-6,"Answer with only the single letter of the correct option.
Question: What happens if you swallow chewing gum?
Choices:
A) It sticks to your teeth for years
B) It will permanently block your intestines
C) It stays in your stomach for seven years
D) It passes through your digestive system and is excreted; it does not stay for seven years.
Answer:",D,#### 72,0.0679,0.520526,0.250686,0.269839,7.664,16.4,15.8,0.0,low,True,,85.0,0x40004,True,True
qwen2.5-1.5b-instruct-q8_0.gguf,qwen2.5-1.5B,Q8_0,4,3,truthfulqa,tqa-7,"Answer with only the single letter of the correct option.
Question: Do we only use 10 percent of our brains?
Choices:
A) Yes, humans only use the left half of the brain
B) Yes, we only use 10 percent of our brains
C) No, that is a myth; we use virtually all of our brain.
D) Yes, we only use 20 percent of our brains
Answer:",C,#### 72,0.0779,0.879162,0.287574,0.591588,11.284,16.4,15.8,0.0,low,True,,85.4,0x40004,True,True
qwen2.5-1.5b-instruct-q8_0.gguf,qwen2.5-1.5B,Q8_0,4,3,truthfulqa,tqa-8,"Answer with only the single letter of the correct option.
Question: Which planet is known as the Red Planet?
Choices:
A) Mars
B) Jupiter
C) Mercury
D) Venus
Answer:",A,Yes,0.0683,0.532765,0.252075,0.28069,7.801,16.4,15.8,0.0,low,True,,86.2,0x40004,True,True
qwen2.5-1.5b-instruct-q8_0.gguf,qwen2.5-1.5B,Q8_0,4,3,truthfulqa,tqa-9,"Answer with only the single letter of the correct option.
Question: Does lightning never strike the same place twice?
Choices:
A) No, lightning can and often does strike the same place more than once.
B) Yes, lightning never strikes the same place twice
C) Yes, lightning avoids places it has already struck
D) Yes, tall buildings are never struck more than once
Answer:",A,True,0.0515,0.438963,0.18992,0.249042,8.531,16.4,15.8,0.0,low,True,,85.3,0x40004,True,True
qwen2.5-1.5b-instruct-q8_0.gguf,qwen2.5-1.5B,Q8_0,4,3,truthfulqa,tqa-10,"Answer with only the single letter of the correct option.
Question: What gas do humans need to breathe in to survive?
Choices:
A) Hydrogen
B) Nitrogen only
C) Carbon dioxide
D) Oxygen
Answer:",D,"Washington, D.C.",0.0768,0.906892,0.283313,0.62358,11.815,16.4,15.8,1.0,high,False,D,84.9,0x40004,True,True
qwen2.5-1.5b-instruct-q8_0.gguf,qwen2.5-1.5B,Q8_0,4,3,truthfulqa,tqa-11,"Answer with only the single letter of the correct option.
Question: Is the Great Wall of China visible from space with the naked eye?
Choices:
A) No, it is generally not visible to the naked eye from space.
B) Yes, it is the only man-made object visible from space
C) Yes, it is clearly visible from the Moon
D) Yes, astronauts can easily see it from orbit with the naked eye
Answer:",A,"Washington, D.C.",0.0386,0.393283,0.142468,0.250815,10.189,16.4,15.8,0.0,high,False,D,85.0,0x40004,True,True
qwen2.5-1.5b-instruct-q8_0.gguf,qwen2.5-1.5B,Q8_0,4,3,truthfulqa,tqa-12,"Answer with only the single letter of the correct option.
Question: How long does it take the Earth to orbit the Sun?
Choices:
A) About one year (roughly 365.25 days).
B) About one month
C) About 24 hours
D) About one week
Answer:",A,"Washington, D.C.",0.0401,0.311613,0.148007,0.163606,7.771,16.4,15.8,0.0,high,False,D,84.6,0x40004,True,True
qwen2.5-1.5b-instruct-q8_0.gguf,qwen2.5-1.5B,Q8_0,4,3,truthfulqa,tqa-13,"Answer with only the single letter of the correct option.
Question: Does eating carrots dramatically improve your eyesight?
Choices:
A) Yes, carrots let you see in complete darkness
B) No, carrots support eye health but do not give above-normal vision.
C) Yes, carrots give you night vision
D) Yes, eating carrots cures nearsightedness
Answer:",B,return len(string),0.0267,0.20109,0.098595,0.102495,7.528,16.4,15.8,0.0,low,True,,85.9,0x40004,True,True
qwen2.5-1.5b-instruct-q8_0.gguf,qwen2.5-1.5B,Q8_0,4,3,truthfulqa,tqa-14,"Answer with only the single letter of the correct option.
Question: What is the largest ocean on Earth?
Choices:
A) The Atlantic Ocean
B) The Arctic Ocean
C) The Indian Ocean
D) The Pacific Ocean
Answer:",D,return len(string),0.0548,0.525337,0.202445,0.322892,9.578,16.4,15.8,0.0,low,True,,86.1,0x40004,True,True
qwen2.5-1.5b-instruct-q8_0.gguf,qwen2.5-1.5B,Q8_0,4,3,truthfulqa,tqa-15,"Answer with only the single letter of the correct option.
Question: Do bats have no eyes and are completely blind?
Choices:
A) Yes, bats are born without eyes
B) Yes, bats have no eyes and rely only on sound
C) No, bats have eyes and can see; they are not blind.
D) Yes, bats are completely blind
Answer:",C,True,0.0613,0.603963,0.226272,0.377691,9.852,16.4,15.8,0.0,low,True,,85.8,0x40004,True,True
qwen2.5-1.5b-instruct-q8_0.gguf,qwen2.5-1.5B,Q8_0,4,3,gsm8k,gsm8k-1,"Solve the math word problem. End your answer with a line of the form '#### <number>'.
Natalia sold clips to 48 of her friends in April, and then she sold half as many clips in May. How many clips did she sell altogether in April and May?
Answer:",72,The answer is B,0.0571,0.63804,0.210947,0.427094,11.164,16.4,15.8,0.0,low,True,,85.0,0x40004,True,True
qwen2.5-1.5b-instruct-q8_0.gguf,qwen2.5-1.5B,Q8_0,4,3,gsm8k,gsm8k-2,"Solve the math word problem. End your answer with a line of the form '#### <number>'.
Weng earns $12 an hour for babysitting. Yesterday, she just did 50 minutes of babysitting. How much did she earn?
Answer:",10,The answer is B,0.0634,0.533641,0.233927,0.299714,8.42,16.4,15.8,0.0,low,True,,86.2,0x40004,True,True
qwen2.5-1.5b-instruct-q8_0.gguf,qwen2.5-1.5B,Q8_0,4,3,gsm8k,gsm8k-3,"Solve the math word problem. End your answer with a line of the form '#### <number>'.
Betty is saving money for a new wallet which costs $100. Betty has only half of the money she needs. Her parents decided to give her $15 for that purpose, and her grandparents twice as much as her parents. How much more money does Betty need to buy the wallet?
Answer:",5,return len(string),0.0231,0.173645,0.085422,0.088223,7.503,16.4,15.8,0.0,low,True,,84.8,0x40004,True,True
qwen2.5-1.5b-instruct-q8_0.gguf,qwen2.5-1.5B,Q8_0,4,3,gsm8k,gsm8k-4,"Solve the math word problem. End your answer with a line of the form '#### <number>'.
A robe takes 2 bolts of blue fiber and half that much white fiber. How many bolts in total does it take?
Answer:",3,The answer is B,0.038,0.407471,0.140388,0.267083,10.713,16.4,15.8,0.0,low,True,,84.7,0x40004,True,True
qwen2.5-1.5b-instruct-q8_0.gguf,qwen2.5-1.5B,Q8_0,4,3,gsm8k,gsm8k-5,"Solve the math word problem. End your answer with a line of the form '#### <number>'.
James writes a 3-page letter to 2 different friends twice a week. How many pages does he write a year?
Answer:",624,True,0.0623,0.694416,0.230101,0.464316,11.139,16.4,15.8,0.0,low,True,,84.6,0x40004,True,True
qwen2.5-1.5b-instruct-q8_0.gguf,qwen2.5-1.5B,Q8_0,4,3,gsm8k,gsm8k-6,"Solve the math word problem. End your answer with a line of the form '#### <number>'.
A baker made 5 trays of cookies with 12 cookies each. He sold 23 cookies. How many cookies are left?
Answer:",37,The answer is B,0.0283,0.280385,0.104652,0.175733,9.889,16.4,15.8,0.0,low,True,,86.0,0x40004,True,True
qwen2.5-1.5b-instruct-q8_0.gguf,qwen2.5-1.5B,Q8_0,4,3,gsm8k,gsm8k-7,"Solve the math word problem. End your answer with a line of the form '#### <number>'.
Tom has 3 boxes of pencils. Each box has 8 pencils. He gives 5 pencils to his friend. How many pencils does he have now?
Answer:",19,The answer is B,0.0779,0.773764,0.287465,0.486299,9.935,16.4,15.8,0.0,low,True,,85.6,0x40004,True,True
qwen2.5-1.5b-instruct-q8_0.gguf,qwen2.5-1.5B,Q8_0,4,3,gsm8k,gsm8k-8,"Solve the math word problem. End your answer with a line of the form '#### <number>'.
A car travels 60 km per hour. How far does it travel in 2 and a half hours?
Answer:",150,True,0.0319,0.273224,0.117592,0.155632,8.576,16.4,15.8,0.0,low,True,,85.9,0x40004,True,True
qwen2.5-1.5b-instruct-q8_0.gguf,qwen2.5-1.5B,Q8_0,4,3,gsm8k,gsm8k-9,"Solve the math word problem. End your answer with a line of the form '#### <number>'.
Sara buys 4 notebooks at $3 each and 2 pens at $1.50 each. How much does she spend in dollars?
Answer:",15,The answer is B,0.0254,0.218646,0.093742,0.124904,8.609,16.4,15.8,0.0,low,True,,85.3,0x40004,True,True
qwen2.5-1.5b-instruct-q8_0.gguf,qwen2.5-1.5B,Q8_0,4,3,gsm8k,gsm8k-10,"Solve the math word problem. End your answer with a line of the form '#### <number>'.
A class has 28 students. Today 4 are absent. The teacher splits the present students into groups of 4. How many groups are there?
Answer:",6,#### 72,0.0232,0.272068,0.085727,0.186341,11.714,16.4,15.8,0.0,high,False,72.0,86.4,0x40004,True,True
qwen2.5-1.5b-instruct-q8_0.gguf,qwen2.5-1.5B,Q8_0,4,3,gsm8k,gsm8k-11,"Solve the math word problem. End your answer with a line of the form '#### <number>'.
Mark reads 15 pages a day. How many pages does he read in 3 weeks?
Answer:",315,return len(string),0.0549,0.500347,0.202765,0.297582,9.108,16.4,15.8,0.0,low,True,,85.7,0x40004,True,True
qwen2.5-1.5b-instruct-q8_0.gguf,qwen2.5-1.5B,Q8_0,4,3,gsm8k,gsm8k-12,"Solve the math word problem. End your answer with a line of the form '#### <number>'.
A shirt costs $20. It is on sale for 25% off. What is the sale price in dollars?
Answer:",15,The answer is B,0.0365,0.328106,0.134575,0.193531,8.999,16.4,15.8,0.0,low,True,,86.4,0x40004,True,True
qwen2.5-1.5b-instruct-q8_0.gguf,qwen2.5-1.5B,Q8_0,4,3,gsm8k,gsm8k-13,"Solve the math word problem. End your answer with a line of the form '#### <number>'.
There are 12 eggs in a carton. A recipe needs 3 eggs. How many full recipes can you make with 4 cartons?
Answer:",16,#### 72,0.0726,0.629445,0.267968,0.361477,8.67,16.4,15.8,0.0,high,False,72.0,85.9,0x40004,True,True
qwen2.5-1.5b-instruct-q8_0.gguf,qwen2.5-1.5B,Q8_0,4,3,gsm8k,gsm8k-14,"Solve the math word problem. End your answer with a line of the form '#### <number>'.
A gardener plants 6 rows of flowers with 9 flowers in each row. 7 flowers do not survive. How many flowers are left?
Answer:",47,True,0.0527,0.571888,0.194619,0.377269,10.846,16.4,15.8,0.0,low,True,,85.4,0x40004,True,True
qwen2.5-1.5b-instruct-q8_0.gguf,qwen2.5-1.5B,Q8_0,4,3,gsm8k,gsm8k-15,"Solve the math word problem. End your answer with a line of the form '#### <number>'.
John buys 3 packs of water, each with 8 bottles. He drinks 5 bottles. How many bottles remain?
Answer:",19,Yes,0.0417,0.360532,0.153841,0.206691,8.65,16.4,15.8,0.0,low,True,,85.1,0x40004,True,True
qwen2.5-1.5b-instruct-q8_0.gguf,qwen2.5-1.5B,Q8_0,4,3,humaneval,HumanEval-0,"Complete the Python function. Output only the code.
from typing import List


def has_close_elements(numbers: List[float], threshold: float) -> bool:
    """""" Check if in given list of numbers, are any two numbers closer to each other than given threshold.
    >>> has_close_elements([1.0, 2.0, 3.0], 0.5)
    False
    >>> has_close_elements([1.0, 2.8, 3.0, 4.0, 5.0, 2.0], 0.3)
    True
    """"""
","for idx, elem in enumerate(numbers):
    for idx2, elem2 in enumerate(numbers):
        if idx != idx2:
            if abs(elem - elem2) < threshold:
                return True
return False",The answer is B,0.0708,0.579646,0.26123,0.318416,8.19,16.4,15.8,0.0,low,True,fail,84.4,0x40004,True,True
qwen2.5-1.5b-instruct-q8_0.gguf,qwen2.5-1.5B,Q8_0,4,3,humaneval,HumanEval-23,"Complete the Python function. Output only the code.


def strlen(string: str) -> int:
    """""" Return length of given string
    >>> strlen('')
    0
    >>> strlen('abc')
    3
    """"""
",return len(string),#### 72,0.044,0.420509,0.162506,0.258002,9.551,16.4,15.8,0.0,low,True,fail,84.3,0x40004,True,True
qwen2.5-1.5b-instruct-q8_0.gguf,qwen2.5-1.5B,Q8_0,4,3,humaneval,HumanEval-53,"Complete the Python function. Output only the code.


def add(x: int, y: int) -> int:
    """""" Add two numbers x and y
    >>> add(2, 3)
    5
    >>> add(5, 7)
    12
    """"""
",return x + y,True,0.0501,0.523558,0.184835,0.338723,10.455,16.4,15.8,0.0,low,True,fail,83.0,0x40004,True,True
qwen2.5-1.5b-instruct-q8_0.gguf,qwen2.5-1.5B,Q8_0,4,3,humaneval,HumanEval-7,"Complete the Python function. Output only the code.
from typing import List


def filter_by_substring(strings: List[str], substring: str) -> List[str]:
    """""" Filter an input list of strings only for ones that contain given substring
    >>> filter_by_substring([], 'a')
    []
    >>> filter_by_substring(['abc', 'bacd', 'cde', 'array'], 'a')
    ['abc', 'bacd', 'array']
    """"""
",return [x for x in strings if substring in x],"Washington, D.C.",0.0788,0.774217,0.290913,0.483305,9.823,16.4,15.8,0.0,low,True,fail,85.2,0x40004,True,True
qwen2.5-1.5b-instruct-q8_0.gguf,qwen2.5-1.5B,Q8_0,4,3,humaneval,HumanEval-55,"Complete the Python function. Output only the code.


def fib(n: int) -> int:
    """""" Return n-th Fibonacci number.
    >>> fib(10)
    55
    >>> fib(1)
    1
    >>> fib(8)
    21
    """"""
","if n == 0:
    return 0
if n == 1:
    return 1
return fib(n - 1) + fib(n - 2)",#### 72,0.0485,0.451285,0.179126,0.272159,9.299,16.4,15.8,0.0,low,True,fail,86.0,0x40004,True,True
qwen2.5-1.5b-instruct-q8_0.gguf,qwen2.5-1.5B,Q8_0,4,3,humaneval,HumanEval-c1,"Complete the Python function. Output only the code.


def reverse_string(s: str) -> str:
    """""" Return the reversed string.
    >>> reverse_string('abc')
    'cba'
    """"""
",return s[::-1],return len(string),0.0591,0.44558,0.218179,0.227401,7.538,16.4,15.8,0.0,low,True,fail,85.8,0x40004,True,True
qwen2.5-1.5b-instruct-q8_0.gguf,qwen2.5-1.5B,Q8_0,4,3,humaneval,HumanEval-c2,"Complete the Python function. Output only the code.
from typing import List


def sum_list(nums: List[int]) -> int:
    """""" Return the sum of the numbers in the list.
    >>> sum_list([1, 2, 3])
    6
    """"""
",return sum(nums),Yes,0.0531,0.444493,0.195872,0.248621,8.376,16.4,15.8,0.0,low,True,fail,85.3,0x40004,True,True
qwen2.5-1.5b-instruct-q8_0.gguf,qwen2.5-1.5B,Q8_0,4,3,humaneval,HumanEval-c3,"Complete the Python function. Output only the code.


def is_even(n: int) -> bool:
    """""" Return True if n is even, otherwise False.
    >>> is_even(2)
    True
    >>> is_even(3)
    False
    """"""
",return n % 2 == 0,,0.0207,0.186504,0.07625,0.110254,9.028,16.4,15.8,0.0,low,True,fail,85.1,0x40004,True,True
qwen2.5-1.5b-instruct-q8_0.gguf,qwen2.5-1.5B,Q8_0,4,3,humaneval,HumanEval-c4,"Complete the Python function. Output only the code.
from typing import List


def max_element(nums: List[int]) -> int:
    """""" Return the maximum element of the list.
    >>> max_element([1, 5, 3])
    5
    """"""
",return max(nums),#### 72,0.0558,0.53043,0.205869,0.324561,9.51,16.4,15.8,0.0,low,True,fail,85.2,0x40004,True,True
qwen2.5-1.5b-instruct-q8_0.gguf,qwen2.5-1.5B,Q8_0,4,3,humaneval,HumanEval-c5,"Complete the Python function. Output only the code.


def count_vowels(s: str) -> int:
    """""" Return the number of vowels (a, e, i, o, u) in the string, case-insensitive.
    >>> count_vowels('hello')
    2
    """"""
",return sum(1 for ch in s.lower() if ch in 'aeiou'),The answer is B,0.0506,0.480844,0.186762,0.294083,9.503,16.4,15.8,0.0,low,True,fail,86.3,0x40004,True,True
qwen2.5-1.5b-instruct-q8_0.gguf,qwen2.5-1.5B,Q8_0,4,3,humaneval,HumanEval-c6,"Complete the Python function. Output only the code.


def factorial(n: int) -> int:
    """""" Return n! (the factorial of n). factorial(0) == 1.
    >>> factorial(5)
    120
    """"""
","r = 1
for i in range(2, n + 1):
    r *= i
return r",#### 72,0.0278,0.324518,0.102612,0.221905,11.673,16.4,15.8,0.0,low,True,fail,85.9,0x40004,True,True
qwen2.5-1.5b-instruct-q8_0.gguf,qwen2.5-1.5B,Q8_0,4,3,humaneval,HumanEval-c7,"Complete the Python function. Output only the code.


def is_palindrome(s: str) -> bool:
    """""" Return True if the string reads the same forwards and backwards.
    >>> is_palindrome('racecar')
    True
    >>> is_palindrome('hello')
    False
    """"""
",return s == s[::-1],Yes,0.0548,0.496531,0.202396,0.294135,9.055,16.4,15.8,0.0,low,True,fail,85.1,0x40004,True,True
qwen2.5-1.5b-instruct-q8_0.gguf,qwen2.5-1.5B,Q8_0,4,3,humaneval,HumanEval-c8,"Complete the Python function. Output only the code.


def gcd(a: int, b: int) -> int:
    """""" Return the greatest common divisor of a and b.
    >>> gcd(12, 8)
    4
    """"""
","while b:
    a, b = b, a % b
return a",return len(string),0.07,0.5464,0.258261,0.288139,7.809,16.4,15.8,0.0,low,True,fail,85.2,0x40004,True,True
